證券代碼,Data Field,2016/12/30
1101 台泥,CAPM_Beta 一年,1.2093
1102 亞泥,CAPM_Beta 一年,1.096
1103 嘉泥,CAPM_Beta 一年,0.4671
1104 環泥,CAPM_Beta 一年,0.5702
1108 幸福,CAPM_Beta 一年,0.2278
1109 信大,CAPM_Beta 一年,0.2492
1110 東泥,CAPM_Beta 一年,0.4705
1201 味全,CAPM_Beta 一年,0.3878
1203 味王,CAPM_Beta 一年,0.1401
1210 大成,CAPM_Beta 一年,0.5789
1213 大飲,CAPM_Beta 一年,0.3154
1215 卜蜂,CAPM_Beta 一年,0.6163
1216 統一,CAPM_Beta 一年,0.7473
1217 愛之味,CAPM_Beta 一年,0.6935
1218 泰山,CAPM_Beta 一年,0.747
1219 福壽,CAPM_Beta 一年,0.0292
1220 台榮,CAPM_Beta 一年,0.2549
1225 福懋油,CAPM_Beta 一年,0.4852
1227 佳格,CAPM_Beta 一年,0.6274
1229 聯華投控,CAPM_Beta 一年,0.3697
1231 聯華食,CAPM_Beta 一年,0.3473
1232 大統益,CAPM_Beta 一年,0.2276
1233 天仁,CAPM_Beta 一年,0.281
1234 黑松,CAPM_Beta 一年,0.2872
1235 興泰,CAPM_Beta 一年,0.2163
1236 宏亞,CAPM_Beta 一年,0.1052
1240 茂生農經,CAPM_Beta 一年,0
1256 鮮活果汁-KY,CAPM_Beta 一年,1.0106
1258 其祥-KY,CAPM_Beta 一年,0.6761
1259 安心,CAPM_Beta 一年,0.1442
1264 德麥,CAPM_Beta 一年,0.4432
1268 漢來美食,CAPM_Beta 一年,0
1301 台塑,CAPM_Beta 一年,0.8652
1303 南亞,CAPM_Beta 一年,0.9507
1304 台聚,CAPM_Beta 一年,0.8721
1305 華夏,CAPM_Beta 一年,1.0274
1307 三芳,CAPM_Beta 一年,0.6633
1308 亞聚,CAPM_Beta 一年,0.8008
1309 台達化,CAPM_Beta 一年,0.9513
1310 台苯,CAPM_Beta 一年,0.7874
1312 國喬,CAPM_Beta 一年,0.9196
1313 聯成,CAPM_Beta 一年,0.984
1314 中石化,CAPM_Beta 一年,0.9494
1315 達新,CAPM_Beta 一年,0.218
1316 上曜,CAPM_Beta 一年,0.2997
1319 東陽,CAPM_Beta 一年,1.067
1321 大洋,CAPM_Beta 一年,0.375
1323 永裕,CAPM_Beta 一年,0.8317
1324 地球,CAPM_Beta 一年,0.36
1325 恒大,CAPM_Beta 一年,0.0442
1326 台化,CAPM_Beta 一年,1.0198
1333 恩得利,CAPM_Beta 一年,0.6908
1336 台翰,CAPM_Beta 一年,0.4565
1337 再生-KY,CAPM_Beta 一年,1.0774
1338 廣華-KY,CAPM_Beta 一年,0.8374
1339 昭輝,CAPM_Beta 一年,0.6261
1340 勝悅-KY,CAPM_Beta 一年,0.8013
1341 富林-KY,CAPM_Beta 一年,0
1402 遠東新,CAPM_Beta 一年,0.9091
1409 新纖,CAPM_Beta 一年,0.6974
1410 南染,CAPM_Beta 一年,0.194
1413 宏洲,CAPM_Beta 一年,0.1856
1414 東和,CAPM_Beta 一年,0.4789
1416 廣豐,CAPM_Beta 一年,0.3315
1417 嘉裕,CAPM_Beta 一年,0.7169
1418 東華,CAPM_Beta 一年,-0.1117
1419 新紡,CAPM_Beta 一年,0.3992
1423 利華,CAPM_Beta 一年,0.2224
1432 大魯閣,CAPM_Beta 一年,0.4099
1434 福懋,CAPM_Beta 一年,1.0785
1435 中福,CAPM_Beta 一年,0.2976
1436 華友聯,CAPM_Beta 一年,0.1197
1437 勤益控,CAPM_Beta 一年,0.445
1438 裕豐,CAPM_Beta 一年,0.4431
1439 中和,CAPM_Beta 一年,0.62
1440 南紡,CAPM_Beta 一年,0.5012
1441 大東,CAPM_Beta 一年,0.2386
1442 名軒,CAPM_Beta 一年,0.5349
1443 立益,CAPM_Beta 一年,0.1262
1444 力麗,CAPM_Beta 一年,0.5748
1445 大宇,CAPM_Beta 一年,0.3563
1446 宏和,CAPM_Beta 一年,0.5183
1447 力鵬,CAPM_Beta 一年,0.7235
1449 佳和,CAPM_Beta 一年,0.3496
1451 年興,CAPM_Beta 一年,0.3927
1452 宏益,CAPM_Beta 一年,0.8727
1453 大將,CAPM_Beta 一年,0.2727
1454 台富,CAPM_Beta 一年,0.5285
1455 集盛,CAPM_Beta 一年,0.6387
1456 怡華,CAPM_Beta 一年,0.52
1457 宜進,CAPM_Beta 一年,0.6137
1459 聯發,CAPM_Beta 一年,0.6049
1460 宏遠,CAPM_Beta 一年,0.7133
1463 強盛,CAPM_Beta 一年,0.8273
1464 得力,CAPM_Beta 一年,1.0633
1465 偉全,CAPM_Beta 一年,0.278
1466 聚隆,CAPM_Beta 一年,0.503
1467 南緯,CAPM_Beta 一年,0.6486
1468 昶和,CAPM_Beta 一年,0.5698
1470 大統新創,CAPM_Beta 一年,0.2441
1471 首利,CAPM_Beta 一年,0.9311
1472 三洋紡,CAPM_Beta 一年,0.9651
1473 台南,CAPM_Beta 一年,0.6649
1474 弘裕,CAPM_Beta 一年,0.6711
1475 本盟,CAPM_Beta 一年,0.2326
1476 儒鴻,CAPM_Beta 一年,1.6268
1477 聚陽,CAPM_Beta 一年,0.8835
1503 士電,CAPM_Beta 一年,0.206
1504 東元,CAPM_Beta 一年,1.2245
1506 正道,CAPM_Beta 一年,0.523
1507 永大,CAPM_Beta 一年,0.524
1512 瑞利,CAPM_Beta 一年,0.8746
1513 中興電,CAPM_Beta 一年,0.3269
1514 亞力,CAPM_Beta 一年,0.5374
1515 力山,CAPM_Beta 一年,0.4156
1516 川飛,CAPM_Beta 一年,0.9268
1517 利奇,CAPM_Beta 一年,0.2444
1519 華城,CAPM_Beta 一年,0.7559
1521 大億,CAPM_Beta 一年,0.7058
1522 堤維西,CAPM_Beta 一年,1.2194
1524 耿鼎,CAPM_Beta 一年,1.0503
1525 江申,CAPM_Beta 一年,1.4143
1526 日馳,CAPM_Beta 一年,0.6758
1527 鑽全,CAPM_Beta 一年,0.9123
1528 恩德,CAPM_Beta 一年,0.8801
1529 樂士,CAPM_Beta 一年,-0.233
1530 亞崴,CAPM_Beta 一年,0.5239
1531 高林股,CAPM_Beta 一年,0.292
1532 勤美,CAPM_Beta 一年,0.5514
1533 車王電,CAPM_Beta 一年,1.0941
1535 中宇,CAPM_Beta 一年,0.49
1536 和大,CAPM_Beta 一年,0.9127
1537 廣隆,CAPM_Beta 一年,0.4228
1538 正峰新,CAPM_Beta 一年,1.021
1539 巨庭,CAPM_Beta 一年,1.0866
1540 喬福,CAPM_Beta 一年,0.4108
1541 錩泰,CAPM_Beta 一年,1.1966
1558 伸興,CAPM_Beta 一年,0.4453
1560 中砂,CAPM_Beta 一年,0.7824
1565 精華,CAPM_Beta 一年,0.9136
1568 倉佑,CAPM_Beta 一年,1.3631
1569 濱川,CAPM_Beta 一年,0.987
1570 力肯,CAPM_Beta 一年,0.8222
1580 新麥,CAPM_Beta 一年,1.0497
1582 信錦,CAPM_Beta 一年,0.5911
1583 程泰,CAPM_Beta 一年,0.6854
1584 精剛,CAPM_Beta 一年,0.8275
1586 和勤,CAPM_Beta 一年,0.2394
1587 吉茂,CAPM_Beta 一年,0
1589 永冠-KY,CAPM_Beta 一年,0.6421
1590 亞德客-KY,CAPM_Beta 一年,1.1941
1591 駿吉-KY,CAPM_Beta 一年,0.4985
1592 英瑞-KY,CAPM_Beta 一年,0.9107
1593 祺驊,CAPM_Beta 一年,0.4971
1595 川寶,CAPM_Beta 一年,0.5968
1597 直得,CAPM_Beta 一年,1.2734
1598 岱宇,CAPM_Beta 一年,1.3693
1599 宏佳騰,CAPM_Beta 一年,1.329
1603 華電,CAPM_Beta 一年,0.4818
1604 聲寶,CAPM_Beta 一年,0.42
1605 華新,CAPM_Beta 一年,0.9787
1608 華榮,CAPM_Beta 一年,0.5519
1609 大亞,CAPM_Beta 一年,0.6259
1611 中電,CAPM_Beta 一年,0.9646
1612 宏泰,CAPM_Beta 一年,0.2878
1614 三洋電,CAPM_Beta 一年,0.4516
1615 大山,CAPM_Beta 一年,0.2566
1616 億泰,CAPM_Beta 一年,0.2185
1617 榮星,CAPM_Beta 一年,0.1184
1618 合機,CAPM_Beta 一年,0.4648
1626 艾美特-KY,CAPM_Beta 一年,0.3947
1701 中化,CAPM_Beta 一年,0.4809
1702 南僑,CAPM_Beta 一年,0.5476
1707 葡萄王,CAPM_Beta 一年,1.0053
1708 東鹼,CAPM_Beta 一年,0.6779
1709 和益,CAPM_Beta 一年,0.453
1710 東聯,CAPM_Beta 一年,0.7603
1711 永光,CAPM_Beta 一年,0.706
1712 興農,CAPM_Beta 一年,0.3725
1713 國化,CAPM_Beta 一年,0.1423
1714 和桐,CAPM_Beta 一年,0.7863
1717 長興,CAPM_Beta 一年,0.2428
1718 中纖,CAPM_Beta 一年,0.8531
1720 生達,CAPM_Beta 一年,0.752
1721 三晃,CAPM_Beta 一年,0.5857
1722 台肥,CAPM_Beta 一年,0.6736
1723 中碳,CAPM_Beta 一年,0.4945
1724 台硝,CAPM_Beta 一年,0.5219
1725 元禎,CAPM_Beta 一年,0.2423
1726 永記,CAPM_Beta 一年,0.2453
1727 中華化,CAPM_Beta 一年,0.3923
1730 花仙子,CAPM_Beta 一年,0.3397
1731 美吾華,CAPM_Beta 一年,0.5478
1732 毛寶,CAPM_Beta 一年,0.0317
1733 五鼎,CAPM_Beta 一年,0.8459
1734 杏輝,CAPM_Beta 一年,0.706
1735 日勝化,CAPM_Beta 一年,0.2438
1736 喬山,CAPM_Beta 一年,0.7773
1737 臺鹽,CAPM_Beta 一年,0.6486
1742 台蠟,CAPM_Beta 一年,0.2314
1752 南光,CAPM_Beta 一年,1.1646
1760 寶齡富錦,CAPM_Beta 一年,0
1762 中化生,CAPM_Beta 一年,1.0457
1773 勝一,CAPM_Beta 一年,0.3746
1776 展宇,CAPM_Beta 一年,0.515
1777 生泰,CAPM_Beta 一年,0.5468
1781 合世,CAPM_Beta 一年,1.0788
1783 和康生,CAPM_Beta 一年,1.0855
1784 訊聯,CAPM_Beta 一年,1.2338
1785 光洋科,CAPM_Beta 一年,0
1786 科妍,CAPM_Beta 一年,0.9155
1787 福盈科,CAPM_Beta 一年,0.6423
1788 杏昌,CAPM_Beta 一年,0.3701
1789 神隆,CAPM_Beta 一年,1.1542
1795 美時,CAPM_Beta 一年,1.1302
1796 金穎生技,CAPM_Beta 一年,0
1799 易威,CAPM_Beta 一年,0.9448
1802 台玻,CAPM_Beta 一年,1.0653
1805 寶徠,CAPM_Beta 一年,0.2978
1806 冠軍,CAPM_Beta 一年,0.3912
1808 潤隆,CAPM_Beta 一年,0.4906
1809 中釉,CAPM_Beta 一年,0.4973
1810 和成,CAPM_Beta 一年,0.5728
1813 寶利徠,CAPM_Beta 一年,0.4665
1815 富喬,CAPM_Beta 一年,1.0034
1817 凱撒衛,CAPM_Beta 一年,0.4611
1902 台紙,CAPM_Beta 一年,0.3084
1903 士紙,CAPM_Beta 一年,0.555
1904 正隆,CAPM_Beta 一年,0.3011
1905 華紙,CAPM_Beta 一年,0.4035
1906 寶隆,CAPM_Beta 一年,0.7971
1907 永豐餘,CAPM_Beta 一年,0.5947
1909 榮成,CAPM_Beta 一年,0.4493
2002 中鋼,CAPM_Beta 一年,1.0266
2006 東和鋼鐵,CAPM_Beta 一年,0.5992
2007 燁興,CAPM_Beta 一年,0.7424
2008 高興昌,CAPM_Beta 一年,0.6091
2009 第一銅,CAPM_Beta 一年,0.6166
2010 春源,CAPM_Beta 一年,0.5387
2012 春雨,CAPM_Beta 一年,0.2408
2013 中鋼構,CAPM_Beta 一年,0.7016
2014 中鴻,CAPM_Beta 一年,1.1571
2015 豐興,CAPM_Beta 一年,0.4865
2017 官田鋼,CAPM_Beta 一年,0.6668
2020 美亞,CAPM_Beta 一年,0.2736
2022 聚亨,CAPM_Beta 一年,0.8089
2023 燁輝,CAPM_Beta 一年,0.8396
2024 志聯,CAPM_Beta 一年,0.4745
2025 千興,CAPM_Beta 一年,0.5624
2027 大成鋼,CAPM_Beta 一年,0.6124
2028 威致,CAPM_Beta 一年,0.019
2029 盛餘,CAPM_Beta 一年,0.5987
2030 彰源,CAPM_Beta 一年,0.5562
2031 新光鋼,CAPM_Beta 一年,0.7648
2032 新鋼,CAPM_Beta 一年,0.7895
2033 佳大,CAPM_Beta 一年,0.3742
2034 允強,CAPM_Beta 一年,0.8151
2035 唐榮,CAPM_Beta 一年,0.2284
2038 海光,CAPM_Beta 一年,0.3132
2049 上銀,CAPM_Beta 一年,1.4046
2059 川湖,CAPM_Beta 一年,0.6384
2061 風青,CAPM_Beta 一年,0.204
2062 橋椿,CAPM_Beta 一年,0.6595
2063 世鎧,CAPM_Beta 一年,0.2619
2064 晉椿,CAPM_Beta 一年,0.2156
2065 世豐,CAPM_Beta 一年,0
2066 世德,CAPM_Beta 一年,0.5141
2067 嘉鋼,CAPM_Beta 一年,0.1924
2069 運錩,CAPM_Beta 一年,0.3468
2070 精湛,CAPM_Beta 一年,0
2101 南港,CAPM_Beta 一年,0.6376
2102 泰豐,CAPM_Beta 一年,0.5519
2103 台橡,CAPM_Beta 一年,1.1891
2104 國際中橡,CAPM_Beta 一年,0.712
2105 正新,CAPM_Beta 一年,0.8548
2106 建大,CAPM_Beta 一年,0.6069
2107 厚生,CAPM_Beta 一年,0.6731
2108 南帝,CAPM_Beta 一年,0.7887
2109 華豐,CAPM_Beta 一年,0.4518
2114 鑫永銓,CAPM_Beta 一年,0.3256
2115 六暉-KY,CAPM_Beta 一年,0.7086
2201 裕隆,CAPM_Beta 一年,0.8969
2204 中華,CAPM_Beta 一年,0.4442
2206 三陽工業,CAPM_Beta 一年,0.3102
2207 和泰車,CAPM_Beta 一年,1.3022
2208 台船,CAPM_Beta 一年,0.3565
2221 大甲,CAPM_Beta 一年,0.6863
2227 裕日車,CAPM_Beta 一年,0.7415
2228 劍麟,CAPM_Beta 一年,0.76
2230 泰茂,CAPM_Beta 一年,0.7185
2231 為升,CAPM_Beta 一年,0.8567
2233 宇隆,CAPM_Beta 一年,0.9426
2235 謚源,CAPM_Beta 一年,0.5655
2236 百達-KY,CAPM_Beta 一年,1.465
2239 英利-KY,CAPM_Beta 一年,0.6464
2243 宏旭-KY,CAPM_Beta 一年,0
2301 光寶科,CAPM_Beta 一年,1.0215
2302 麗正,CAPM_Beta 一年,0.7683
2303 聯電,CAPM_Beta 一年,0.8116
2305 全友,CAPM_Beta 一年,0.8862
2308 台達電,CAPM_Beta 一年,1.4006
2312 金寶,CAPM_Beta 一年,0.8055
2313 華通,CAPM_Beta 一年,1.2736
2314 台揚,CAPM_Beta 一年,1.4439
2316 楠梓電,CAPM_Beta 一年,1.0631
2317 鴻海,CAPM_Beta 一年,1.0996
2321 東訊,CAPM_Beta 一年,-0.0072
2323 中環,CAPM_Beta 一年,0.8675
2324 仁寶,CAPM_Beta 一年,0.9264
2327 國巨,CAPM_Beta 一年,0.4959
2328 廣宇,CAPM_Beta 一年,1.5443
2329 華泰,CAPM_Beta 一年,0.8217
2330 台積電,CAPM_Beta 一年,1.2925
2331 精英,CAPM_Beta 一年,0.685
2332 友訊,CAPM_Beta 一年,0.8164
2337 旺宏,CAPM_Beta 一年,0.8976
2338 光罩,CAPM_Beta 一年,0.4508
2340 光磊,CAPM_Beta 一年,0.7729
2342 茂矽,CAPM_Beta 一年,-0.0111
2344 華邦電,CAPM_Beta 一年,0.8365
2345 智邦,CAPM_Beta 一年,1.0029
2347 聯強,CAPM_Beta 一年,0.9605
2348 海悅,CAPM_Beta 一年,-0.0072
2349 錸德,CAPM_Beta 一年,1.0171
2351 順德,CAPM_Beta 一年,1.1678
2352 佳世達,CAPM_Beta 一年,1.0134
2353 宏碁,CAPM_Beta 一年,1.3663
2354 鴻準,CAPM_Beta 一年,1.2773
2355 敬鵬,CAPM_Beta 一年,1.0318
2356 英業達,CAPM_Beta 一年,1.0414
2357 華碩,CAPM_Beta 一年,0.8752
2358 廷鑫,CAPM_Beta 一年,0.4541
2359 所羅門,CAPM_Beta 一年,0.7743
2360 致茂,CAPM_Beta 一年,0.6993
2362 藍天,CAPM_Beta 一年,0.7702
2363 矽統,CAPM_Beta 一年,0.6022
2364 倫飛,CAPM_Beta 一年,0.4712
2365 昆盈,CAPM_Beta 一年,0.6155
2367 燿華,CAPM_Beta 一年,0.7576
2368 金像電,CAPM_Beta 一年,1.5142
2369 菱生,CAPM_Beta 一年,0.9732
2371 大同,CAPM_Beta 一年,0.9659
2373 震旦行,CAPM_Beta 一年,0.316
2374 佳能,CAPM_Beta 一年,0.7681
2375 智寶,CAPM_Beta 一年,0.5046
2376 技嘉,CAPM_Beta 一年,0.7987
2377 微星,CAPM_Beta 一年,0.9986
2379 瑞昱,CAPM_Beta 一年,1.1366
2380 虹光,CAPM_Beta 一年,0.4953
2382 廣達,CAPM_Beta 一年,1.1914
2383 台光電,CAPM_Beta 一年,0.8737
2385 群光,CAPM_Beta 一年,0.9944
2387 精元,CAPM_Beta 一年,0.7716
2388 威盛,CAPM_Beta 一年,0.7668
2390 云辰,CAPM_Beta 一年,1.3896
2392 正崴,CAPM_Beta 一年,0.7012
2393 億光,CAPM_Beta 一年,0.9041
2395 研華,CAPM_Beta 一年,0.8474
2397 友通,CAPM_Beta 一年,0.8724
2399 映泰,CAPM_Beta 一年,0.4476
2401 凌陽,CAPM_Beta 一年,1.0616
2402 毅嘉,CAPM_Beta 一年,1.1692
2404 漢唐,CAPM_Beta 一年,0.666
2405 浩鑫,CAPM_Beta 一年,0.7943
2406 國碩,CAPM_Beta 一年,1.2592
2408 南亞科,CAPM_Beta 一年,0.8144
2409 友達,CAPM_Beta 一年,1.2131
2412 中華電,CAPM_Beta 一年,0.3529
2413 環科,CAPM_Beta 一年,1.0073
2414 精技,CAPM_Beta 一年,0.3287
2415 錩新,CAPM_Beta 一年,1.1193
2417 圓剛,CAPM_Beta 一年,0.6186
2419 仲琦,CAPM_Beta 一年,0.7634
2420 新巨,CAPM_Beta 一年,0.8012
2421 建準,CAPM_Beta 一年,0.9712
2423 固緯,CAPM_Beta 一年,0.4188
2424 隴華,CAPM_Beta 一年,0.3412
2425 承啟,CAPM_Beta 一年,0.3678
2426 鼎元,CAPM_Beta 一年,0.9842
2427 三商電,CAPM_Beta 一年,0.5615
2428 興勤,CAPM_Beta 一年,0.959
2429 銘旺科,CAPM_Beta 一年,-0.589
2430 燦坤,CAPM_Beta 一年,0.449
2431 聯昌,CAPM_Beta 一年,1.1265
2433 互盛電,CAPM_Beta 一年,0.2504
2434 統懋,CAPM_Beta 一年,0.2706
2436 偉詮電,CAPM_Beta 一年,1.561
2438 翔耀,CAPM_Beta 一年,0.2676
2439 美律,CAPM_Beta 一年,1.5299
2440 太空梭,CAPM_Beta 一年,0.4763
2441 超豐,CAPM_Beta 一年,0.6413
2442 新美齊,CAPM_Beta 一年,0.7865
2443 億麗,CAPM_Beta 一年,0.4541
2444 兆勁,CAPM_Beta 一年,1.3566
2448 晶電,CAPM_Beta 一年,1.1084
2449 京元電子,CAPM_Beta 一年,0.6539
2450 神腦,CAPM_Beta 一年,0.3707
2451 創見,CAPM_Beta 一年,0.8184
2453 凌群,CAPM_Beta 一年,0.6123
2454 聯發科,CAPM_Beta 一年,1.5137
2455 全新,CAPM_Beta 一年,0.7555
2456 奇力新,CAPM_Beta 一年,1.0599
2457 飛宏,CAPM_Beta 一年,1.1643
2458 義隆,CAPM_Beta 一年,1.0195
2459 敦吉,CAPM_Beta 一年,0.4657
2460 建通,CAPM_Beta 一年,0.4247
2461 光群雷,CAPM_Beta 一年,0.6662
2462 良得電,CAPM_Beta 一年,0.6007
2464 盟立,CAPM_Beta 一年,0.8277
2465 麗臺,CAPM_Beta 一年,0.6903
2466 冠西電,CAPM_Beta 一年,0.1791
2467 志聖,CAPM_Beta 一年,0.4608
2468 華經,CAPM_Beta 一年,0.3441
2471 資通,CAPM_Beta 一年,0.4529
2472 立隆電,CAPM_Beta 一年,1.0338
2474 可成,CAPM_Beta 一年,1.8734
2476 鉅祥,CAPM_Beta 一年,0.5629
2477 美隆電,CAPM_Beta 一年,0.682
2478 大毅,CAPM_Beta 一年,0.4362
2480 敦陽科,CAPM_Beta 一年,0.4357
2481 強茂,CAPM_Beta 一年,1.1674
2482 連宇,CAPM_Beta 一年,1.051
2483 百容,CAPM_Beta 一年,0.5326
2484 希華,CAPM_Beta 一年,1.138
2485 兆赫,CAPM_Beta 一年,0.9404
2486 一詮,CAPM_Beta 一年,0.7391
2488 漢平,CAPM_Beta 一年,0.8165
2489 瑞軒,CAPM_Beta 一年,0.5226
2491 吉祥全,CAPM_Beta 一年,0.6328
2492 華新科,CAPM_Beta 一年,1.3088
2493 揚博,CAPM_Beta 一年,0.4462
2495 普安,CAPM_Beta 一年,0.5588
2496 卓越,CAPM_Beta 一年,-0.0473
2497 怡利電,CAPM_Beta 一年,0.7083
2498 宏達電,CAPM_Beta 一年,1.6814
2499 東貝,CAPM_Beta 一年,0.9999
2501 國建,CAPM_Beta 一年,0.5608
2504 國產,CAPM_Beta 一年,0.6003
2505 國揚,CAPM_Beta 一年,0.3984
2506 太設,CAPM_Beta 一年,0.0896
2509 全坤建,CAPM_Beta 一年,0.2189
2511 太子,CAPM_Beta 一年,0.6132
2514 龍邦,CAPM_Beta 一年,0.2035
2515 中工,CAPM_Beta 一年,0.7177
2516 新建,CAPM_Beta 一年,0.4139
2520 冠德,CAPM_Beta 一年,0.8517
2524 京城,CAPM_Beta 一年,0.2777
2527 宏璟,CAPM_Beta 一年,0.506
2528 皇普,CAPM_Beta 一年,0.4493
2530 華建,CAPM_Beta 一年,0.2071
2534 宏盛,CAPM_Beta 一年,0.6502
2535 達欣工,CAPM_Beta 一年,0.4437
2536 宏普,CAPM_Beta 一年,0.4386
2537 聯上發,CAPM_Beta 一年,0.372
2538 基泰,CAPM_Beta 一年,0.6588
2539 櫻花建,CAPM_Beta 一年,0.3301
2540 愛山林,CAPM_Beta 一年,0.4584
2542 興富發,CAPM_Beta 一年,0.9634
2543 皇昌,CAPM_Beta 一年,0.2585
2545 皇翔,CAPM_Beta 一年,0.8526
2546 根基,CAPM_Beta 一年,0.3319
2547 日勝生,CAPM_Beta 一年,0.519
2548 華固,CAPM_Beta 一年,0.6577
2596 綠意,CAPM_Beta 一年,0.25
2597 潤弘,CAPM_Beta 一年,0.3791
2601 益航,CAPM_Beta 一年,0.7463
2603 長榮,CAPM_Beta 一年,0.9443
2605 新興,CAPM_Beta 一年,0.5443
2606 裕民,CAPM_Beta 一年,0.6975
2607 榮運,CAPM_Beta 一年,0.4159
2608 嘉里大榮,CAPM_Beta 一年,0.2353
2609 陽明,CAPM_Beta 一年,0.7162
2610 華航,CAPM_Beta 一年,0.6202
2611 志信,CAPM_Beta 一年,0.3203
2612 中航,CAPM_Beta 一年,0.6586
2613 中櫃,CAPM_Beta 一年,0.2188
2614 東森,CAPM_Beta 一年,0.9371
2615 萬海,CAPM_Beta 一年,0.7392
2616 山隆,CAPM_Beta 一年,0.136
2617 台航,CAPM_Beta 一年,0.6361
2618 長榮航,CAPM_Beta 一年,0.5678
2630 亞航,CAPM_Beta 一年,0
2633 台灣高鐵,CAPM_Beta 一年,-0.3743
2634 漢翔,CAPM_Beta 一年,0.5289
2636 台驊投控,CAPM_Beta 一年,0
2637 慧洋-KY,CAPM_Beta 一年,0.1731
2640 大車隊,CAPM_Beta 一年,0.7848
2641 正德,CAPM_Beta 一年,0.4772
2642 宅配通,CAPM_Beta 一年,0.6462
2643 捷迅,CAPM_Beta 一年,0.5143
2701 萬企,CAPM_Beta 一年,0.2708
2702 華園,CAPM_Beta 一年,0.3358
2704 國賓,CAPM_Beta 一年,0.286
2705 六福,CAPM_Beta 一年,0.495
2706 第一店,CAPM_Beta 一年,0.2199
2707 晶華,CAPM_Beta 一年,0.1385
2712 遠雄來,CAPM_Beta 一年,0.2786
2718 晶悅,CAPM_Beta 一年,0.147
2719 燦星旅,CAPM_Beta 一年,0.4667
2722 夏都,CAPM_Beta 一年,0.0566
2723 美食-KY,CAPM_Beta 一年,0.6429
2724 富驛-KY,CAPM_Beta 一年,0.2236
2726 雅茗-KY,CAPM_Beta 一年,0.1467
2727 王品,CAPM_Beta 一年,0.8974
2729 瓦城,CAPM_Beta 一年,0.3549
2731 雄獅,CAPM_Beta 一年,0.8661
2732 六角,CAPM_Beta 一年,0.5787
2734 易飛網,CAPM_Beta 一年,0.8524
2736 高野,CAPM_Beta 一年,0.2423
2739 寒舍,CAPM_Beta 一年,0.2983
2740 天蔥,CAPM_Beta 一年,0.5189
2745 五福,CAPM_Beta 一年,0
2748 雲品,CAPM_Beta 一年,0
2752 豆府,CAPM_Beta 一年,0
2801 彰銀,CAPM_Beta 一年,0.7744
2809 京城銀,CAPM_Beta 一年,0.7987
2812 台中銀,CAPM_Beta 一年,0.4059
2816 旺旺保,CAPM_Beta 一年,0.7757
2820 華票,CAPM_Beta 一年,0.1276
2823 中壽,CAPM_Beta 一年,1.0607
2832 台產,CAPM_Beta 一年,0.328
2834 臺企銀,CAPM_Beta 一年,0.6486
2836 高雄銀,CAPM_Beta 一年,0.4275
2838 聯邦銀,CAPM_Beta 一年,0.4263
2841 台開,CAPM_Beta 一年,0.3813
2845 遠東銀,CAPM_Beta 一年,0.4418
2849 安泰銀,CAPM_Beta 一年,0.7956
2850 新產,CAPM_Beta 一年,0.3501
2851 中再保,CAPM_Beta 一年,0.1936
2852 第一保,CAPM_Beta 一年,0.3664
2855 統一證,CAPM_Beta 一年,0.9801
2867 三商壽,CAPM_Beta 一年,0.5849
2880 華南金,CAPM_Beta 一年,0.785
2881 富邦金,CAPM_Beta 一年,1.2691
2882 國泰金,CAPM_Beta 一年,1.3729
2883 開發金,CAPM_Beta 一年,1.0656
2884 玉山金,CAPM_Beta 一年,0.9471
2885 元大金,CAPM_Beta 一年,1.1931
2886 兆豐金,CAPM_Beta 一年,0.8764
2887 台新金,CAPM_Beta 一年,0.9617
2888 新光金,CAPM_Beta 一年,1.1139
2889 國票金,CAPM_Beta 一年,0.4984
2890 永豐金,CAPM_Beta 一年,1.0457
2891 中信金,CAPM_Beta 一年,1.0225
2892 第一金,CAPM_Beta 一年,0.621
2897 王道銀行,CAPM_Beta 一年,0
2901 欣欣,CAPM_Beta 一年,0.2906
2903 遠百,CAPM_Beta 一年,0.6403
2904 匯僑,CAPM_Beta 一年,0.1422
2905 三商,CAPM_Beta 一年,0.6394
2906 高林,CAPM_Beta 一年,0.2123
2908 特力,CAPM_Beta 一年,0.2869
2910 統領,CAPM_Beta 一年,0.3619
2911 麗嬰房,CAPM_Beta 一年,0.7574
2912 統一超,CAPM_Beta 一年,0.7398
2913 農林,CAPM_Beta 一年,0.5615
2915 潤泰全,CAPM_Beta 一年,1.2545
2916 滿心,CAPM_Beta 一年,0.3307
2923 鼎固-KY,CAPM_Beta 一年,0.8422
2924 東凌-KY,CAPM_Beta 一年,0.0257
2926 誠品生活,CAPM_Beta 一年,0.5121
2928 紅馬-KY,CAPM_Beta 一年,0.4366
2929 淘帝-KY,CAPM_Beta 一年,1.3421
2936 客思達-KY,CAPM_Beta 一年,0.8086
2937 集雅社,CAPM_Beta 一年,0
2939 凱羿-KY,CAPM_Beta 一年,0
3002 歐格,CAPM_Beta 一年,0.1713
3003 健和興,CAPM_Beta 一年,1.0585
3004 豐達科,CAPM_Beta 一年,0.9676
3005 神基,CAPM_Beta 一年,1.0183
3006 晶豪科,CAPM_Beta 一年,1.2541
3008 大立光,CAPM_Beta 一年,1.9101
3010 華立,CAPM_Beta 一年,0.4535
3011 今皓,CAPM_Beta 一年,0.6216
3013 晟銘電,CAPM_Beta 一年,1.1897
3014 聯陽,CAPM_Beta 一年,0.9518
3015 全漢,CAPM_Beta 一年,0.6058
3016 嘉晶,CAPM_Beta 一年,1.4522
3017 奇鋐,CAPM_Beta 一年,1.1617
3018 同開,CAPM_Beta 一年,0.0662
3019 亞光,CAPM_Beta 一年,1.1852
3021 鴻名,CAPM_Beta 一年,0.4198
3022 威強電,CAPM_Beta 一年,0.5799
3023 信邦,CAPM_Beta 一年,0.6168
3024 憶聲,CAPM_Beta 一年,0.851
3025 星通,CAPM_Beta 一年,0.7012
3026 禾伸堂,CAPM_Beta 一年,0.419
3027 盛達,CAPM_Beta 一年,0.2139
3028 增你強,CAPM_Beta 一年,0.2306
3029 零壹,CAPM_Beta 一年,0.8739
3030 德律,CAPM_Beta 一年,0.7288
3031 佰鴻,CAPM_Beta 一年,0.8815
3032 偉訓,CAPM_Beta 一年,1.3118
3033 威健,CAPM_Beta 一年,0.2159
3034 聯詠,CAPM_Beta 一年,1.2048
3035 智原,CAPM_Beta 一年,1.1905
3036 文曄,CAPM_Beta 一年,0.5998
3037 欣興,CAPM_Beta 一年,1.0767
3038 全台,CAPM_Beta 一年,1.0141
3040 遠見,CAPM_Beta 一年,0.2018
3041 揚智,CAPM_Beta 一年,1.4988
3042 晶技,CAPM_Beta 一年,0.8624
3043 科風,CAPM_Beta 一年,0.6253
3044 健鼎,CAPM_Beta 一年,0.4817
3045 台灣大,CAPM_Beta 一年,0.5457
3046 建碁,CAPM_Beta 一年,0.3788
3047 訊舟,CAPM_Beta 一年,0.6718
3048 益登,CAPM_Beta 一年,0.7574
3049 和鑫,CAPM_Beta 一年,0.9351
3050 鈺德,CAPM_Beta 一年,0.7757
3051 力特,CAPM_Beta 一年,1.0374
3052 夆典,CAPM_Beta 一年,0.1184
3054 立萬利,CAPM_Beta 一年,0.3262
3055 蔚華科,CAPM_Beta 一年,0.9197
3056 總太,CAPM_Beta 一年,0.5857
3057 喬鼎,CAPM_Beta 一年,1.1126
3058 立德,CAPM_Beta 一年,0.5267
3059 華晶科,CAPM_Beta 一年,1.1985
3060 銘異,CAPM_Beta 一年,1.2269
3062 建漢,CAPM_Beta 一年,0.9767
3064 泰偉,CAPM_Beta 一年,1.1836
3066 李洲,CAPM_Beta 一年,0.2011
3067 全域,CAPM_Beta 一年,0.2462
3071 協禧,CAPM_Beta 一年,0.5185
3073 凱柏實業,CAPM_Beta 一年,0.642
3078 僑威,CAPM_Beta 一年,1.485
3081 聯亞,CAPM_Beta 一年,1.4505
3083 網龍,CAPM_Beta 一年,1.4074
3085 新零售,CAPM_Beta 一年,0.0972
3086 華義,CAPM_Beta 一年,0.7408
3088 艾訊,CAPM_Beta 一年,1.0526
3089 元炬,CAPM_Beta 一年,0.6132
3090 日電貿,CAPM_Beta 一年,0.3636
3092 鴻碩,CAPM_Beta 一年,1.5805
3093 港建,CAPM_Beta 一年,0.3718
3094 聯傑,CAPM_Beta 一年,1.1634
3095 及成,CAPM_Beta 一年,0.8969
3105 穩懋,CAPM_Beta 一年,1.1345
3114 好德,CAPM_Beta 一年,0.2808
3115 寶島極,CAPM_Beta 一年,0.1309
3118 進階,CAPM_Beta 一年,0.7857
3122 笙泉,CAPM_Beta 一年,1.2696
3128 昇銳,CAPM_Beta 一年,0.6052
3130 一零四,CAPM_Beta 一年,0.248
3131 弘塑,CAPM_Beta 一年,1.3068
3141 晶宏,CAPM_Beta 一年,2.0153
3144 新揚科,CAPM_Beta 一年,0.4543
3147 大綜,CAPM_Beta 一年,0
3149 正達,CAPM_Beta 一年,1.1046
3152 璟德,CAPM_Beta 一年,1.3742
3162 精確,CAPM_Beta 一年,0.2464
3163 波若威,CAPM_Beta 一年,1.9871
3164 景岳,CAPM_Beta 一年,0.6946
3167 大量,CAPM_Beta 一年,0.761
3169 亞信,CAPM_Beta 一年,0.7791
3171 新洲,CAPM_Beta 一年,0.1835
3176 基亞,CAPM_Beta 一年,1.6225
3178 公準,CAPM_Beta 一年,0
3188 鑫龍騰,CAPM_Beta 一年,0.2826
3189 景碩,CAPM_Beta 一年,1.0919
3191 和進,CAPM_Beta 一年,0.3689
3202 樺晟,CAPM_Beta 一年,0.8573
3205 佰研,CAPM_Beta 一年,1.6262
3206 志豐,CAPM_Beta 一年,0.9838
3207 耀勝,CAPM_Beta 一年,0.4045
3209 全科,CAPM_Beta 一年,0.5091
3211 順達,CAPM_Beta 一年,0.7057
3213 茂訊,CAPM_Beta 一年,0.4828
3217 優群,CAPM_Beta 一年,0.662
3218 大學光,CAPM_Beta 一年,0.741
3219 倚強股份,CAPM_Beta 一年,0.4724
3221 台嘉碩,CAPM_Beta 一年,1.3486
3224 三顧,CAPM_Beta 一年,1.0672
3226 至寶電,CAPM_Beta 一年,0.2348
3227 原相,CAPM_Beta 一年,1.3186
3228 金麗科,CAPM_Beta 一年,0.7938
3229 晟鈦,CAPM_Beta 一年,0.8144
3230 錦明,CAPM_Beta 一年,0.552
3231 緯創,CAPM_Beta 一年,1.1157
3232 昱捷,CAPM_Beta 一年,1.1248
3234 光環,CAPM_Beta 一年,1.5047
3236 千如,CAPM_Beta 一年,1.3809
3252 海灣,CAPM_Beta 一年,0.7135
3257 虹冠電,CAPM_Beta 一年,0.6066
3259 鑫創,CAPM_Beta 一年,0.5832
3260 威剛,CAPM_Beta 一年,1.0197
3264 欣銓,CAPM_Beta 一年,0.9992
3265 台星科,CAPM_Beta 一年,1.4834
3266 昇陽,CAPM_Beta 一年,0.4361
3268 海德威,CAPM_Beta 一年,0.6799
3272 東碩,CAPM_Beta 一年,1.766
3276 宇環,CAPM_Beta 一年,1.0811
3284 太普高,CAPM_Beta 一年,0.4435
3285 微端,CAPM_Beta 一年,0.9215
3287 廣寰科,CAPM_Beta 一年,0.3584
3288 點晶,CAPM_Beta 一年,0.4805
3289 宜特,CAPM_Beta 一年,1.1725
3290 東浦,CAPM_Beta 一年,0.3149
3293 鈊象,CAPM_Beta 一年,1.8355
3294 英濟,CAPM_Beta 一年,0.5964
3296 勝德,CAPM_Beta 一年,0.5813
3297 杭特,CAPM_Beta 一年,0.4965
3303 岱稜,CAPM_Beta 一年,0.6792
3305 昇貿,CAPM_Beta 一年,0.5958
3306 鼎天,CAPM_Beta 一年,0.8073
3308 聯德,CAPM_Beta 一年,0.8318
3310 佳穎,CAPM_Beta 一年,0.1306
3311 閎暉,CAPM_Beta 一年,0.9029
3312 弘憶股,CAPM_Beta 一年,0.5255
3313 斐成,CAPM_Beta 一年,1.2922
3317 尼克森,CAPM_Beta 一年,1.04
3321 同泰,CAPM_Beta 一年,0.6895
3322 建舜電,CAPM_Beta 一年,0.852
3323 加百裕,CAPM_Beta 一年,0.486
3324 雙鴻,CAPM_Beta 一年,1.5374
3325 旭品,CAPM_Beta 一年,1.2287
3332 幸康,CAPM_Beta 一年,0.1391
3338 泰碩,CAPM_Beta 一年,0.9526
3339 泰谷,CAPM_Beta 一年,0.4553
3346 麗清,CAPM_Beta 一年,0
3354 律勝,CAPM_Beta 一年,0.0038
3356 奇偶,CAPM_Beta 一年,0.5516
3360 尚立,CAPM_Beta 一年,1.2142
3362 先進光,CAPM_Beta 一年,0.8305
3363 上詮,CAPM_Beta 一年,0.4468
3372 典範,CAPM_Beta 一年,0.606
3373 熱映,CAPM_Beta 一年,1.1053
3374 精材,CAPM_Beta 一年,1.7658
3376 新日興,CAPM_Beta 一年,1.0209
3379 彬台,CAPM_Beta 一年,0.8052
3380 明泰,CAPM_Beta 一年,1.017
3383 新世紀,CAPM_Beta 一年,1.0537
3388 崇越電,CAPM_Beta 一年,0.2125
3390 旭軟,CAPM_Beta 一年,0.7538
3402 漢科,CAPM_Beta 一年,0.7591
3406 玉晶光,CAPM_Beta 一年,1.3327
3413 京鼎,CAPM_Beta 一年,1.3993
3416 融程電,CAPM_Beta 一年,0.3321
3419 譁裕,CAPM_Beta 一年,0.6669
3426 台興,CAPM_Beta 一年,0
3432 台端,CAPM_Beta 一年,0.6777
3434 哲固,CAPM_Beta 一年,0.026
3437 榮創,CAPM_Beta 一年,1.2709
3438 類比科,CAPM_Beta 一年,1.065
3441 聯一光,CAPM_Beta 一年,0.6354
3443 創意,CAPM_Beta 一年,1.0186
3444 利機,CAPM_Beta 一年,0.329
3450 聯鈞,CAPM_Beta 一年,1.264
3452 益通,CAPM_Beta 一年,1.0711
3454 晶睿,CAPM_Beta 一年,0.7294
3455 由田,CAPM_Beta 一年,0.9392
3465 進泰電子,CAPM_Beta 一年,-0.0029
3466 致振,CAPM_Beta 一年,0.342
3479 安勤,CAPM_Beta 一年,1.7994
3481 群創,CAPM_Beta 一年,1.1777
3483 力致,CAPM_Beta 一年,0.9779
3484 崧騰,CAPM_Beta 一年,1.5263
3489 森寶,CAPM_Beta 一年,0.31
3490 單井,CAPM_Beta 一年,1.1938
3491 昇達科,CAPM_Beta 一年,1.1503
3492 長盛,CAPM_Beta 一年,1.5472
3494 誠研,CAPM_Beta 一年,1.2834
3498 陽程,CAPM_Beta 一年,1.6288
3499 環天科,CAPM_Beta 一年,1.5843
3501 維熹,CAPM_Beta 一年,0.7244
3504 揚明光,CAPM_Beta 一年,0.9631
3508 位速,CAPM_Beta 一年,1.2613
3511 矽瑪,CAPM_Beta 一年,1.4149
3512 皇龍,CAPM_Beta 一年,0.3649
3515 華擎,CAPM_Beta 一年,0.5938
3516 亞帝歐,CAPM_Beta 一年,0.3953
3518 柏騰,CAPM_Beta 一年,0.723
3520 振維,CAPM_Beta 一年,1.5121
3521 鴻翊,CAPM_Beta 一年,0.7713
3522 御頂,CAPM_Beta 一年,0.4271
3523 迎輝,CAPM_Beta 一年,0.5105
3526 凡甲,CAPM_Beta 一年,1.7253
3527 聚積,CAPM_Beta 一年,1.0968
3528 安馳,CAPM_Beta 一年,0.332
3529 力旺,CAPM_Beta 一年,0.938
3530 晶相光,CAPM_Beta 一年,0
3531 先益,CAPM_Beta 一年,0.5493
3532 台勝科,CAPM_Beta 一年,1.2647
3533 嘉澤,CAPM_Beta 一年,1.0329
3535 晶彩科,CAPM_Beta 一年,1.2595
3536 誠創,CAPM_Beta 一年,0.4189
3537 堡達,CAPM_Beta 一年,0.4889
3540 曜越,CAPM_Beta 一年,1.4175
3541 西柏,CAPM_Beta 一年,1.2382
3545 敦泰,CAPM_Beta 一年,1.4859
3546 宇峻,CAPM_Beta 一年,1.8597
3548 兆利,CAPM_Beta 一年,1.7349
3550 聯穎,CAPM_Beta 一年,0.4743
3551 世禾,CAPM_Beta 一年,0.6701
3552 同致,CAPM_Beta 一年,1.7173
3555 重鵬,CAPM_Beta 一年,0.2728
3556 禾瑞亞,CAPM_Beta 一年,1.0258
3557 嘉威,CAPM_Beta 一年,0.6753
3558 神準,CAPM_Beta 一年,0.87
3562 頂晶科,CAPM_Beta 一年,0.2967
3563 牧德,CAPM_Beta 一年,0.5682
3564 其陽,CAPM_Beta 一年,1.0991
3567 逸昌,CAPM_Beta 一年,0.4388
3570 大塚,CAPM_Beta 一年,0.8355
3576 聯合再生,CAPM_Beta 一年,1.1212
3577 泓格,CAPM_Beta 一年,0.2738
3580 友威科,CAPM_Beta 一年,0.9359
3581 博磊,CAPM_Beta 一年,0.8952
3583 辛耘,CAPM_Beta 一年,0.5366
3587 閎康,CAPM_Beta 一年,0.8159
3588 通嘉,CAPM_Beta 一年,1.1723
3591 艾笛森,CAPM_Beta 一年,0.8926
3593 力銘,CAPM_Beta 一年,0.312
3594 磐儀,CAPM_Beta 一年,1.197
3596 智易,CAPM_Beta 一年,0.8004
3605 宏致,CAPM_Beta 一年,1.3754
3607 谷崧,CAPM_Beta 一年,0.7338
3609 東林,CAPM_Beta 一年,0.4171
3611 鼎翰,CAPM_Beta 一年,1.1045
3615 安可,CAPM_Beta 一年,1.4079
3617 碩天,CAPM_Beta 一年,0.9928
3622 洋華,CAPM_Beta 一年,0.7044
3623 富晶通,CAPM_Beta 一年,0.4853
3624 光頡,CAPM_Beta 一年,0.6532
3625 西勝,CAPM_Beta 一年,0.7636
3628 盈正,CAPM_Beta 一年,0.4124
3629 地心引力,CAPM_Beta 一年,0.3763
3630 新鉅科,CAPM_Beta 一年,1.4536
3631 晟楠,CAPM_Beta 一年,-0.1956
3632 研勤,CAPM_Beta 一年,0.9979
3642 駿熠電,CAPM_Beta 一年,0.1014
3645 達邁,CAPM_Beta 一年,0.6944
3646 艾恩特,CAPM_Beta 一年,0.6226
3652 精聯,CAPM_Beta 一年,0.4265
3653 健策,CAPM_Beta 一年,1.2055
3661 世芯-KY,CAPM_Beta 一年,1.2113
3663 鑫科,CAPM_Beta 一年,0.4953
3664 安瑞-KY,CAPM_Beta 一年,0.9697
3665 貿聯-KY,CAPM_Beta 一年,1.0549
3666 光耀,CAPM_Beta 一年,1.697
3669 圓展,CAPM_Beta 一年,0.4057
3672 康聯訊,CAPM_Beta 一年,0.5207
3673 TPK-KY,CAPM_Beta 一年,1.4623
3675 德微,CAPM_Beta 一年,0.7413
3679 新至陞,CAPM_Beta 一年,0.7757
3680 家登,CAPM_Beta 一年,0.8459
3682 亞太電,CAPM_Beta 一年,1.0556
3684 榮昌,CAPM_Beta 一年,0.462
3685 元創精密,CAPM_Beta 一年,0.9283
3686 達能,CAPM_Beta 一年,1.1249
3687 歐買尬,CAPM_Beta 一年,1.0199
3689 湧德,CAPM_Beta 一年,0.9429
3691 碩禾,CAPM_Beta 一年,1.5388
3693 營邦,CAPM_Beta 一年,1.0197
3694 海華,CAPM_Beta 一年,1.2104
3698 隆達,CAPM_Beta 一年,1.0439
3701 大眾控,CAPM_Beta 一年,-0.4372
3702 大聯大,CAPM_Beta 一年,0.7405
3703 欣陸,CAPM_Beta 一年,0.4714
3704 合勤控,CAPM_Beta 一年,0.8175
3705 永信,CAPM_Beta 一年,0.4419
3706 神達,CAPM_Beta 一年,1.0445
3707 漢磊,CAPM_Beta 一年,0.9847
3708 上緯投控,CAPM_Beta 一年,1.4946
3709 鑫聯大投控,CAPM_Beta 一年,0
3710 連展投控,CAPM_Beta 一年,0
3711 日月光投控,CAPM_Beta 一年,0
3712 永崴投控,CAPM_Beta 一年,0
4102 永日,CAPM_Beta 一年,1.1989
4104 佳醫,CAPM_Beta 一年,0.5897
4105 東洋,CAPM_Beta 一年,1.3827
4106 雃博,CAPM_Beta 一年,0.8042
4107 邦特,CAPM_Beta 一年,1.4398
4108 懷特,CAPM_Beta 一年,1.0114
4109 加捷生醫,CAPM_Beta 一年,0.3852
4111 濟生,CAPM_Beta 一年,1.0112
4113 聯上,CAPM_Beta 一年,0.5223
4114 健喬,CAPM_Beta 一年,0.8722
4116 明基醫,CAPM_Beta 一年,1.8493
4119 旭富,CAPM_Beta 一年,0.9697
4120 友華,CAPM_Beta 一年,1.2475
4121 優盛,CAPM_Beta 一年,1.7041
4123 晟德,CAPM_Beta 一年,1.0001
4126 太醫,CAPM_Beta 一年,1.19
4127 天良,CAPM_Beta 一年,1.0267
4128 中天,CAPM_Beta 一年,0.875
4129 聯合,CAPM_Beta 一年,1.2128
4130 健亞,CAPM_Beta 一年,1.6362
4131 晶宇,CAPM_Beta 一年,-0.2504
4133 亞諾法,CAPM_Beta 一年,0.7794
4137 麗豐-KY,CAPM_Beta 一年,0.951
4138 曜亞,CAPM_Beta 一年,1.0377
4139 馬光-KY,CAPM_Beta 一年,0.1739
4141 龍燈-KY,CAPM_Beta 一年,1.3372
4142 國光生,CAPM_Beta 一年,0.8134
4144 康聯-KY,CAPM_Beta 一年,0.7818
4147 中裕,CAPM_Beta 一年,1.7279
4148 全宇生技-KY,CAPM_Beta 一年,0
4152 台微體,CAPM_Beta 一年,0.9728
4153 鈺緯,CAPM_Beta 一年,1.2469
4154 康樂-KY,CAPM_Beta 一年,1.0532
4155 訊映,CAPM_Beta 一年,0
4157 太景*-KY,CAPM_Beta 一年,1.0562
4160 創源,CAPM_Beta 一年,1.185
4161 聿新科,CAPM_Beta 一年,1.0616
4162 智擎,CAPM_Beta 一年,1.3779
4163 鐿鈦,CAPM_Beta 一年,1.2293
4164 承業醫,CAPM_Beta 一年,0.5453
4167 展旺,CAPM_Beta 一年,1.3159
4168 醣聯,CAPM_Beta 一年,1.7568
4171 瑞基,CAPM_Beta 一年,0.8367
4173 久裕,CAPM_Beta 一年,0.87
4174 浩鼎,CAPM_Beta 一年,2.1176
4175 杏一,CAPM_Beta 一年,0.5431
4183 福永生技,CAPM_Beta 一年,0
4188 安克,CAPM_Beta 一年,1.4036
4190 佐登-KY,CAPM_Beta 一年,0.8908
4192 杏國,CAPM_Beta 一年,1.0946
4198 環瑞醫,CAPM_Beta 一年,1.0695
4205 中華食,CAPM_Beta 一年,0.1283
4207 環泰,CAPM_Beta 一年,0.6021
4303 信立,CAPM_Beta 一年,0.3286
4304 勝昱,CAPM_Beta 一年,0.1423
4305 世坤,CAPM_Beta 一年,0.1623
4306 炎洲,CAPM_Beta 一年,0.4602
4401 東隆興,CAPM_Beta 一年,0.7673
4402 福大,CAPM_Beta 一年,-0.1312
4406 新昕纖,CAPM_Beta 一年,0.1591
4413 飛寶企業,CAPM_Beta 一年,-0.0349
4414 如興,CAPM_Beta 一年,0.513
4415 台原藥,CAPM_Beta 一年,0.1027
4416 三圓,CAPM_Beta 一年,0.3196
4417 金洲,CAPM_Beta 一年,0.7913
4419 元勝,CAPM_Beta 一年,0.5149
4420 光明,CAPM_Beta 一年,0.8058
4426 利勤,CAPM_Beta 一年,1.2972
4429 聚紡,CAPM_Beta 一年,0.2823
4430 耀億,CAPM_Beta 一年,0.4342
4432 銘旺實,CAPM_Beta 一年,0.9845
4433 興采,CAPM_Beta 一年,0.7158
4438 廣越,CAPM_Beta 一年,2.0183
4502 健信,CAPM_Beta 一年,0.581
4503 金雨,CAPM_Beta 一年,0.3687
4506 崇友,CAPM_Beta 一年,0.6942
4510 高鋒,CAPM_Beta 一年,0.6059
4513 福裕,CAPM_Beta 一年,0.2695
4523 永彰,CAPM_Beta 一年,0.9918
4526 東台,CAPM_Beta 一年,0.5645
4527 方土霖,CAPM_Beta 一年,0.236
4528 江興鍛,CAPM_Beta 一年,0.991
4529 淳紳,CAPM_Beta 一年,1.591
4530 宏易,CAPM_Beta 一年,0.5311
4532 瑞智,CAPM_Beta 一年,0.529
4533 協易機,CAPM_Beta 一年,0.8643
4534 慶騰,CAPM_Beta 一年,0.8378
4535 至興,CAPM_Beta 一年,0.3313
4536 拓凱,CAPM_Beta 一年,0.497
4538 大詠城,CAPM_Beta 一年,0
4540 全球傳動,CAPM_Beta 一年,0
4541 晟田,CAPM_Beta 一年,0.8725
4542 科嶠,CAPM_Beta 一年,0.268
4543 萬在,CAPM_Beta 一年,0.0533
4545 銘鈺,CAPM_Beta 一年,1.2289
4549 桓達,CAPM_Beta 一年,0.812
4550 長佳,CAPM_Beta 一年,0.4543
4551 智伸科,CAPM_Beta 一年,1.0556
4552 力達-KY,CAPM_Beta 一年,1.2397
4554 橙的,CAPM_Beta 一年,2.3274
4555 氣立,CAPM_Beta 一年,0.6092
4556 旭然,CAPM_Beta 一年,0.5961
4557 永新-KY,CAPM_Beta 一年,0.464
4560 強信-KY,CAPM_Beta 一年,0
4561 健椿,CAPM_Beta 一年,0
4562 穎漢,CAPM_Beta 一年,0
4563 百德,CAPM_Beta 一年,0
4564 元翎,CAPM_Beta 一年,0
4566 時碩工業,CAPM_Beta 一年,0
4568 科際精密,CAPM_Beta 一年,0
4571 鈞興-KY,CAPM_Beta 一年,0
4572 駐龍,CAPM_Beta 一年,0
4576 大銀微系統,CAPM_Beta 一年,0
4609 唐鋒,CAPM_Beta 一年,0.7395
4702 中美實,CAPM_Beta 一年,0.7785
4706 大恭,CAPM_Beta 一年,0.6044
4707 磐亞,CAPM_Beta 一年,0.6085
4711 永純,CAPM_Beta 一年,0.4969
4712 南璋,CAPM_Beta 一年,0.766
4714 永捷,CAPM_Beta 一年,0.2134
4716 大立,CAPM_Beta 一年,0.5612
4720 德淵,CAPM_Beta 一年,0.1102
4721 美琪瑪,CAPM_Beta 一年,1.3677
4722 國精化,CAPM_Beta 一年,0.5314
4725 信昌化,CAPM_Beta 一年,1.2316
4726 永昕,CAPM_Beta 一年,1.5087
4728 雙美,CAPM_Beta 一年,0.8482
4729 熒茂,CAPM_Beta 一年,0.7038
4735 豪展,CAPM_Beta 一年,1.268
4736 泰博,CAPM_Beta 一年,1.2039
4737 華廣,CAPM_Beta 一年,0.8505
4739 康普,CAPM_Beta 一年,1.2495
4741 泓瀚,CAPM_Beta 一年,0
4743 合一,CAPM_Beta 一年,1.4437
4744 皇將,CAPM_Beta 一年,0
4745 合富-KY,CAPM_Beta 一年,1.4495
4746 台耀,CAPM_Beta 一年,0.764
4747 強生,CAPM_Beta 一年,0.8122
4754 國碳科,CAPM_Beta 一年,0.9673
4755 三福化,CAPM_Beta 一年,0.7692
4760 勤凱,CAPM_Beta 一年,0
4763 材料-KY,CAPM_Beta 一年,0.7157
4764 雙鍵,CAPM_Beta 一年,0
4766 南寶,CAPM_Beta 一年,0
4767 誠泰科技,CAPM_Beta 一年,0
4803 VHQ-KY,CAPM_Beta 一年,1.7284
4804 大略-KY,CAPM_Beta 一年,1.1947
4806 昇華,CAPM_Beta 一年,0.6517
4807 日成-KY,CAPM_Beta 一年,0
4903 聯光通,CAPM_Beta 一年,1.0325
4904 遠傳,CAPM_Beta 一年,0.4289
4905 台聯電,CAPM_Beta 一年,0.6538
4906 正文,CAPM_Beta 一年,0.9836
4907 富宇,CAPM_Beta 一年,0.1281
4908 前鼎,CAPM_Beta 一年,0.7472
4909 新復興,CAPM_Beta 一年,0.6566
4911 德英,CAPM_Beta 一年,1.0433
4912 聯德控股-KY,CAPM_Beta 一年,0.5026
4915 致伸,CAPM_Beta 一年,1.2117
4916 事欣科,CAPM_Beta 一年,1.4603
4919 新唐,CAPM_Beta 一年,1.0708
4924 欣厚-KY,CAPM_Beta 一年,0.8266
4927 泰鼎-KY,CAPM_Beta 一年,0.8551
4930 燦星網,CAPM_Beta 一年,0.9163
4931 新盛力,CAPM_Beta 一年,0
4933 友輝,CAPM_Beta 一年,0.8431
4934 太極,CAPM_Beta 一年,1.1883
4935 茂林-KY,CAPM_Beta 一年,1.321
4938 和碩,CAPM_Beta 一年,1.6834
4939 亞電,CAPM_Beta 一年,0.8227
4942 嘉彰,CAPM_Beta 一年,0.4463
4943 康控-KY,CAPM_Beta 一年,0.526
4944 兆遠,CAPM_Beta 一年,1.623
4946 辣椒,CAPM_Beta 一年,1.2417
4947 昂寶-KY,CAPM_Beta 一年,1.4634
4950 牧東,CAPM_Beta 一年,-0.1555
4952 凌通,CAPM_Beta 一年,0.8048
4953 緯軟,CAPM_Beta 一年,0.8151
4956 光鋐,CAPM_Beta 一年,1.1141
4958 臻鼎-KY,CAPM_Beta 一年,1.6169
4960 誠美材,CAPM_Beta 一年,1.189
4961 天鈺,CAPM_Beta 一年,0
4966 譜瑞-KY,CAPM_Beta 一年,1.4056
4967 十銓,CAPM_Beta 一年,0
4968 立積,CAPM_Beta 一年,1.0655
4971 IET-KY,CAPM_Beta 一年,1.6466
4972 湯石照明,CAPM_Beta 一年,0.5306
4973 廣穎,CAPM_Beta 一年,0.7586
4974 亞泰,CAPM_Beta 一年,0.6827
4976 佳凌,CAPM_Beta 一年,0.6465
4977 眾達-KY,CAPM_Beta 一年,0.9934
4979 華星光,CAPM_Beta 一年,1.7055
4987 科誠,CAPM_Beta 一年,0.6744
4989 榮科,CAPM_Beta 一年,0
4991 環宇-KY,CAPM_Beta 一年,1.136
4994 傳奇,CAPM_Beta 一年,1.172
4995 晶達,CAPM_Beta 一年,0.1048
4999 鑫禾,CAPM_Beta 一年,1.0759
5007 三星,CAPM_Beta 一年,0.2826
5009 榮剛,CAPM_Beta 一年,0.778
5011 久陽,CAPM_Beta 一年,0.1026
5013 強新,CAPM_Beta 一年,0.1165
5014 建錩,CAPM_Beta 一年,0.2923
5015 華祺,CAPM_Beta 一年,0.6316
5016 松和,CAPM_Beta 一年,0.0568
5102 富強,CAPM_Beta 一年,0.2653
5201 凱衛,CAPM_Beta 一年,0.6522
5202 力新,CAPM_Beta 一年,0.4264
5203 訊連,CAPM_Beta 一年,0.3808
5205 中茂,CAPM_Beta 一年,-0.028
5206 坤悅,CAPM_Beta 一年,0.3847
5209 新鼎,CAPM_Beta 一年,0.4241
5210 寶碩,CAPM_Beta 一年,0.4255
5211 蒙恬,CAPM_Beta 一年,0.9379
5212 凌網,CAPM_Beta 一年,0.2675
5213 亞昕,CAPM_Beta 一年,0.1882
5215 科嘉-KY,CAPM_Beta 一年,0.5426
5220 萬達光電,CAPM_Beta 一年,0
5223 安力-KY,CAPM_Beta 一年,0
5225 東科-KY,CAPM_Beta 一年,0.9536
5227 立凱-KY,CAPM_Beta 一年,0.9851
5230 雷笛克光學,CAPM_Beta 一年,0.6816
5234 達興材料,CAPM_Beta 一年,0.5699
5243 乙盛-KY,CAPM_Beta 一年,1.1284
5245 智晶,CAPM_Beta 一年,1.4389
5251 天鉞電,CAPM_Beta 一年,0.8128
5258 虹堡,CAPM_Beta 一年,0
5259 奕智博,CAPM_Beta 一年,-0.032
5263 智崴,CAPM_Beta 一年,1.1642
5264 鎧勝-KY,CAPM_Beta 一年,1.2193
5269 祥碩,CAPM_Beta 一年,1.6058
5272 笙科,CAPM_Beta 一年,1.6215
5274 信驊,CAPM_Beta 一年,0.8282
5276 達輝-KY,CAPM_Beta 一年,0.3664
5278 尚凡,CAPM_Beta 一年,0.8026
5281 大峽谷-KY,CAPM_Beta 一年,0.6448
5283 禾聯碩,CAPM_Beta 一年,0
5284 jpp-KY,CAPM_Beta 一年,0.6255
5285 界霖,CAPM_Beta 一年,0.5316
5287 數字,CAPM_Beta 一年,0.5973
5288 豐祥-KY,CAPM_Beta 一年,1.0576
5289 宜鼎,CAPM_Beta 一年,1.39
5291 邑昇,CAPM_Beta 一年,0.5263
5299 杰力,CAPM_Beta 一年,0
5301 寶得利,CAPM_Beta 一年,0.0372
5302 太欣,CAPM_Beta 一年,0.7249
5304 鼎創達,CAPM_Beta 一年,-0.038
5305 敦南,CAPM_Beta 一年,0.8133
5306 桂盟,CAPM_Beta 一年,0.8431
5309 系統電,CAPM_Beta 一年,1.3876
5310 天剛,CAPM_Beta 一年,0.2297
5312 寶島科,CAPM_Beta 一年,0.4122
5314 世紀,CAPM_Beta 一年,0.5153
5315 光聯,CAPM_Beta 一年,1.1884
5321 友銓,CAPM_Beta 一年,-0.1108
5324 士開,CAPM_Beta 一年,0.2267
5328 華容,CAPM_Beta 一年,0.9938
5340 建榮,CAPM_Beta 一年,0.3198
5344 立衛,CAPM_Beta 一年,0.1548
5345 天揚,CAPM_Beta 一年,0.2771
5347 世界,CAPM_Beta 一年,0.8644
5348 系通,CAPM_Beta 一年,-1.3071
5349 先豐,CAPM_Beta 一年,1.5596
5351 鈺創,CAPM_Beta 一年,1.2776
5353 台林,CAPM_Beta 一年,0.4973
5355 佳總,CAPM_Beta 一年,0.5778
5356 協益,CAPM_Beta 一年,0.6785
5364 力麗店,CAPM_Beta 一年,0.0991
5371 中光電,CAPM_Beta 一年,0.9532
5381 合正,CAPM_Beta 一年,0.5167
5383 金利,CAPM_Beta 一年,0.0793
5386 青雲,CAPM_Beta 一年,0.1521
5388 中磊,CAPM_Beta 一年,0.6986
5392 應華,CAPM_Beta 一年,1.0071
5398 慕康生醫,CAPM_Beta 一年,0.8663
5403 中菲,CAPM_Beta 一年,0.3713
5410 國眾,CAPM_Beta 一年,0.4928
5425 台半,CAPM_Beta 一年,1.2381
5426 振發,CAPM_Beta 一年,0.2539
5432 達威,CAPM_Beta 一年,0.2921
5434 崇越,CAPM_Beta 一年,0.7403
5438 東友,CAPM_Beta 一年,0.432
5439 高技,CAPM_Beta 一年,0.5707
5443 均豪,CAPM_Beta 一年,1.7681
5450 寶聯通,CAPM_Beta 一年,0.3614
5452 佶優,CAPM_Beta 一年,0.713
5455 昇益,CAPM_Beta 一年,-0.4471
5457 宣德,CAPM_Beta 一年,1.2309
5460 同協,CAPM_Beta 一年,0.2986
5464 霖宏,CAPM_Beta 一年,0.3161
5465 富驊,CAPM_Beta 一年,0.6391
5468 凱鈺,CAPM_Beta 一年,0.2438
5469 瀚宇博,CAPM_Beta 一年,0.9901
5471 松翰,CAPM_Beta 一年,0.7432
5474 聰泰,CAPM_Beta 一年,1.5995
5475 德宏,CAPM_Beta 一年,0.646
5478 智冠,CAPM_Beta 一年,1.0067
5481 新華,CAPM_Beta 一年,0.3558
5483 中美晶,CAPM_Beta 一年,1.2297
5484 慧友,CAPM_Beta 一年,0.8649
5487 通泰,CAPM_Beta 一年,0.5565
5488 松普,CAPM_Beta 一年,0.4635
5489 彩富,CAPM_Beta 一年,0.2044
5490 同亨,CAPM_Beta 一年,1.5897
5493 三聯,CAPM_Beta 一年,0.367
5498 凱崴,CAPM_Beta 一年,0.5877
5508 永信建,CAPM_Beta 一年,0.442
5511 德昌,CAPM_Beta 一年,0.1966
5512 力麒,CAPM_Beta 一年,0.4673
5514 三豐,CAPM_Beta 一年,0.2869
5515 建國,CAPM_Beta 一年,0.2412
5516 雙喜,CAPM_Beta 一年,0.309
5519 隆大,CAPM_Beta 一年,0.2805
5520 力泰,CAPM_Beta 一年,0.1192
5521 工信,CAPM_Beta 一年,0.1875
5522 遠雄,CAPM_Beta 一年,0.4638
5523 豐謙,CAPM_Beta 一年,0.207
5525 順天,CAPM_Beta 一年,0.3084
5529 志嘉,CAPM_Beta 一年,0.7186
5530 龍巖,CAPM_Beta 一年,0.188
5531 鄉林,CAPM_Beta 一年,0.6774
5533 皇鼎,CAPM_Beta 一年,0.1052
5534 長虹,CAPM_Beta 一年,0.7597
5536 聖暉,CAPM_Beta 一年,0.4973
5538 東明-KY,CAPM_Beta 一年,0.4793
5543 崇佑-KY,CAPM_Beta 一年,-0.1097
5601 台聯櫃,CAPM_Beta 一年,0.0548
5603 陸海,CAPM_Beta 一年,0.3871
5604 中連貨,CAPM_Beta 一年,0.1675
5607 遠雄港,CAPM_Beta 一年,0.3904
5608 四維航,CAPM_Beta 一年,0.3378
5609 中菲行,CAPM_Beta 一年,0.5763
5701 劍湖山,CAPM_Beta 一年,0.3292
5703 亞都,CAPM_Beta 一年,0.2644
5704 老爺知,CAPM_Beta 一年,0.4924
5706 鳳凰,CAPM_Beta 一年,0.353
5820 日盛金,CAPM_Beta 一年,0.3709
5864 致和證,CAPM_Beta 一年,0
5871 中租-KY,CAPM_Beta 一年,0.9087
5876 上海商銀,CAPM_Beta 一年,0
5878 台名,CAPM_Beta 一年,0.2746
5880 合庫金,CAPM_Beta 一年,0.6382
5902 德記,CAPM_Beta 一年,0.0695
5903 全家,CAPM_Beta 一年,0.2288
5904 寶雅,CAPM_Beta 一年,0.3202
5905 南仁湖,CAPM_Beta 一年,0.5135
5906 台南-KY,CAPM_Beta 一年,-0.2186
5907 大洋-KY,CAPM_Beta 一年,0.7359
6005 群益證,CAPM_Beta 一年,0.6782
6015 宏遠證,CAPM_Beta 一年,0.6395
6016 康和證,CAPM_Beta 一年,0.4486
6020 大展證,CAPM_Beta 一年,0.6592
6021 大慶證,CAPM_Beta 一年,0.9324
6023 元大期,CAPM_Beta 一年,0.3079
6024 群益期,CAPM_Beta 一年,0.3622
6026 福邦證,CAPM_Beta 一年,0.4027
6101 寬魚國際,CAPM_Beta 一年,0.1314
6103 合邦,CAPM_Beta 一年,-0.4204
6104 創惟,CAPM_Beta 一年,1.3913
6108 競國,CAPM_Beta 一年,0.6852
6109 亞元,CAPM_Beta 一年,0.36
6111 大宇資,CAPM_Beta 一年,1.7327
6112 聚碩,CAPM_Beta 一年,0.4021
6113 亞矽,CAPM_Beta 一年,0.2609
6114 久威,CAPM_Beta 一年,0.8292
6115 鎰勝,CAPM_Beta 一年,0.4193
6116 彩晶,CAPM_Beta 一年,0.8807
6117 迎廣,CAPM_Beta 一年,-0.0602
6118 建達,CAPM_Beta 一年,0.8201
6120 達運,CAPM_Beta 一年,1.1502
6121 新普,CAPM_Beta 一年,0.7379
6122 擎邦,CAPM_Beta 一年,0.3148
6123 上奇,CAPM_Beta 一年,1.0694
6124 業強,CAPM_Beta 一年,0.0996
6125 廣運,CAPM_Beta 一年,0.7528
6126 信音,CAPM_Beta 一年,0.7649
6127 九豪,CAPM_Beta 一年,0.8487
6128 上福,CAPM_Beta 一年,0.1378
6129 普誠,CAPM_Beta 一年,1.2009
6130 星寶國際,CAPM_Beta 一年,0.3848
6131 鈞泰,CAPM_Beta 一年,0.9127
6133 金橋,CAPM_Beta 一年,0.1846
6134 萬旭,CAPM_Beta 一年,0.8429
6136 富爾特,CAPM_Beta 一年,0.2356
6138 茂達,CAPM_Beta 一年,1.2177
6139 亞翔,CAPM_Beta 一年,1.1534
6140 訊達,CAPM_Beta 一年,0.4441
6141 柏承,CAPM_Beta 一年,0.488
6142 友勁,CAPM_Beta 一年,0.8417
6143 振曜,CAPM_Beta 一年,1.3428
6144 得利影,CAPM_Beta 一年,0.0763
6146 耕興,CAPM_Beta 一年,0.2751
6147 頎邦,CAPM_Beta 一年,1.0941
6148 驊宏資,CAPM_Beta 一年,0.6796
6150 撼訊,CAPM_Beta 一年,0.6636
6151 晉倫,CAPM_Beta 一年,0.5433
6152 百一,CAPM_Beta 一年,0.6281
6153 嘉聯益,CAPM_Beta 一年,1.2326
6154 順發,CAPM_Beta 一年,0.1933
6155 鈞寶,CAPM_Beta 一年,0.5801
6156 松上,CAPM_Beta 一年,0.476
6158 禾昌,CAPM_Beta 一年,1.0181
6160 欣技,CAPM_Beta 一年,1.3266
6161 捷波,CAPM_Beta 一年,0.6676
6163 華電網,CAPM_Beta 一年,0.6912
6164 華興,CAPM_Beta 一年,0.5935
6165 捷泰,CAPM_Beta 一年,0.3273
6166 凌華,CAPM_Beta 一年,0.9344
6167 久正,CAPM_Beta 一年,1.2693
6168 宏齊,CAPM_Beta 一年,0.8411
6169 昱泉,CAPM_Beta 一年,1.2978
6170 統振,CAPM_Beta 一年,0.5168
6171 亞銳士,CAPM_Beta 一年,0.5667
6172 互億,CAPM_Beta 一年,0.7058
6173 信昌電,CAPM_Beta 一年,1.5644
6174 安碁,CAPM_Beta 一年,0.4088
6175 立敦,CAPM_Beta 一年,0.5214
6176 瑞儀,CAPM_Beta 一年,1.4292
6177 達麗,CAPM_Beta 一年,0.3255
6179 亞通,CAPM_Beta 一年,0.2651
6180 橘子,CAPM_Beta 一年,1.1085
6182 合晶,CAPM_Beta 一年,1.3996
6183 關貿,CAPM_Beta 一年,0.2392
6184 大豐電,CAPM_Beta 一年,0.46
6185 幃翔,CAPM_Beta 一年,0.7019
6186 新潤,CAPM_Beta 一年,0.3819
6187 萬潤,CAPM_Beta 一年,1.5602
6188 廣明,CAPM_Beta 一年,1.1302
6189 豐藝,CAPM_Beta 一年,0.3177
6190 萬泰科,CAPM_Beta 一年,0.9595
6191 精成科,CAPM_Beta 一年,0.8611
6192 巨路,CAPM_Beta 一年,0.5791
6194 育富,CAPM_Beta 一年,0.2391
6195 詩肯,CAPM_Beta 一年,0.5426
6196 帆宣,CAPM_Beta 一年,0.8279
6197 佳必琪,CAPM_Beta 一年,0.6625
6198 凌泰,CAPM_Beta 一年,0.0802
6199 天品,CAPM_Beta 一年,0.7198
6201 亞弘電,CAPM_Beta 一年,0.3282
6202 盛群,CAPM_Beta 一年,0.5708
6203 海韻電,CAPM_Beta 一年,0.6014
6204 艾華,CAPM_Beta 一年,0.0935
6205 詮欣,CAPM_Beta 一年,0.7686
6206 飛捷,CAPM_Beta 一年,0.5822
6207 雷科,CAPM_Beta 一年,0.7698
6208 日揚,CAPM_Beta 一年,0.626
6209 今國光,CAPM_Beta 一年,1.082
6210 慶生,CAPM_Beta 一年,0.7032
6212 理銘,CAPM_Beta 一年,-0.1734
6213 聯茂,CAPM_Beta 一年,0.6914
6214 精誠,CAPM_Beta 一年,0.7246
6215 和椿,CAPM_Beta 一年,1.0452
6216 居易,CAPM_Beta 一年,0.5864
6217 中探針,CAPM_Beta 一年,1.2206
6218 豪勉,CAPM_Beta 一年,0.5
6219 富旺,CAPM_Beta 一年,0.0962
6220 岳豐,CAPM_Beta 一年,1.1674
6221 晉泰,CAPM_Beta 一年,0.2073
6222 上揚,CAPM_Beta 一年,0
6223 旺矽,CAPM_Beta 一年,1.357
6224 聚鼎,CAPM_Beta 一年,0.5317
6225 天瀚,CAPM_Beta 一年,-0.1283
6226 光鼎,CAPM_Beta 一年,0.784
6227 茂綸,CAPM_Beta 一年,1.1756
6228 全譜,CAPM_Beta 一年,0.7717
6229 研通,CAPM_Beta 一年,0.8882
6230 超眾,CAPM_Beta 一年,1.4293
6231 系微,CAPM_Beta 一年,1.3087
6233 旺玖,CAPM_Beta 一年,0.9587
6234 高僑,CAPM_Beta 一年,0.8241
6235 華孚,CAPM_Beta 一年,0.8369
6236 康呈,CAPM_Beta 一年,0.2647
6237 驊訊,CAPM_Beta 一年,1.3735
6238 勝麗,CAPM_Beta 一年,2.0504
6239 力成,CAPM_Beta 一年,0.7795
6240 松崗,CAPM_Beta 一年,0.0126
6241 易通展,CAPM_Beta 一年,0.4575
6242 立康,CAPM_Beta 一年,-0.0267
6243 迅杰,CAPM_Beta 一年,1.3239
6244 茂迪,CAPM_Beta 一年,1.4658
6245 立端,CAPM_Beta 一年,0.7888
6246 臺龍,CAPM_Beta 一年,0.2529
6247 淇譽電,CAPM_Beta 一年,0.5101
6248 沛波,CAPM_Beta 一年,0.3288
6251 定穎,CAPM_Beta 一年,0.7848
6257 矽格,CAPM_Beta 一年,0.7749
6259 百徽,CAPM_Beta 一年,0.8971
6261 久元,CAPM_Beta 一年,0.8538
6263 普萊德,CAPM_Beta 一年,0.6346
6264 富裔,CAPM_Beta 一年,-0.1686
6265 方土昶,CAPM_Beta 一年,0.5433
6266 泰詠,CAPM_Beta 一年,0.6869
6269 台郡,CAPM_Beta 一年,1.2666
6270 倍微,CAPM_Beta 一年,0.3889
6271 同欣電,CAPM_Beta 一年,0.6467
6274 台燿,CAPM_Beta 一年,1.1978
6275 元山,CAPM_Beta 一年,0.3864
6276 安鈦克,CAPM_Beta 一年,0.2924
6277 宏正,CAPM_Beta 一年,0.4339
6278 台表科,CAPM_Beta 一年,0.7066
6279 胡連,CAPM_Beta 一年,1.1494
6281 全國電,CAPM_Beta 一年,0.2043
6282 康舒,CAPM_Beta 一年,1.0804
6283 淳安,CAPM_Beta 一年,0.37
6284 佳邦,CAPM_Beta 一年,0.8581
6285 啟碁,CAPM_Beta 一年,1.0117
6287 元隆,CAPM_Beta 一年,0.2687
6288 聯嘉,CAPM_Beta 一年,0
6289 華上,CAPM_Beta 一年,0.3016
6290 良維,CAPM_Beta 一年,1.2562
6291 沛亨,CAPM_Beta 一年,0.0414
6292 迅德,CAPM_Beta 一年,0.2631
6294 智基,CAPM_Beta 一年,0.9648
6404 通訊-KY,CAPM_Beta 一年,1.4426
6405 悅城,CAPM_Beta 一年,0.6307
6409 旭隼,CAPM_Beta 一年,0.4771
6411 晶焱,CAPM_Beta 一年,1.5752
6412 群電,CAPM_Beta 一年,0.5263
6414 樺漢,CAPM_Beta 一年,1.4062
6415 矽力-KY,CAPM_Beta 一年,0.3566
6416 瑞祺電通,CAPM_Beta 一年,0
6417 韋僑,CAPM_Beta 一年,0.9487
6418 詠昇,CAPM_Beta 一年,0
6419 京晨科,CAPM_Beta 一年,0.5774
6425 易發,CAPM_Beta 一年,0
6426 統新,CAPM_Beta 一年,0.3223
6431 光麗-KY,CAPM_Beta 一年,0.4102
6432 今展科,CAPM_Beta 一年,0.9157
6435 大中,CAPM_Beta 一年,0.9783
6438 迅得,CAPM_Beta 一年,0
6441 廣錠,CAPM_Beta 一年,0
6442 光聖,CAPM_Beta 一年,0.963
6443 元晶,CAPM_Beta 一年,1.1879
6446 藥華藥,CAPM_Beta 一年,1.4307
6449 鈺邦,CAPM_Beta 一年,0.7703
6451 訊芯-KY,CAPM_Beta 一年,1.6665
6452 康友-KY,CAPM_Beta 一年,1.1979
6456 GIS-KY,CAPM_Beta 一年,1.9955
6457 紘康,CAPM_Beta 一年,0.5988
6461 益得,CAPM_Beta 一年,0
6462 神盾,CAPM_Beta 一年,0.7196
6464 台數科,CAPM_Beta 一年,0.4073
6465 威潤,CAPM_Beta 一年,0.1101
6469 大樹,CAPM_Beta 一年,0.8087
6470 宇智,CAPM_Beta 一年,1.1
6472 保瑞,CAPM_Beta 一年,0
6477 安集,CAPM_Beta 一年,0.4779
6482 弘煜科,CAPM_Beta 一年,0.6721
6485 點序,CAPM_Beta 一年,1.201
6486 互動,CAPM_Beta 一年,0.6319
6488 環球晶,CAPM_Beta 一年,0.8082
6491 晶碩,CAPM_Beta 一年,0
6492 生華科,CAPM_Beta 一年,0
6494 九齊,CAPM_Beta 一年,0.6073
6496 科懋,CAPM_Beta 一年,1.4787
6497 亞獅康-KY　,CAPM_Beta 一年,0
6499 益安,CAPM_Beta 一年,0.9953
6504 南六,CAPM_Beta 一年,0.6433
6505 台塑化,CAPM_Beta 一年,1.1049
6506 雙邦,CAPM_Beta 一年,0.7658
6508 惠光,CAPM_Beta 一年,0.3843
6509 聚和,CAPM_Beta 一年,0.9734
6510 精測,CAPM_Beta 一年,1.4717
6512 啟發電,CAPM_Beta 一年,0.898
6514 芮特-KY,CAPM_Beta 一年,1.3626
6516 勤崴國際,CAPM_Beta 一年,0
6523 達爾膚,CAPM_Beta 一年,0.8504
6525 捷敏-KY,CAPM_Beta 一年,0.6301
6530 創威,CAPM_Beta 一年,0
6531 愛普,CAPM_Beta 一年,0.6294
6532 瑞耘,CAPM_Beta 一年,0.7266
6533 晶心科,CAPM_Beta 一年,0
6535 順藥,CAPM_Beta 一年,1.5423
6538 倉和,CAPM_Beta 一年,-0.0556
6541 泰福-KY,CAPM_Beta 一年,0
6542 隆中,CAPM_Beta 一年,0.9064
6547 高端疫苗,CAPM_Beta 一年,0
6548 長科*,CAPM_Beta 一年,1.0551
6552 易華電,CAPM_Beta 一年,0
6556 勝品,CAPM_Beta 一年,0
6558 興能高,CAPM_Beta 一年,0
6560 欣普羅,CAPM_Beta 一年,0
6561 是方,CAPM_Beta 一年,0
6568 宏觀,CAPM_Beta 一年,0
6569 醫揚,CAPM_Beta 一年,0
6570 維田,CAPM_Beta 一年,0
6573 虹揚-KY,CAPM_Beta 一年,0
6574 霈方,CAPM_Beta 一年,0
6576 逸達,CAPM_Beta 一年,0
6577 勁豐,CAPM_Beta 一年,0
6578 達邦蛋白,CAPM_Beta 一年,0
6579 研揚,CAPM_Beta 一年,0
6581 鋼聯,CAPM_Beta 一年,0
6582 申豐,CAPM_Beta 一年,0
6589 台康生技,CAPM_Beta 一年,0
6590 普鴻,CAPM_Beta 一年,0
6591 動力-KY,CAPM_Beta 一年,0
6593 台灣銘板,CAPM_Beta 一年,0
6594 展匯科,CAPM_Beta 一年,0
6596 寬宏藝術,CAPM_Beta 一年,0
6603 富強鑫,CAPM_Beta 一年,0.3528
6605 帝寶,CAPM_Beta 一年,0.7195
6609 瀧澤科,CAPM_Beta 一年,0.8199
6612 奈米醫材,CAPM_Beta 一年,0
6613 朋億,CAPM_Beta 一年,0
6615 慧智,CAPM_Beta 一年,0
6616 特昇-KY,CAPM_Beta 一年,0
6624 萬年清,CAPM_Beta 一年,0
6625 必應,CAPM_Beta 一年,0
6629 泰金-KY,CAPM_Beta 一年,0
6640 均華,CAPM_Beta 一年,0
6641 基士德-KY,CAPM_Beta 一年,0
6642 富致,CAPM_Beta 一年,0
6643 M31,CAPM_Beta 一年,0
6649 台生材,CAPM_Beta 一年,0
6654 天正國際,CAPM_Beta 一年,0
6655 科定,CAPM_Beta 一年,0
6662 樂斯科,CAPM_Beta 一年,0
6664 群翊,CAPM_Beta 一年,0
6666 羅麗芬-KY,CAPM_Beta 一年,0
6667 信紘科,CAPM_Beta 一年,0
6668 中揚光,CAPM_Beta 一年,0
6669 緯穎,CAPM_Beta 一年,0
6670 復盛應用,CAPM_Beta 一年,0
6671 三能-KY,CAPM_Beta 一年,0
6672 騰輝電子-KY,CAPM_Beta 一年,0
6674 鋐寶科技,CAPM_Beta 一年,0
6679 鈺太,CAPM_Beta 一年,0
6680 鑫創電子,CAPM_Beta 一年,0
6683 雍智科技,CAPM_Beta 一年,0
6803 崑鼎,CAPM_Beta 一年,0.2589
7402 邑錡,CAPM_Beta 一年,0.7783
8011 台通,CAPM_Beta 一年,0.7925
8016 矽創,CAPM_Beta 一年,1.1583
8021 尖點,CAPM_Beta 一年,0.9012
8024 佑華,CAPM_Beta 一年,0.4756
8027 鈦昇,CAPM_Beta 一年,0.8785
8028 昇陽半導體,CAPM_Beta 一年,0
8032 光菱,CAPM_Beta 一年,0.2836
8033 雷虎,CAPM_Beta 一年,0.472
8034 榮群,CAPM_Beta 一年,0.4179
8038 長園科,CAPM_Beta 一年,1.1658
8039 台虹,CAPM_Beta 一年,0.6785
8040 九暘,CAPM_Beta 一年,0.6395
8042 金山電,CAPM_Beta 一年,0.7289
8043 蜜望實,CAPM_Beta 一年,0.2883
8044 網家,CAPM_Beta 一年,1.1976
8046 南電,CAPM_Beta 一年,0.7724
8047 星雲,CAPM_Beta 一年,0.2611
8048 德勝,CAPM_Beta 一年,1.2458
8049 晶采,CAPM_Beta 一年,1.4358
8050 廣積,CAPM_Beta 一年,1.0139
8054 安國,CAPM_Beta 一年,0.586
8059 凱碩,CAPM_Beta 一年,0.6275
8064 東捷,CAPM_Beta 一年,1.4762
8066 來思達,CAPM_Beta 一年,0.7186
8067 志旭,CAPM_Beta 一年,0.2151
8068 全達,CAPM_Beta 一年,0.2487
8069 元太,CAPM_Beta 一年,1.3303
8070 長華,CAPM_Beta 一年,0.709
8071 能率網通,CAPM_Beta 一年,0.3787
8072 陞泰,CAPM_Beta 一年,0.2717
8074 鉅橡,CAPM_Beta 一年,0.8303
8076 伍豐,CAPM_Beta 一年,1.4848
8077 洛碁,CAPM_Beta 一年,0.5131
8080 永利聯合,CAPM_Beta 一年,1.0841
8081 致新,CAPM_Beta 一年,1.0644
8083 瑞穎,CAPM_Beta 一年,0.4372
8084 巨虹,CAPM_Beta 一年,0.2433
8085 福華,CAPM_Beta 一年,0.6105
8086 宏捷科,CAPM_Beta 一年,1.6622
8087 華鎂鑫,CAPM_Beta 一年,-0.0855
8088 品安,CAPM_Beta 一年,0.7909
8091 翔名,CAPM_Beta 一年,0.8591
8092 建暐,CAPM_Beta 一年,0.5806
8093 保銳,CAPM_Beta 一年,0.433
8096 擎亞,CAPM_Beta 一年,1.471
8097 常珵,CAPM_Beta 一年,1.0469
8099 大世科,CAPM_Beta 一年,0.5198
8101 華冠,CAPM_Beta 一年,0.4945
8103 瀚荃,CAPM_Beta 一年,0.7482
8104 錸寶,CAPM_Beta 一年,0
8105 凌巨,CAPM_Beta 一年,0.8554
8107 大億金茂,CAPM_Beta 一年,0.763
8109 博大,CAPM_Beta 一年,0.7102
8110 華東,CAPM_Beta 一年,0.8815
8111 立碁,CAPM_Beta 一年,0.3186
8112 至上,CAPM_Beta 一年,0.8002
8114 振樺電,CAPM_Beta 一年,0.6005
8121 越峰,CAPM_Beta 一年,1.5051
8131 福懋科,CAPM_Beta 一年,0.6264
8147 正淩,CAPM_Beta 一年,0.6255
8150 南茂,CAPM_Beta 一年,0.5862
8155 博智,CAPM_Beta 一年,1.1864
8163 達方,CAPM_Beta 一年,0.7775
8171 天宇,CAPM_Beta 一年,0.7701
8176 智捷,CAPM_Beta 一年,0.4374
8182 加高,CAPM_Beta 一年,0.5273
8183 精星,CAPM_Beta 一年,0.5415
8201 無敵,CAPM_Beta 一年,0.2455
8210 勤誠,CAPM_Beta 一年,0.8676
8213 志超,CAPM_Beta 一年,0.7582
8215 明基材,CAPM_Beta 一年,1.1188
8222 寶一,CAPM_Beta 一年,0.9384
8234 新漢,CAPM_Beta 一年,1.2022
8240 華宏,CAPM_Beta 一年,0.6485
8249 菱光,CAPM_Beta 一年,0.5154
8255 朋程,CAPM_Beta 一年,0.9344
8261 富鼎,CAPM_Beta 一年,1.1198
8271 宇瞻,CAPM_Beta 一年,0.7747
8277 商丞,CAPM_Beta 一年,1.2644
8279 生展,CAPM_Beta 一年,0.0252
8287 英格爾,CAPM_Beta 一年,0.9245
8289 泰藝,CAPM_Beta 一年,0.5219
8291 尚茂,CAPM_Beta 一年,0.5921
8299 群聯,CAPM_Beta 一年,0.9108
8341 日友,CAPM_Beta 一年,0.8898
8342 益張,CAPM_Beta 一年,0
8349 恒耀,CAPM_Beta 一年,0.2232
8354 冠好,CAPM_Beta 一年,0.189
8358 金居,CAPM_Beta 一年,0.7447
8367 建新國際,CAPM_Beta 一年,0
8374 羅昇,CAPM_Beta 一年,0.9034
8383 千附,CAPM_Beta 一年,1.4236
8390 金益鼎,CAPM_Beta 一年,0.0835
8401 白紗科,CAPM_Beta 一年,0.149
8403 盛弘,CAPM_Beta 一年,1.0189
8404 百和興業-KY,CAPM_Beta 一年,0.9577
8406 金可-KY,CAPM_Beta 一年,1.0858
8409 商之器,CAPM_Beta 一年,0.6701
8410 森田,CAPM_Beta 一年,0.7621
8411 福貞-KY,CAPM_Beta 一年,0.508
8415 大國鋼,CAPM_Beta 一年,0.2196
8416 實威,CAPM_Beta 一年,0.6779
8418 捷必勝-KY,CAPM_Beta 一年,0.0226
8420 明揚,CAPM_Beta 一年,0.6428
8421 旭源,CAPM_Beta 一年,0.9241
8422 可寧衛,CAPM_Beta 一年,0.3555
8423 保綠-KY,CAPM_Beta 一年,0.139
8424 惠普,CAPM_Beta 一年,0.3813
8426 紅木-KY,CAPM_Beta 一年,0.7157
8427 基勝-KY,CAPM_Beta 一年,0.3969
8429 金麗-KY,CAPM_Beta 一年,1.0465
8431 匯鑽科,CAPM_Beta 一年,2.0889
8432 東生華,CAPM_Beta 一年,1.5913
8433 弘帆,CAPM_Beta 一年,0.8737
8435 鉅邁,CAPM_Beta 一年,0.0918
8436 大江,CAPM_Beta 一年,1.2722
8437 大地-KY,CAPM_Beta 一年,1.0072
8440 綠電,CAPM_Beta 一年,0
8442 威宏-KY,CAPM_Beta 一年,1.0989
8443 阿瘦,CAPM_Beta 一年,0.4026
8444 綠河-KY,CAPM_Beta 一年,0.6168
8446 華研,CAPM_Beta 一年,1.6926
8450 霹靂,CAPM_Beta 一年,1.366
8454 富邦媒,CAPM_Beta 一年,0.6357
8455 大拓-KY,CAPM_Beta 一年,0.7588
8462 柏文,CAPM_Beta 一年,0.6171
8463 潤泰材,CAPM_Beta 一年,0.6603
8464 億豐,CAPM_Beta 一年,0.8994
8466 美吉吉-KY,CAPM_Beta 一年,0.5997
8467 波力-KY,CAPM_Beta 一年,0.5362
8472 夠麻吉,CAPM_Beta 一年,1.5093
8473 山林水,CAPM_Beta 一年,0.3988
8476 台境,CAPM_Beta 一年,0
8477 創業家,CAPM_Beta 一年,1.8904
8478 東哥遊艇,CAPM_Beta 一年,0
8480 泰昇-KY,CAPM_Beta 一年,0
8481 政伸,CAPM_Beta 一年,0
8482 商億-KY,CAPM_Beta 一年,0
8488 吉源-KY,CAPM_Beta 一年,0
8489 三貝德,CAPM_Beta 一年,0
8497 格威傳媒,CAPM_Beta 一年,0
8499 鼎炫-KY,CAPM_Beta 一年,0
8905 裕國,CAPM_Beta 一年,0.2452
8906 花王,CAPM_Beta 一年,0.326
8908 欣雄,CAPM_Beta 一年,0.1268
8913 全銓,CAPM_Beta 一年,0.1941
8916 光隆,CAPM_Beta 一年,1.0427
8917 欣泰,CAPM_Beta 一年,0.1299
8921 沈氏,CAPM_Beta 一年,-0.2752
8923 時報,CAPM_Beta 一年,0.1153
8924 大田,CAPM_Beta 一年,0.4504
8926 台汽電,CAPM_Beta 一年,0.257
8927 北基,CAPM_Beta 一年,0.3124
8928 鉅明,CAPM_Beta 一年,0.9318
8929 富堡,CAPM_Beta 一年,0.3946
8930 青鋼,CAPM_Beta 一年,0.1472
8931 大汽電,CAPM_Beta 一年,0.2406
8932 宏大,CAPM_Beta 一年,0.3196
8933 愛地雅,CAPM_Beta 一年,0.7144
8934 衡平,CAPM_Beta 一年,-0.3377
8935 邦泰,CAPM_Beta 一年,0.3449
8936 國統,CAPM_Beta 一年,1.4993
8937 合騏,CAPM_Beta 一年,0.5184
8938 明安,CAPM_Beta 一年,0.5679
8940 新天地,CAPM_Beta 一年,0.4199
8941 關中,CAPM_Beta 一年,0.1988
8942 森鉅,CAPM_Beta 一年,0.5805
8996 高力,CAPM_Beta 一年,0.9289
9103 美德醫療-DR,CAPM_Beta 一年,0.371
910322 康師傅-DR,CAPM_Beta 一年,0.3386
910482 聖馬丁-DR,CAPM_Beta 一年,0.3981
9105 泰金寶-DR,CAPM_Beta 一年,0.4668
910861 神州-DR,CAPM_Beta 一年,0.7968
9110 越南控-DR,CAPM_Beta 一年,0.1955
911608 明輝-DR,CAPM_Beta 一年,0.0395
911613 特藝-DR,CAPM_Beta 一年,0
911616 杜康-DR,CAPM_Beta 一年,0.2826
911622 泰聚亨-DR,CAPM_Beta 一年,-0.0299
911868 同方友友-DR,CAPM_Beta 一年,0.2325
912000 晨訊科-DR,CAPM_Beta 一年,0.3888
912398 友佳-DR,CAPM_Beta 一年,0.2203
9136 巨騰-DR,CAPM_Beta 一年,0.7548
9157 陽光能源-DR,CAPM_Beta 一年,0.4613
9188 精熙-DR,CAPM_Beta 一年,0.2408
9802 鈺齊-KY,CAPM_Beta 一年,0.7654
9902 台火,CAPM_Beta 一年,0.6546
9904 寶成,CAPM_Beta 一年,1.2166
9905 大華,CAPM_Beta 一年,0.1807
9906 欣巴巴,CAPM_Beta 一年,1.3994
9907 統一實,CAPM_Beta 一年,0.7596
9908 大台北,CAPM_Beta 一年,0.221
9910 豐泰,CAPM_Beta 一年,1.5315
9911 櫻花,CAPM_Beta 一年,0.7154
9912 偉聯,CAPM_Beta 一年,0.2734
9914 美利達,CAPM_Beta 一年,1.3522
9917 中保,CAPM_Beta 一年,0.1763
9918 欣天然,CAPM_Beta 一年,0.194
9919 康那香,CAPM_Beta 一年,0.4005
9921 巨大,CAPM_Beta 一年,1.0841
9924 福興,CAPM_Beta 一年,0.5916
9925 新保,CAPM_Beta 一年,0.1851
9926 新海,CAPM_Beta 一年,0.1401
9927 泰銘,CAPM_Beta 一年,0.4127
9928 中視,CAPM_Beta 一年,0.0875
9929 秋雨,CAPM_Beta 一年,0.1076
9930 中聯資源,CAPM_Beta 一年,0.3024
9931 欣高,CAPM_Beta 一年,0.0628
9933 中鼎,CAPM_Beta 一年,0.6131
9934 成霖,CAPM_Beta 一年,0.7565
9935 慶豐富,CAPM_Beta 一年,0.2832
9937 全國,CAPM_Beta 一年,0.0554
9938 百和,CAPM_Beta 一年,1.3256
9939 宏全,CAPM_Beta 一年,0.5328
9940 信義,CAPM_Beta 一年,0.3176
9941 裕融,CAPM_Beta 一年,0.3445
9942 茂順,CAPM_Beta 一年,0.607
9943 好樂迪,CAPM_Beta 一年,0.4252
9944 新麗,CAPM_Beta 一年,0.6983
9945 潤泰新,CAPM_Beta 一年,1.0252
9946 三發地產,CAPM_Beta 一年,0.799
9949 琉園,CAPM_Beta 一年,0.1932
9950 萬國通,CAPM_Beta 一年,0.1555
9951 皇田,CAPM_Beta 一年,0.9638
9955 佳龍,CAPM_Beta 一年,0.109
9958 世紀鋼,CAPM_Beta 一年,0.4531
9960 邁達康,CAPM_Beta 一年,0.469
9962 有益,CAPM_Beta 一年,0.1389