公司,Data Field,2013/12/31
1101 台泥,負債比率,45.66
1102 亞泥,負債比率,41.75
1103 嘉泥,負債比率,35.58
1104 環泥,負債比率,18.08
1108 幸福,負債比率,48.7
1109 信大,負債比率,26.88
1110 東泥,負債比率,8.25
1201 味全,負債比率,69.68
1203 味王,負債比率,37.34
1210 大成,負債比率,51.15
1213 大飲,負債比率,19.35
1215 卜蜂,負債比率,46.68
1216 統一,負債比率,62.71
1217 愛之味,負債比率,53.6
1218 泰山,負債比率,57.59
1219 福壽,負債比率,31.61
1220 台榮,負債比率,27.03
1225 福懋油,負債比率,56.83
1227 佳格,負債比率,31.81
1229 聯華投控,負債比率,19.27
1231 聯華食,負債比率,53.52
1232 大統益,負債比率,24.34
1233 天仁,負債比率,27.59
1234 黑松,負債比率,20.34
1235 興泰,負債比率,48.8
1236 宏亞,負債比率,46.35
1240 茂生農經,負債比率,64.67
1256 鮮活果汁-KY,負債比率,38.39
1258 其祥-KY,負債比率,27.63
1259 安心,負債比率,32.93
1264 德麥,負債比率,16.21
1268 漢來美食,負債比率,64.15
1301 台塑,負債比率,35.79
1303 南亞,負債比率,43.69
1304 台聚,負債比率,46.6
1305 華夏,負債比率,45.07
1307 三芳,負債比率,44.04
1308 亞聚,負債比率,9.46
1309 台達化,負債比率,67
1310 台苯,負債比率,41.07
1312 國喬,負債比率,26.88
1313 聯成,負債比率,57.8
1314 中石化,負債比率,25.21
1315 達新,負債比率,20.74
1316 上曜,負債比率,48.18
1319 東陽,負債比率,42.88
1321 大洋,負債比率,43.66
1323 永裕,負債比率,52.39
1324 地球,負債比率,25.84
1325 恒大,負債比率,9.76
1326 台化,負債比率,40.51
1333 恩得利,負債比率,52.36
1336 台翰,負債比率,41.73
1337 再生-KY,負債比率,29.07
1338 廣華-KY,負債比率,42.41
1339 昭輝,負債比率,42.65
1340 勝悅-KY,負債比率,16.12
1341 富林-KY,負債比率,0
1402 遠東新,負債比率,45.15
1409 新纖,負債比率,72.37
1410 南染,負債比率,17.95
1413 宏洲,負債比率,71.39
1414 東和,負債比率,26.19
1416 廣豐,負債比率,42.09
1417 嘉裕,負債比率,26.82
1418 東華,負債比率,55.96
1419 新紡,負債比率,32.04
1423 利華,負債比率,8.39
1432 大魯閣,負債比率,19.44
1434 福懋,負債比率,29.25
1435 中福,負債比率,15.24
1436 華友聯,負債比率,57.49
1437 勤益控,負債比率,52.17
1438 裕豐,負債比率,11.85
1439 中和,負債比率,7.32
1440 南紡,負債比率,28.51
1441 大東,負債比率,58
1442 名軒,負債比率,59.61
1443 立益,負債比率,73.48
1444 力麗,負債比率,21.22
1445 大宇,負債比率,17.5
1446 宏和,負債比率,51.68
1447 力鵬,負債比率,39.7
1449 佳和,負債比率,75.89
1451 年興,負債比率,27.47
1452 宏益,負債比率,10.02
1453 大將,負債比率,13.55
1454 台富,負債比率,20.86
1455 集盛,負債比率,45.36
1456 怡華,負債比率,78.84
1457 宜進,負債比率,50.99
1459 聯發,負債比率,44.04
1460 宏遠,負債比率,47.31
1463 強盛,負債比率,36.57
1464 得力,負債比率,53.71
1465 偉全,負債比率,20.14
1466 聚隆,負債比率,44.37
1467 南緯,負債比率,62.3
1468 昶和,負債比率,47.21
1470 大統新創,負債比率,12.96
1471 首利,負債比率,28.28
1472 三洋紡,負債比率,66.62
1473 台南,負債比率,44.44
1474 弘裕,負債比率,49.46
1475 本盟,負債比率,53.96
1476 儒鴻,負債比率,35.3
1477 聚陽,負債比率,47.2
1503 士電,負債比率,37.38
1504 東元,負債比率,39.23
1506 正道,負債比率,41.3
1507 永大,負債比率,65.17
1512 瑞利,負債比率,65.59
1513 中興電,負債比率,43.55
1514 亞力,負債比率,41.89
1515 力山,負債比率,54.65
1516 川飛,負債比率,19.25
1517 利奇,負債比率,32.41
1519 華城,負債比率,46.84
1521 大億,負債比率,49.81
1522 堤維西,負債比率,69.57
1524 耿鼎,負債比率,60.31
1525 江申,負債比率,18.96
1526 日馳,負債比率,52.23
1527 鑽全,負債比率,78.11
1528 恩德,負債比率,53.94
1529 樂士,負債比率,27.47
1530 亞崴,負債比率,51.31
1531 高林股,負債比率,27.51
1532 勤美,負債比率,48.27
1533 車王電,負債比率,49.22
1535 中宇,負債比率,57.79
1536 和大,負債比率,56.56
1537 廣隆,負債比率,30.7
1538 正峰新,負債比率,62.56
1539 巨庭,負債比率,59.36
1540 喬福,負債比率,26.56
1541 錩泰,負債比率,51.02
1558 伸興,負債比率,30.14
1560 中砂,負債比率,31.01
1565 精華,負債比率,37.22
1568 倉佑,負債比率,55.12
1569 濱川,負債比率,59.37
1570 力肯,負債比率,23.82
1580 新麥,負債比率,46.04
1582 信錦,負債比率,40.16
1583 程泰,負債比率,55.94
1584 精剛,負債比率,61.55
1586 和勤,負債比率,46.04
1587 吉茂,負債比率,46.3
1589 永冠-KY,負債比率,33.73
1590 亞德客-KY,負債比率,37.7
1591 駿吉-KY,負債比率,31.68
1592 英瑞-KY,負債比率,52.81
1593 祺驊,負債比率,24.27
1595 川寶,負債比率,21.44
1597 直得,負債比率,48.05
1598 岱宇,負債比率,76.25
1599 宏佳騰,負債比率,27.83
1603 華電,負債比率,39.98
1604 聲寶,負債比率,37.13
1605 華新,負債比率,45.16
1608 華榮,負債比率,26.6
1609 大亞,負債比率,53.59
1611 中電,負債比率,44.57
1612 宏泰,負債比率,14.98
1614 三洋電,負債比率,22.85
1615 大山,負債比率,37.04
1616 億泰,負債比率,50.73
1617 榮星,負債比率,51.29
1618 合機,負債比率,9.52
1626 艾美特-KY,負債比率,58.3
1701 中化,負債比率,54.04
1702 南僑,負債比率,65.1
1707 葡萄王,負債比率,30.42
1708 東鹼,負債比率,46.02
1709 和益,負債比率,34.75
1710 東聯,負債比率,28.46
1711 永光,負債比率,37.16
1712 興農,負債比率,64.71
1713 國化,負債比率,6.82
1714 和桐,負債比率,60.13
1717 長興,負債比率,54.35
1718 中纖,負債比率,92
1720 生達,負債比率,33.08
1721 三晃,負債比率,49.48
1722 台肥,負債比率,23.68
1723 中碳,負債比率,13.58
1724 台硝,負債比率,26.95
1725 元禎,負債比率,52.29
1726 永記,負債比率,17.54
1727 中華化,負債比率,31.18
1730 花仙子,負債比率,29.06
1731 美吾華,負債比率,34.23
1732 毛寶,負債比率,26.35
1733 五鼎,負債比率,29.5
1734 杏輝,負債比率,38.74
1735 日勝化,負債比率,59.54
1736 喬山,負債比率,54.76
1737 臺鹽,負債比率,7.08
1742 台蠟,負債比率,25.91
1752 南光,負債比率,45.31
1760 寶齡富錦,負債比率,34.38
1762 中化生,負債比率,43.72
1773 勝一,負債比率,28.9
1776 展宇,負債比率,45.54
1777 生泰,負債比率,25.24
1781 合世,負債比率,34.43
1783 和康生,負債比率,12.42
1784 訊聯,負債比率,26.93
1785 光洋科,負債比率,66.33
1786 科妍,負債比率,4.01
1787 福盈科,負債比率,31.07
1788 杏昌,負債比率,36.97
1789 神隆,負債比率,16.03
1795 美時,負債比率,65.83
1796 金穎生技,負債比率,40.5
1799 易威,負債比率,29.7
1802 台玻,負債比率,49.72
1805 寶徠,負債比率,56.64
1806 冠軍,負債比率,42.5
1808 潤隆,負債比率,77.12
1809 中釉,負債比率,27.07
1810 和成,負債比率,50.87
1813 寶利徠,負債比率,8.19
1815 富喬,負債比率,50.26
1817 凱撒衛,負債比率,20.73
1902 台紙,負債比率,42.34
1903 士紙,負債比率,47.44
1904 正隆,負債比率,59.63
1905 華紙,負債比率,30.75
1906 寶隆,負債比率,33.09
1907 永豐餘,負債比率,56.62
1909 榮成,負債比率,66.16
2002 中鋼,負債比率,53.17
2006 東和鋼鐵,負債比率,41.75
2007 燁興,負債比率,63.43
2008 高興昌,負債比率,16.84
2009 第一銅,負債比率,26.75
2010 春源,負債比率,38.49
2012 春雨,負債比率,61.65
2013 中鋼構,負債比率,68.32
2014 中鴻,負債比率,75.34
2015 豐興,負債比率,19.02
2017 官田鋼,負債比率,36.81
2020 美亞,負債比率,39.06
2022 聚亨,負債比率,53.39
2023 燁輝,負債比率,56.18
2024 志聯,負債比率,53.64
2025 千興,負債比率,40.97
2027 大成鋼,負債比率,63.13
2028 威致,負債比率,73.78
2029 盛餘,負債比率,19.51
2030 彰源,負債比率,72.35
2031 新光鋼,負債比率,55.47
2032 新鋼,負債比率,18.64
2033 佳大,負債比率,26.27
2034 允強,負債比率,41.76
2035 唐榮,負債比率,74.72
2038 海光,負債比率,55.04
2049 上銀,負債比率,57.28
2059 川湖,負債比率,18.23
2061 風青,負債比率,65.66
2062 橋椿,負債比率,37.69
2063 世鎧,負債比率,41.96
2064 晉椿,負債比率,51.41
2065 世豐,負債比率,22.55
2066 世德,負債比率,20.74
2067 嘉鋼,負債比率,60.43
2069 運錩,負債比率,63.79
2070 精湛,負債比率,39.09
2101 南港,負債比率,44.21
2102 泰豐,負債比率,29.41
2103 台橡,負債比率,47.4
2104 國際中橡,負債比率,38.95
2105 正新,負債比率,51.06
2106 建大,負債比率,48.11
2107 厚生,負債比率,16.59
2108 南帝,負債比率,25.22
2109 華豐,負債比率,48.1
2114 鑫永銓,負債比率,21.93
2115 六暉-KY,負債比率,33.95
2201 裕隆,負債比率,56.04
2204 中華,負債比率,17.68
2206 三陽工業,負債比率,60.07
2207 和泰車,負債比率,71.65
2208 台船,負債比率,47.98
2221 大甲,負債比率,49.4
2227 裕日車,負債比率,29.1
2228 劍麟,負債比率,19.64
2230 泰茂,負債比率,31.72
2231 為升,負債比率,29.04
2233 宇隆,負債比率,35.24
2235 謚源,負債比率,56.46
2236 百達-KY,負債比率,36.79
2239 英利-KY,負債比率,53.37
2243 宏旭-KY,負債比率,0
2301 光寶科,負債比率,62.69
2302 麗正,負債比率,23.53
2303 聯電,負債比率,28.21
2305 全友,負債比率,40.6
2308 台達電,負債比率,45.36
2312 金寶,負債比率,67.19
2313 華通,負債比率,56.84
2314 台揚,負債比率,60.19
2316 楠梓電,負債比率,44.7
2317 鴻海,負債比率,65.15
2321 東訊,負債比率,81.86
2323 中環,負債比率,28.39
2324 仁寶,負債比率,70.26
2327 國巨,負債比率,50.06
2328 廣宇,負債比率,41.15
2329 華泰,負債比率,67.58
2330 台積電,負債比率,32.88
2331 精英,負債比率,47.09
2332 友訊,負債比率,44.41
2337 旺宏,負債比率,46.83
2338 光罩,負債比率,8.74
2340 光磊,負債比率,39.4
2342 茂矽,負債比率,46.34
2344 華邦電,負債比率,35.54
2345 智邦,負債比率,47.67
2347 聯強,負債比率,65.17
2348 海悅,負債比率,57.02
2349 錸德,負債比率,34.92
2351 順德,負債比率,54.26
2352 佳世達,負債比率,74.15
2353 宏碁,負債比率,70.47
2354 鴻準,負債比率,27.27
2355 敬鵬,負債比率,36.66
2356 英業達,負債比率,71.14
2357 華碩,負債比率,53.74
2358 廷鑫,負債比率,14.79
2359 所羅門,負債比率,17.08
2360 致茂,負債比率,31.73
2362 藍天,負債比率,51.54
2363 矽統,負債比率,1.68
2364 倫飛,負債比率,45.39
2365 昆盈,負債比率,37.76
2367 燿華,負債比率,47.33
2368 金像電,負債比率,72.2
2369 菱生,負債比率,24.88
2371 大同,負債比率,69.43
2373 震旦行,負債比率,41.48
2374 佳能,負債比率,40.76
2375 智寶,負債比率,19.47
2376 技嘉,負債比率,37.57
2377 微星,負債比率,44.92
2379 瑞昱,負債比率,42.79
2380 虹光,負債比率,18.91
2382 廣達,負債比率,76.51
2383 台光電,負債比率,52.6
2385 群光,負債比率,52.25
2387 精元,負債比率,44.91
2388 威盛,負債比率,66.63
2390 云辰,負債比率,24.36
2392 正崴,負債比率,60.48
2393 億光,負債比率,52.9
2395 研華,負債比率,29.47
2397 友通,負債比率,16.72
2399 映泰,負債比率,32.69
2401 凌陽,負債比率,27.01
2402 毅嘉,負債比率,38.21
2404 漢唐,負債比率,53.67
2405 浩鑫,負債比率,52.28
2406 國碩,負債比率,48.35
2408 南亞科,負債比率,89.28
2409 友達,負債比率,63.77
2412 中華電,負債比率,17.19
2413 環科,負債比率,62.96
2414 精技,負債比率,50.21
2415 錩新,負債比率,46.21
2417 圓剛,負債比率,8.62
2419 仲琦,負債比率,54.17
2420 新巨,負債比率,55.45
2421 建準,負債比率,45.25
2423 固緯,負債比率,35.7
2424 隴華,負債比率,4.55
2425 承啟,負債比率,48.35
2426 鼎元,負債比率,52.98
2427 三商電,負債比率,34.16
2428 興勤,負債比率,25.85
2429 銘旺科,負債比率,39.84
2430 燦坤,負債比率,56.28
2431 聯昌,負債比率,40.87
2433 互盛電,負債比率,31.94
2434 統懋,負債比率,43.92
2436 偉詮電,負債比率,15.52
2438 翔耀,負債比率,25.34
2439 美律,負債比率,43.2
2440 太空梭,負債比率,47.11
2441 超豐,負債比率,14.12
2442 新美齊,負債比率,51.85
2443 億麗,負債比率,9.66
2444 兆勁,負債比率,41.29
2448 晶電,負債比率,37.36
2449 京元電子,負債比率,41.9
2450 神腦,負債比率,41.79
2451 創見,負債比率,18.25
2453 凌群,負債比率,48.71
2454 聯發科,負債比率,24.47
2455 全新,負債比率,9.6
2456 奇力新,負債比率,51.49
2457 飛宏,負債比率,42.62
2458 義隆,負債比率,21.87
2459 敦吉,負債比率,40.51
2460 建通,負債比率,50.77
2461 光群雷,負債比率,42.15
2462 良得電,負債比率,55.99
2464 盟立,負債比率,44.77
2465 麗臺,負債比率,48.65
2466 冠西電,負債比率,55.61
2467 志聖,負債比率,47.97
2468 華經,負債比率,33.32
2471 資通,負債比率,31.91
2472 立隆電,負債比率,43.13
2474 可成,負債比率,30.08
2476 鉅祥,負債比率,21.19
2477 美隆電,負債比率,29.52
2478 大毅,負債比率,29.09
2480 敦陽科,負債比率,31.26
2481 強茂,負債比率,66.39
2482 連宇,負債比率,20.19
2483 百容,負債比率,15.44
2484 希華,負債比率,33.96
2485 兆赫,負債比率,24.14
2486 一詮,負債比率,54.87
2488 漢平,負債比率,35.69
2489 瑞軒,負債比率,41.77
2491 吉祥全,負債比率,84.47
2492 華新科,負債比率,39.11
2493 揚博,負債比率,26.26
2495 普安,負債比率,12.97
2496 卓越,負債比率,42.58
2497 怡利電,負債比率,33.65
2498 宏達電,負債比率,54.99
2499 東貝,負債比率,56.28
2501 國建,負債比率,51.57
2504 國產,負債比率,51.26
2505 國揚,負債比率,55.97
2506 太設,負債比率,55.87
2509 全坤建,負債比率,29.98
2511 太子,負債比率,64.8
2514 龍邦,負債比率,96.87
2515 中工,負債比率,49.92
2516 新建,負債比率,69.53
2520 冠德,負債比率,72.12
2524 京城,負債比率,61.21
2527 宏璟,負債比率,61.15
2528 皇普,負債比率,22.15
2530 華建,負債比率,60.95
2534 宏盛,負債比率,59.9
2535 達欣工,負債比率,64.53
2536 宏普,負債比率,59.17
2537 聯上發,負債比率,61.13
2538 基泰,負債比率,50.53
2539 櫻花建,負債比率,51.67
2540 愛山林,負債比率,30.38
2542 興富發,負債比率,75.86
2543 皇昌,負債比率,59.58
2545 皇翔,負債比率,72.29
2546 根基,負債比率,51.37
2547 日勝生,負債比率,70.67
2548 華固,負債比率,58.62
2596 綠意,負債比率,36.24
2597 潤弘,負債比率,62.84
2601 益航,負債比率,59.43
2603 長榮,負債比率,65.62
2605 新興,負債比率,39.36
2606 裕民,負債比率,50.4
2607 榮運,負債比率,17.64
2608 嘉里大榮,負債比率,35.4
2609 陽明,負債比率,76.4
2610 華航,負債比率,76.07
2611 志信,負債比率,36.83
2612 中航,負債比率,54.16
2613 中櫃,負債比率,55.01
2614 東森,負債比率,45.9
2615 萬海,負債比率,60.31
2616 山隆,負債比率,48.24
2617 台航,負債比率,24.34
2618 長榮航,負債比率,73.64
2630 亞航,負債比率,31.54
2633 台灣高鐵,負債比率,91.38
2634 漢翔,負債比率,61.07
2636 台驊投控,負債比率,56.18
2637 慧洋-KY,負債比率,67.91
2640 大車隊,負債比率,19.44
2641 正德,負債比率,56.87
2642 宅配通,負債比率,25.08
2643 捷迅,負債比率,58.91
2701 萬企,負債比率,13.06
2702 華園,負債比率,57.03
2704 國賓,負債比率,26.2
2705 六福,負債比率,49.98
2706 第一店,負債比率,12.34
2707 晶華,負債比率,51.78
2712 遠雄來,負債比率,23.33
2718 晶悅,負債比率,27.15
2719 燦星旅,負債比率,46.44
2722 夏都,負債比率,12.18
2723 美食-KY,負債比率,28.93
2724 富驛-KY,負債比率,71.03
2726 雅茗-KY,負債比率,68.75
2727 王品,負債比率,45.25
2729 瓦城,負債比率,15.74
2731 雄獅,負債比率,49.36
2732 六角,負債比率,37.79
2734 易飛網,負債比率,42.98
2736 高野,負債比率,38.26
2739 寒舍,負債比率,59.58
2740 天蔥,負債比率,43.89
2745 五福,負債比率,73.46
2748 雲品,負債比率,58.21
2752 豆府,負債比率,0
2801 彰銀,負債比率,93.39
2809 京城銀,負債比率,88.64
2812 台中銀,負債比率,93.75
2816 旺旺保,負債比率,78.23
2820 華票,負債比率,88.88
2823 中壽,負債比率,93.61
2832 台產,負債比率,57.79
2834 臺企銀,負債比率,95.68
2836 高雄銀,負債比率,95.41
2838 聯邦銀,負債比率,93.48
2841 台開,負債比率,49.66
2845 遠東銀,負債比率,94.12
2849 安泰銀,負債比率,92.75
2850 新產,負債比率,72.55
2851 中再保,負債比率,72.57
2852 第一保,負債比率,64.08
2855 統一證,負債比率,61.88
2867 三商壽,負債比率,96.95
2880 華南金,負債比率,93.73
2881 富邦金,負債比率,92.56
2882 國泰金,負債比率,93.86
2883 開發金,負債比率,73.9
2884 玉山金,負債比率,93.97
2885 元大金,負債比率,81.32
2886 兆豐金,負債比率,92.24
2887 台新金,負債比率,93.1
2888 新光金,負債比率,95.47
2889 國票金,負債比率,85.25
2890 永豐金,負債比率,92.6
2891 中信金,負債比率,92.05
2892 第一金,負債比率,93.76
2897 王道銀行,負債比率,89.09
2901 欣欣,負債比率,14.08
2903 遠百,負債比率,66.72
2904 匯僑,負債比率,6.96
2905 三商,負債比率,96.72
2906 高林,負債比率,25.87
2908 特力,負債比率,70.93
2910 統領,負債比率,57.15
2911 麗嬰房,負債比率,56.33
2912 統一超,負債比率,67.07
2913 農林,負債比率,33.44
2915 潤泰全,負債比率,12.34
2916 滿心,負債比率,25.75
2923 鼎固-KY,負債比率,51.47
2924 東凌-KY,負債比率,35.4
2926 誠品生活,負債比率,64.3
2928 紅馬-KY,負債比率,34.23
2929 淘帝-KY,負債比率,32.32
2936 客思達-KY,負債比率,46.94
2937 集雅社,負債比率,51.21
2939 凱羿-KY,負債比率,0
3002 歐格,負債比率,20.32
3003 健和興,負債比率,31.43
3004 豐達科,負債比率,60.95
3005 神基,負債比率,38.92
3006 晶豪科,負債比率,26.97
3008 大立光,負債比率,21.15
3010 華立,負債比率,58.25
3011 今皓,負債比率,34.73
3013 晟銘電,負債比率,43.44
3014 聯陽,負債比率,21.59
3015 全漢,負債比率,46.2
3016 嘉晶,負債比率,27.49
3017 奇鋐,負債比率,66.12
3018 同開,負債比率,53.47
3019 亞光,負債比率,38.23
3021 鴻名,負債比率,27.87
3022 威強電,負債比率,58.54
3023 信邦,負債比率,50.42
3024 憶聲,負債比率,49.02
3025 星通,負債比率,19.41
3026 禾伸堂,負債比率,34.8
3027 盛達,負債比率,33.9
3028 增你強,負債比率,66.13
3029 零壹,負債比率,54.59
3030 德律,負債比率,15.9
3031 佰鴻,負債比率,21.28
3032 偉訓,負債比率,35.31
3033 威健,負債比率,73.53
3034 聯詠,負債比率,36.87
3035 智原,負債比率,19.58
3036 文曄,負債比率,64.55
3037 欣興,負債比率,49.82
3038 全台,負債比率,46.94
3040 遠見,負債比率,12.07
3041 揚智,負債比率,15.81
3042 晶技,負債比率,35.88
3043 科風,負債比率,80.85
3044 健鼎,負債比率,46.75
3045 台灣大,負債比率,57.7
3046 建碁,負債比率,37.61
3047 訊舟,負債比率,44.17
3048 益登,負債比率,70.14
3049 和鑫,負債比率,79.75
3050 鈺德,負債比率,15.89
3051 力特,負債比率,89.35
3052 夆典,負債比率,56.35
3054 立萬利,負債比率,35.65
3055 蔚華科,負債比率,26.32
3056 總太,負債比率,65.52
3057 喬鼎,負債比率,30.9
3058 立德,負債比率,48.75
3059 華晶科,負債比率,37.02
3060 銘異,負債比率,31.49
3062 建漢,負債比率,39.74
3064 泰偉,負債比率,25.94
3066 李洲,負債比率,37.09
3067 全域,負債比率,27.08
3071 協禧,負債比率,44.58
3073 凱柏實業,負債比率,22.94
3078 僑威,負債比率,36.55
3081 聯亞,負債比率,13.7
3083 網龍,負債比率,9
3085 新零售,負債比率,18.74
3086 華義,負債比率,20.4
3088 艾訊,負債比率,35.94
3089 元炬,負債比率,30.31
3090 日電貿,負債比率,53.67
3092 鴻碩,負債比率,53.12
3093 港建,負債比率,24.62
3094 聯傑,負債比率,5.35
3095 及成,負債比率,81.69
3105 穩懋,負債比率,29.46
3114 好德,負債比率,41.41
3115 寶島極,負債比率,39.99
3118 進階,負債比率,25.78
3122 笙泉,負債比率,23.19
3128 昇銳,負債比率,24.55
3130 一零四,負債比率,36.03
3131 弘塑,負債比率,42.61
3141 晶宏,負債比率,15.58
3144 新揚科,負債比率,49.87
3147 大綜,負債比率,60.71
3149 正達,負債比率,49.31
3152 璟德,負債比率,7.07
3162 精確,負債比率,50.03
3163 波若威,負債比率,33.42
3164 景岳,負債比率,39.05
3167 大量,負債比率,54.06
3169 亞信,負債比率,10.05
3171 新洲,負債比率,41.19
3176 基亞,負債比率,6.89
3178 公準,負債比率,76.32
3188 鑫龍騰,負債比率,14.56
3189 景碩,負債比率,27.77
3191 和進,負債比率,20.69
3202 樺晟,負債比率,64.67
3205 佰研,負債比率,37.58
3206 志豐,負債比率,33.12
3207 耀勝,負債比率,46.83
3209 全科,負債比率,71.75
3211 順達,負債比率,59.69
3213 茂訊,負債比率,26.3
3217 優群,負債比率,34.64
3218 大學光,負債比率,19.54
3219 倚強股份,負債比率,26.16
3221 台嘉碩,負債比率,28.08
3224 三顧,負債比率,61.9
3226 至寶電,負債比率,15.79
3227 原相,負債比率,15.43
3228 金麗科,負債比率,15.49
3229 晟鈦,負債比率,22.68
3230 錦明,負債比率,44.2
3231 緯創,負債比率,75.53
3232 昱捷,負債比率,39.51
3234 光環,負債比率,30.62
3236 千如,負債比率,42.37
3252 海灣,負債比率,62.44
3257 虹冠電,負債比率,11.17
3259 鑫創,負債比率,12.41
3260 威剛,負債比率,50.87
3264 欣銓,負債比率,33.94
3265 台星科,負債比率,5.99
3266 昇陽,負債比率,48.5
3268 海德威,負債比率,77.6
3272 東碩,負債比率,64.81
3276 宇環,負債比率,51.36
3284 太普高,負債比率,43.64
3285 微端,負債比率,24.28
3287 廣寰科,負債比率,21.39
3288 點晶,負債比率,42.71
3289 宜特,負債比率,43.59
3290 東浦,負債比率,56.94
3293 鈊象,負債比率,13.82
3294 英濟,負債比率,47.62
3296 勝德,負債比率,28.06
3297 杭特,負債比率,20.02
3303 岱稜,負債比率,48.19
3305 昇貿,負債比率,36.62
3306 鼎天,負債比率,19.57
3308 聯德,負債比率,62.82
3310 佳穎,負債比率,50.7
3311 閎暉,負債比率,38.02
3312 弘憶股,負債比率,69.06
3313 斐成,負債比率,40.65
3317 尼克森,負債比率,34.3
3321 同泰,負債比率,68.06
3322 建舜電,負債比率,48.5
3323 加百裕,負債比率,40.53
3324 雙鴻,負債比率,62.81
3325 旭品,負債比率,29.98
3332 幸康,負債比率,16.45
3338 泰碩,負債比率,52.71
3339 泰谷,負債比率,45.97
3346 麗清,負債比率,61.64
3354 律勝,負債比率,13.06
3356 奇偶,負債比率,17.24
3360 尚立,負債比率,85.19
3362 先進光,負債比率,49.84
3363 上詮,負債比率,33.53
3372 典範,負債比率,16.53
3373 熱映,負債比率,20.67
3374 精材,負債比率,50.79
3376 新日興,負債比率,25.87
3379 彬台,負債比率,55.34
3380 明泰,負債比率,45.78
3383 新世紀,負債比率,53.48
3388 崇越電,負債比率,27.94
3390 旭軟,負債比率,16.71
3402 漢科,負債比率,39.43
3406 玉晶光,負債比率,39.74
3413 京鼎,負債比率,65.03
3416 融程電,負債比率,16.39
3419 譁裕,負債比率,45.82
3426 台興,負債比率,28.9
3432 台端,負債比率,27.97
3434 哲固,負債比率,55.92
3437 榮創,負債比率,50.53
3438 類比科,負債比率,34.28
3441 聯一光,負債比率,12.67
3443 創意,負債比率,25.27
3444 利機,負債比率,28.34
3450 聯鈞,負債比率,49.44
3452 益通,負債比率,13.79
3454 晶睿,負債比率,28.5
3455 由田,負債比率,35.41
3465 進泰電子,負債比率,69.92
3466 致振,負債比率,34.56
3479 安勤,負債比率,25.78
3481 群創,負債比率,61.71
3483 力致,負債比率,42.72
3484 崧騰,負債比率,47.31
3489 森寶,負債比率,35.89
3490 單井,負債比率,39.1
3491 昇達科,負債比率,17.69
3492 長盛,負債比率,54.35
3494 誠研,負債比率,34.34
3498 陽程,負債比率,38.8
3499 環天科,負債比率,33.67
3501 維熹,負債比率,19.46
3504 揚明光,負債比率,32.85
3508 位速,負債比率,26.64
3511 矽瑪,負債比率,29.88
3512 皇龍,負債比率,50.83
3515 華擎,負債比率,29.5
3516 亞帝歐,負債比率,23.94
3518 柏騰,負債比率,21.71
3520 振維,負債比率,58.76
3521 鴻翊,負債比率,36.21
3522 御頂,負債比率,53.56
3523 迎輝,負債比率,53.63
3526 凡甲,負債比率,40.05
3527 聚積,負債比率,27.09
3528 安馳,負債比率,37.67
3529 力旺,負債比率,9.05
3530 晶相光,負債比率,4.59
3531 先益,負債比率,26.21
3532 台勝科,負債比率,14.26
3533 嘉澤,負債比率,32.61
3535 晶彩科,負債比率,39.31
3536 誠創,負債比率,43.15
3537 堡達,負債比率,36.1
3540 曜越,負債比率,37.52
3541 西柏,負債比率,40.85
3545 敦泰,負債比率,53.72
3546 宇峻,負債比率,13.09
3548 兆利,負債比率,38.22
3550 聯穎,負債比率,41.63
3551 世禾,負債比率,20.17
3552 同致,負債比率,49.47
3555 重鵬,負債比率,35.4
3556 禾瑞亞,負債比率,24.65
3557 嘉威,負債比率,33.28
3558 神準,負債比率,49.18
3562 頂晶科,負債比率,93.62
3563 牧德,負債比率,18.34
3564 其陽,負債比率,29.07
3567 逸昌,負債比率,18.51
3570 大塚,負債比率,22.55
3576 聯合再生,負債比率,44.01
3577 泓格,負債比率,18.53
3580 友威科,負債比率,59.02
3581 博磊,負債比率,30.18
3583 辛耘,負債比率,40.3
3587 閎康,負債比率,18.77
3588 通嘉,負債比率,15.61
3591 艾笛森,負債比率,37.19
3593 力銘,負債比率,10.28
3594 磐儀,負債比率,41.71
3596 智易,負債比率,40.37
3605 宏致,負債比率,40.84
3607 谷崧,負債比率,38.84
3609 東林,負債比率,38.79
3611 鼎翰,負債比率,34.56
3615 安可,負債比率,10.63
3617 碩天,負債比率,35.09
3622 洋華,負債比率,17.39
3623 富晶通,負債比率,26.32
3624 光頡,負債比率,25.71
3625 西勝,負債比率,30.87
3628 盈正,負債比率,36.26
3629 地心引力,負債比率,59.14
3630 新鉅科,負債比率,48.39
3631 晟楠,負債比率,48.62
3632 研勤,負債比率,50.86
3642 駿熠電,負債比率,26.75
3645 達邁,負債比率,30.78
3646 艾恩特,負債比率,34.37
3652 精聯,負債比率,35.27
3653 健策,負債比率,15.33
3661 世芯-KY,負債比率,13.06
3663 鑫科,負債比率,37
3664 安瑞-KY,負債比率,29.56
3665 貿聯-KY,負債比率,32.94
3666 光耀,負債比率,31.58
3669 圓展,負債比率,13.58
3672 康聯訊,負債比率,36.38
3673 TPK-KY,負債比率,70.32
3675 德微,負債比率,33.05
3679 新至陞,負債比率,34.84
3680 家登,負債比率,56.78
3682 亞太電,負債比率,11.08
3684 榮昌,負債比率,30.78
3685 元創精密,負債比率,38.46
3686 達能,負債比率,27.66
3687 歐買尬,負債比率,12.93
3689 湧德,負債比率,45.37
3691 碩禾,負債比率,28
3693 營邦,負債比率,30.37
3694 海華,負債比率,52.31
3698 隆達,負債比率,47.44
3701 大眾控,負債比率,68.24
3702 大聯大,負債比率,70.44
3703 欣陸,負債比率,65.41
3704 合勤控,負債比率,36.14
3705 永信,負債比率,31.43
3706 神達,負債比率,30.73
3707 漢磊,負債比率,0
3708 上緯投控,負債比率,0
3709 鑫聯大投控,負債比率,0
3710 連展投控,負債比率,0
3711 日月光投控,負債比率,0
3712 永崴投控,負債比率,0
4102 永日,負債比率,10.78
4104 佳醫,負債比率,47.28
4105 東洋,負債比率,37.55
4106 雃博,負債比率,24.68
4107 邦特,負債比率,19.08
4108 懷特,負債比率,3
4109 加捷生醫,負債比率,21.61
4111 濟生,負債比率,36.52
4113 聯上,負債比率,50.36
4114 健喬,負債比率,32.86
4116 明基醫,負債比率,37.08
4119 旭富,負債比率,32.26
4120 友華,負債比率,33.28
4121 優盛,負債比率,36.26
4123 晟德,負債比率,8.27
4126 太醫,負債比率,16.96
4127 天良,負債比率,45.7
4128 中天,負債比率,8.74
4129 聯合,負債比率,50.97
4130 健亞,負債比率,14.84
4131 晶宇,負債比率,2.8
4133 亞諾法,負債比率,4.31
4137 麗豐-KY,負債比率,31.62
4138 曜亞,負債比率,35.5
4139 馬光-KY,負債比率,28.71
4141 龍燈-KY,負債比率,55.94
4142 國光生,負債比率,41
4144 康聯-KY,負債比率,11.34
4147 中裕,負債比率,7.97
4148 全宇生技-KY,負債比率,40.63
4152 台微體,負債比率,4.08
4153 鈺緯,負債比率,45.88
4154 康樂-KY,負債比率,16.54
4155 訊映,負債比率,58.15
4157 太景*-KY,負債比率,68.39
4160 創源,負債比率,10.75
4161 聿新科,負債比率,17.76
4162 智擎,負債比率,0.94
4163 鐿鈦,負債比率,33.87
4164 承業醫,負債比率,32.17
4167 展旺,負債比率,50.58
4168 醣聯,負債比率,1.32
4171 瑞基,負債比率,53.2
4173 久裕,負債比率,81.33
4174 浩鼎,負債比率,2.1
4175 杏一,負債比率,72.14
4183 福永生技,負債比率,46.5
4188 安克,負債比率,2.2
4190 佐登-KY,負債比率,77.44
4192 杏國,負債比率,4.87
4198 環瑞醫,負債比率,27.37
4205 中華食,負債比率,16.79
4207 環泰,負債比率,40
4303 信立,負債比率,34.07
4304 勝昱,負債比率,46.62
4305 世坤,負債比率,18.29
4306 炎洲,負債比率,62.89
4401 東隆興,負債比率,44.3
4402 福大,負債比率,67.4
4406 新昕纖,負債比率,23.69
4413 飛寶企業,負債比率,43.03
4414 如興,負債比率,64.81
4415 台原藥,負債比率,83.31
4416 三圓,負債比率,69.34
4417 金洲,負債比率,46.36
4419 元勝,負債比率,39.25
4420 光明,負債比率,9.79
4426 利勤,負債比率,35.25
4429 聚紡,負債比率,19.3
4430 耀億,負債比率,37.87
4432 銘旺實,負債比率,26.3
4433 興采,負債比率,40.05
4438 廣越,負債比率,43.02
4502 健信,負債比率,73.7
4503 金雨,負債比率,36.18
4506 崇友,負債比率,43.08
4510 高鋒,負債比率,47.12
4513 福裕,負債比率,69.61
4523 永彰,負債比率,28.9
4526 東台,負債比率,54.93
4527 方土霖,負債比率,41.14
4528 江興鍛,負債比率,38.27
4529 淳紳,負債比率,22.05
4530 宏易,負債比率,32.98
4532 瑞智,負債比率,54.66
4533 協易機,負債比率,55.02
4534 慶騰,負債比率,48.54
4535 至興,負債比率,36.8
4536 拓凱,負債比率,33.62
4538 大詠城,負債比率,25.34
4540 全球傳動,負債比率,47.49
4541 晟田,負債比率,58.31
4542 科嶠,負債比率,53.55
4543 萬在,負債比率,39.33
4545 銘鈺,負債比率,54.4
4549 桓達,負債比率,23.44
4550 長佳,負債比率,37.88
4551 智伸科,負債比率,45.46
4552 力達-KY,負債比率,58.89
4554 橙的,負債比率,41.96
4555 氣立,負債比率,16.44
4556 旭然,負債比率,27.47
4557 永新-KY,負債比率,49.15
4560 強信-KY,負債比率,30.63
4561 健椿,負債比率,73.68
4562 穎漢,負債比率,76.4
4563 百德,負債比率,60.43
4564 元翎,負債比率,44.67
4566 時碩工業,負債比率,67.38
4568 科際精密,負債比率,0
4571 鈞興-KY,負債比率,0
4572 駐龍,負債比率,0
4576 大銀微系統,負債比率,0
4609 唐鋒,負債比率,48.81
4702 中美實,負債比率,35.29
4706 大恭,負債比率,24.66
4707 磐亞,負債比率,93.37
4711 永純,負債比率,26.66
4712 南璋,負債比率,15.24
4714 永捷,負債比率,41.77
4716 大立,負債比率,30.06
4720 德淵,負債比率,44.44
4721 美琪瑪,負債比率,40.51
4722 國精化,負債比率,47.21
4725 信昌化,負債比率,58.11
4726 永昕,負債比率,4.89
4728 雙美,負債比率,6.68
4729 熒茂,負債比率,77.83
4735 豪展,負債比率,51.76
4736 泰博,負債比率,33.77
4737 華廣,負債比率,76.33
4739 康普,負債比率,52.39
4741 泓瀚,負債比率,39.35
4743 合一,負債比率,5.92
4744 皇將,負債比率,76.73
4745 合富-KY,負債比率,44.42
4746 台耀,負債比率,49.6
4747 強生,負債比率,14.64
4754 國碳科,負債比率,42.14
4755 三福化,負債比率,29.14
4760 勤凱,負債比率,58.71
4763 材料-KY,負債比率,33.71
4764 雙鍵,負債比率,77.17
4766 南寶,負債比率,54.7
4767 誠泰科技,負債比率,49.44
4803 VHQ-KY,負債比率,61.28
4804 大略-KY,負債比率,37.67
4806 昇華,負債比率,39.07
4807 日成-KY,負債比率,20.38
4903 聯光通,負債比率,30.82
4904 遠傳,負債比率,38.25
4905 台聯電,負債比率,4.46
4906 正文,負債比率,50.14
4907 富宇,負債比率,88.19
4908 前鼎,負債比率,16.49
4909 新復興,負債比率,23.4
4911 德英,負債比率,1.1
4912 聯德控股-KY,負債比率,52.68
4915 致伸,負債比率,65.07
4916 事欣科,負債比率,29.53
4919 新唐,負債比率,42.67
4924 欣厚-KY,負債比率,60.53
4927 泰鼎-KY,負債比率,67.1
4930 燦星網,負債比率,43.71
4931 新盛力,負債比率,17.34
4933 友輝,負債比率,39.74
4934 太極,負債比率,50.63
4935 茂林-KY,負債比率,27.38
4938 和碩,負債比率,65.36
4939 亞電,負債比率,50.53
4942 嘉彰,負債比率,36.12
4943 康控-KY,負債比率,62.86
4944 兆遠,負債比率,32.72
4946 辣椒,負債比率,30.6
4947 昂寶-KY,負債比率,26.92
4950 牧東,負債比率,57.76
4952 凌通,負債比率,21.1
4953 緯軟,負債比率,44.79
4956 光鋐,負債比率,34.63
4958 臻鼎-KY,負債比率,64.06
4960 誠美材,負債比率,30.53
4961 天鈺,負債比率,46.64
4966 譜瑞-KY,負債比率,19.84
4967 十銓,負債比率,56.46
4968 立積,負債比率,63.45
4971 IET-KY,負債比率,6.48
4972 湯石照明,負債比率,22.86
4973 廣穎,負債比率,45.68
4974 亞泰,負債比率,35.87
4976 佳凌,負債比率,30.66
4977 眾達-KY,負債比率,16.91
4979 華星光,負債比率,46.15
4987 科誠,負債比率,38.67
4989 榮科,負債比率,93.6
4991 環宇-KY,負債比率,20.54
4994 傳奇,負債比率,17.97
4995 晶達,負債比率,23.67
4999 鑫禾,負債比率,30.32
5007 三星,負債比率,32.98
5009 榮剛,負債比率,53.38
5011 久陽,負債比率,44.96
5013 強新,負債比率,52.03
5014 建錩,負債比率,62.63
5015 華祺,負債比率,45.78
5016 松和,負債比率,64.46
5102 富強,負債比率,40.38
5201 凱衛,負債比率,18.49
5202 力新,負債比率,12.64
5203 訊連,負債比率,24.23
5205 中茂,負債比率,68.32
5206 坤悅,負債比率,53.79
5209 新鼎,負債比率,54.67
5210 寶碩,負債比率,15.57
5211 蒙恬,負債比率,15.33
5212 凌網,負債比率,38.08
5213 亞昕,負債比率,66.71
5215 科嘉-KY,負債比率,22.44
5220 萬達光電,負債比率,53.51
5223 安力-KY,負債比率,32.96
5225 東科-KY,負債比率,32.93
5227 立凱-KY,負債比率,17.92
5230 雷笛克光學,負債比率,49.49
5234 達興材料,負債比率,38.08
5243 乙盛-KY,負債比率,31.47
5245 智晶,負債比率,30.78
5251 天鉞電,負債比率,27.06
5258 虹堡,負債比率,40.4
5259 奕智博,負債比率,53.62
5263 智崴,負債比率,52.72
5264 鎧勝-KY,負債比率,40.59
5269 祥碩,負債比率,19.11
5272 笙科,負債比率,8.51
5274 信驊,負債比率,14.24
5276 達輝-KY,負債比率,29.97
5278 尚凡,負債比率,14.19
5281 大峽谷-KY,負債比率,43.31
5283 禾聯碩,負債比率,46.4
5284 jpp-KY,負債比率,44.11
5285 界霖,負債比率,45.11
5287 數字,負債比率,25.28
5288 豐祥-KY,負債比率,30.06
5289 宜鼎,負債比率,23.77
5291 邑昇,負債比率,56.69
5299 杰力,負債比率,21.54
5301 寶得利,負債比率,34.66
5302 太欣,負債比率,17.45
5304 鼎創達,負債比率,75.82
5305 敦南,負債比率,48.97
5306 桂盟,負債比率,42.19
5309 系統電,負債比率,55.3
5310 天剛,負債比率,44.14
5312 寶島科,負債比率,32.1
5314 世紀,負債比率,11.28
5315 光聯,負債比率,47.61
5321 友銓,負債比率,66.88
5324 士開,負債比率,35.89
5328 華容,負債比率,26.46
5340 建榮,負債比率,32.27
5344 立衛,負債比率,2.77
5345 天揚,負債比率,41.11
5347 世界,負債比率,15.32
5348 系通,負債比率,42.17
5349 先豐,負債比率,42.04
5351 鈺創,負債比率,40.52
5353 台林,負債比率,25.39
5355 佳總,負債比率,29.11
5356 協益,負債比率,28.19
5364 力麗店,負債比率,74.4
5371 中光電,負債比率,57.78
5381 合正,負債比率,56.11
5383 金利,負債比率,42.54
5386 青雲,負債比率,47.59
5388 中磊,負債比率,64.7
5392 應華,負債比率,28.58
5398 慕康生醫,負債比率,14.56
5403 中菲,負債比率,66.01
5410 國眾,負債比率,38.89
5425 台半,負債比率,30.38
5426 振發,負債比率,19.98
5432 達威,負債比率,17.67
5434 崇越,負債比率,42.16
5438 東友,負債比率,35.24
5439 高技,負債比率,29.88
5443 均豪,負債比率,41.96
5450 寶聯通,負債比率,29.91
5452 佶優,負債比率,59.66
5455 昇益,負債比率,77.84
5457 宣德,負債比率,51.26
5460 同協,負債比率,26.31
5464 霖宏,負債比率,64.75
5465 富驊,負債比率,43.77
5468 凱鈺,負債比率,26.56
5469 瀚宇博,負債比率,70.23
5471 松翰,負債比率,16.36
5474 聰泰,負債比率,26.72
5475 德宏,負債比率,59.82
5478 智冠,負債比率,39.22
5481 新華,負債比率,17.58
5483 中美晶,負債比率,48.11
5484 慧友,負債比率,27.68
5487 通泰,負債比率,14.96
5488 松普,負債比率,40.31
5489 彩富,負債比率,21.39
5490 同亨,負債比率,21.94
5493 三聯,負債比率,39.3
5498 凱崴,負債比率,40.63
5508 永信建,負債比率,17.06
5511 德昌,負債比率,61.27
5512 力麒,負債比率,54.11
5514 三豐,負債比率,40.41
5515 建國,負債比率,41.09
5516 雙喜,負債比率,61.51
5519 隆大,負債比率,53.29
5520 力泰,負債比率,27.8
5521 工信,負債比率,53.8
5522 遠雄,負債比率,56.93
5523 豐謙,負債比率,71.38
5525 順天,負債比率,55.98
5529 志嘉,負債比率,51.41
5530 龍巖,負債比率,76.19
5531 鄉林,負債比率,60.7
5533 皇鼎,負債比率,43.4
5534 長虹,負債比率,59.43
5536 聖暉,負債比率,58.62
5538 東明-KY,負債比率,37.92
5543 崇佑-KY,負債比率,41.05
5601 台聯櫃,負債比率,25.94
5603 陸海,負債比率,57.44
5604 中連貨,負債比率,42.7
5607 遠雄港,負債比率,48.75
5608 四維航,負債比率,70.49
5609 中菲行,負債比率,46.03
5701 劍湖山,負債比率,47.77
5703 亞都,負債比率,44.14
5704 老爺知,負債比率,16.83
5706 鳳凰,負債比率,30.63
5820 日盛金,負債比率,86.33
5864 致和證,負債比率,29.19
5871 中租-KY,負債比率,84.45
5876 上海商銀,負債比率,90.8
5878 台名,負債比率,24.74
5880 合庫金,負債比率,95.04
5902 德記,負債比率,46.53
5903 全家,負債比率,77.61
5904 寶雅,負債比率,49.45
5905 南仁湖,負債比率,40.34
5906 台南-KY,負債比率,47.3
5907 大洋-KY,負債比率,59.7
6005 群益證,負債比率,60.39
6015 宏遠證,負債比率,58.59
6016 康和證,負債比率,76.66
6020 大展證,負債比率,20.84
6021 大慶證,負債比率,53.54
6023 元大期,負債比率,81.15
6024 群益期,負債比率,81.42
6026 福邦證,負債比率,57.68
6101 寬魚國際,負債比率,41.06
6103 合邦,負債比率,59.75
6104 創惟,負債比率,35.04
6108 競國,負債比率,69.35
6109 亞元,負債比率,52.26
6111 大宇資,負債比率,38.52
6112 聚碩,負債比率,61.52
6113 亞矽,負債比率,21.62
6114 久威,負債比率,21.72
6115 鎰勝,負債比率,37.86
6116 彩晶,負債比率,23.17
6117 迎廣,負債比率,48.49
6118 建達,負債比率,60.21
6120 達運,負債比率,57.63
6121 新普,負債比率,53.32
6122 擎邦,負債比率,46.67
6123 上奇,負債比率,56.78
6124 業強,負債比率,12.9
6125 廣運,負債比率,55.97
6126 信音,負債比率,58.59
6127 九豪,負債比率,50.98
6128 上福,負債比率,37.87
6129 普誠,負債比率,13.21
6130 星寶國際,負債比率,36.67
6131 鈞泰,負債比率,14.84
6133 金橋,負債比率,22.05
6134 萬旭,負債比率,54.22
6136 富爾特,負債比率,4.09
6138 茂達,負債比率,21.69
6139 亞翔,負債比率,51.53
6140 訊達,負債比率,46.34
6141 柏承,負債比率,54.31
6142 友勁,負債比率,63.55
6143 振曜,負債比率,70.92
6144 得利影,負債比率,43.54
6146 耕興,負債比率,28.05
6147 頎邦,負債比率,40.77
6148 驊宏資,負債比率,72.91
6150 撼訊,負債比率,67.77
6151 晉倫,負債比率,51.31
6152 百一,負債比率,56.47
6153 嘉聯益,負債比率,44.07
6154 順發,負債比率,32.61
6155 鈞寶,負債比率,34.05
6156 松上,負債比率,48.88
6158 禾昌,負債比率,35.11
6160 欣技,負債比率,23
6161 捷波,負債比率,49.08
6163 華電網,負債比率,57.49
6164 華興,負債比率,31.22
6165 捷泰,負債比率,22.65
6166 凌華,負債比率,40.09
6167 久正,負債比率,58.43
6168 宏齊,負債比率,43.9
6169 昱泉,負債比率,17.82
6170 統振,負債比率,51.92
6171 亞銳士,負債比率,15.07
6172 互億,負債比率,51.76
6173 信昌電,負債比率,27.71
6174 安碁,負債比率,19.74
6175 立敦,負債比率,46.34
6176 瑞儀,負債比率,57.5
6177 達麗,負債比率,77.8
6179 亞通,負債比率,6.99
6180 橘子,負債比率,47.59
6182 合晶,負債比率,60.56
6183 關貿,負債比率,23.51
6184 大豐電,負債比率,38.45
6185 幃翔,負債比率,22.93
6186 新潤,負債比率,71.7
6187 萬潤,負債比率,19.6
6188 廣明,負債比率,66.19
6189 豐藝,負債比率,55.73
6190 萬泰科,負債比率,53.29
6191 精成科,負債比率,60.2
6192 巨路,負債比率,41.05
6194 育富,負債比率,7.97
6195 詩肯,負債比率,47.82
6196 帆宣,負債比率,59.12
6197 佳必琪,負債比率,30.83
6198 凌泰,負債比率,7.81
6199 天品,負債比率,1.96
6201 亞弘電,負債比率,28.46
6202 盛群,負債比率,19.38
6203 海韻電,負債比率,35.46
6204 艾華,負債比率,21.6
6205 詮欣,負債比率,32.09
6206 飛捷,負債比率,22.66
6207 雷科,負債比率,59.11
6208 日揚,負債比率,25.86
6209 今國光,負債比率,32.2
6210 慶生,負債比率,32.19
6212 理銘,負債比率,61.01
6213 聯茂,負債比率,55.88
6214 精誠,負債比率,28.54
6215 和椿,負債比率,45.61
6216 居易,負債比率,14.43
6217 中探針,負債比率,46.07
6218 豪勉,負債比率,30.73
6219 富旺,負債比率,59.88
6220 岳豐,負債比率,61.33
6221 晉泰,負債比率,61.4
6222 上揚,負債比率,26.59
6223 旺矽,負債比率,34.84
6224 聚鼎,負債比率,21.45
6225 天瀚,負債比率,57.16
6226 光鼎,負債比率,54.07
6227 茂綸,負債比率,31.23
6228 全譜,負債比率,33.73
6229 研通,負債比率,25.81
6230 超眾,負債比率,48.43
6231 系微,負債比率,47.21
6233 旺玖,負債比率,8.87
6234 高僑,負債比率,21.6
6235 華孚,負債比率,50.87
6236 康呈,負債比率,6.78
6237 驊訊,負債比率,5.07
6238 勝麗,負債比率,55.8
6239 力成,負債比率,48.49
6240 松崗,負債比率,71.51
6241 易通展,負債比率,30.67
6242 立康,負債比率,78.27
6243 迅杰,負債比率,10.73
6244 茂迪,負債比率,52.09
6245 立端,負債比率,49.48
6246 臺龍,負債比率,66.63
6247 淇譽電,負債比率,39.81
6248 沛波,負債比率,61.42
6251 定穎,負債比率,58.24
6257 矽格,負債比率,31.55
6259 百徽,負債比率,61.16
6261 久元,負債比率,28.57
6263 普萊德,負債比率,18.83
6264 富裔,負債比率,55.17
6265 方土昶,負債比率,37.83
6266 泰詠,負債比率,26.01
6269 台郡,負債比率,57.38
6270 倍微,負債比率,25.29
6271 同欣電,負債比率,19.89
6274 台燿,負債比率,48.4
6275 元山,負債比率,67.38
6276 安鈦克,負債比率,54.44
6277 宏正,負債比率,37.77
6278 台表科,負債比率,53.75
6279 胡連,負債比率,29.58
6281 全國電,負債比率,56.97
6282 康舒,負債比率,48.32
6283 淳安,負債比率,54.64
6284 佳邦,負債比率,48.91
6285 啟碁,負債比率,52.75
6287 元隆,負債比率,75.53
6288 聯嘉,負債比率,43.65
6289 華上,負債比率,35.54
6290 良維,負債比率,37.46
6291 沛亨,負債比率,60.04
6292 迅德,負債比率,30.03
6294 智基,負債比率,55.91
6404 通訊-KY,負債比率,20.47
6405 悅城,負債比率,31.37
6409 旭隼,負債比率,45.11
6411 晶焱,負債比率,27.22
6412 群電,負債比率,63.91
6414 樺漢,負債比率,34.41
6415 矽力-KY,負債比率,8.12
6416 瑞祺電通,負債比率,24.45
6417 韋僑,負債比率,28.95
6418 詠昇,負債比率,51.48
6419 京晨科,負債比率,21.78
6425 易發,負債比率,52.8
6426 統新,負債比率,37.21
6431 光麗-KY,負債比率,17.68
6432 今展科,負債比率,44.55
6435 大中,負債比率,31.86
6438 迅得,負債比率,55.35
6441 廣錠,負債比率,45.05
6442 光聖,負債比率,41.17
6443 元晶,負債比率,59.51
6446 藥華藥,負債比率,3.53
6449 鈺邦,負債比率,51.58
6451 訊芯-KY,負債比率,34.36
6452 康友-KY,負債比率,22.34
6456 GIS-KY,負債比率,87.14
6457 紘康,負債比率,18.96
6461 益得,負債比率,0.36
6462 神盾,負債比率,28.68
6464 台數科,負債比率,40.43
6465 威潤,負債比率,22.51
6469 大樹,負債比率,34.87
6470 宇智,負債比率,63.28
6472 保瑞,負債比率,44.36
6477 安集,負債比率,53.77
6482 弘煜科,負債比率,16.59
6485 點序,負債比率,37.27
6486 互動,負債比率,47.89
6488 環球晶,負債比率,37.67
6491 晶碩,負債比率,47.1
6492 生華科,負債比率,1.76
6494 九齊,負債比率,30.89
6496 科懋,負債比率,20.06
6497 亞獅康-KY　,負債比率,0
6499 益安,負債比率,0.64
6504 南六,負債比率,55
6505 台塑化,負債比率,50.15
6506 雙邦,負債比率,49.15
6508 惠光,負債比率,31.8
6509 聚和,負債比率,52.93
6510 精測,負債比率,39.3
6512 啟發電,負債比率,37.09
6514 芮特-KY,負債比率,23.01
6516 勤崴國際,負債比率,27.57
6523 達爾膚,負債比率,11.73
6525 捷敏-KY,負債比率,49.76
6530 創威,負債比率,18.86
6531 愛普,負債比率,29.29
6532 瑞耘,負債比率,21.22
6533 晶心科,負債比率,32.35
6535 順藥,負債比率,0.49
6538 倉和,負債比率,45.34
6541 泰福-KY,負債比率,17.16
6542 隆中,負債比率,35.99
6547 高端疫苗,負債比率,4.08
6548 長科*,負債比率,22.4
6552 易華電,負債比率,75.22
6556 勝品,負債比率,54.33
6558 興能高,負債比率,32.65
6560 欣普羅,負債比率,18.95
6561 是方,負債比率,29.22
6568 宏觀,負債比率,29.97
6569 醫揚,負債比率,45.15
6570 維田,負債比率,28.76
6573 虹揚-KY,負債比率,0
6574 霈方,負債比率,81.98
6576 逸達,負債比率,68.33
6577 勁豐,負債比率,36.09
6578 達邦蛋白,負債比率,45.56
6579 研揚,負債比率,25.85
6581 鋼聯,負債比率,32.95
6582 申豐,負債比率,26.25
6589 台康生技,負債比率,18.56
6590 普鴻,負債比率,56.74
6591 動力-KY,負債比率,78.3
6593 台灣銘板,負債比率,60.06
6594 展匯科,負債比率,0
6596 寬宏藝術,負債比率,6.78
6603 富強鑫,負債比率,56.97
6605 帝寶,負債比率,58.14
6609 瀧澤科,負債比率,52.35
6612 奈米醫材,負債比率,120.7
6613 朋億,負債比率,44.48
6615 慧智,負債比率,52.85
6616 特昇-KY,負債比率,0
6624 萬年清,負債比率,19.03
6625 必應,負債比率,0
6629 泰金-KY,負債比率,0
6640 均華,負債比率,22.46
6641 基士德-KY,負債比率,0
6642 富致,負債比率,18.26
6643 M31,負債比率,11.96
6649 台生材,負債比率,12.07
6654 天正國際,負債比率,32.51
6655 科定,負債比率,63.73
6662 樂斯科,負債比率,15.97
6664 群翊,負債比率,32.34
6666 羅麗芬-KY,負債比率,0
6667 信紘科,負債比率,47.13
6668 中揚光,負債比率,45.36
6669 緯穎,負債比率,91.85
6670 復盛應用,負債比率,59.12
6671 三能-KY,負債比率,0
6672 騰輝電子-KY,負債比率,0
6674 鋐寶科技,負債比率,68.88
6679 鈺太,負債比率,18.57
6680 鑫創電子,負債比率,0
6683 雍智科技,負債比率,0
6803 崑鼎,負債比率,36.83
7402 邑錡,負債比率,30.87
8011 台通,負債比率,36.66
8016 矽創,負債比率,25.83
8021 尖點,負債比率,30.46
8024 佑華,負債比率,13.89
8027 鈦昇,負債比率,52.61
8028 昇陽半導體,負債比率,48.63
8032 光菱,負債比率,41.03
8033 雷虎,負債比率,48.54
8034 榮群,負債比率,17.11
8038 長園科,負債比率,20.25
8039 台虹,負債比率,44.77
8040 九暘,負債比率,22.04
8042 金山電,負債比率,29.45
8043 蜜望實,負債比率,26.31
8044 網家,負債比率,59.31
8046 南電,負債比率,20.63
8047 星雲,負債比率,21.77
8048 德勝,負債比率,31.76
8049 晶采,負債比率,32.38
8050 廣積,負債比率,25.67
8054 安國,負債比率,24.47
8059 凱碩,負債比率,39.19
8064 東捷,負債比率,51.36
8066 來思達,負債比率,65.55
8067 志旭,負債比率,55.13
8068 全達,負債比率,84.14
8069 元太,負債比率,36.26
8070 長華,負債比率,54.88
8071 能率網通,負債比率,58.54
8072 陞泰,負債比率,10.34
8074 鉅橡,負債比率,50.17
8076 伍豐,負債比率,40.55
8077 洛碁,負債比率,69.82
8080 永利聯合,負債比率,43.58
8081 致新,負債比率,25.29
8083 瑞穎,負債比率,23.12
8084 巨虹,負債比率,52.08
8085 福華,負債比率,70.68
8086 宏捷科,負債比率,18.21
8087 華鎂鑫,負債比率,27.18
8088 品安,負債比率,22.07
8091 翔名,負債比率,19.67
8092 建暐,負債比率,42.21
8093 保銳,負債比率,34.15
8096 擎亞,負債比率,41.59
8097 常珵,負債比率,57.16
8099 大世科,負債比率,50.44
8101 華冠,負債比率,73.97
8103 瀚荃,負債比率,35.56
8104 錸寶,負債比率,85.89
8105 凌巨,負債比率,43.36
8107 大億金茂,負債比率,68.74
8109 博大,負債比率,40.58
8110 華東,負債比率,58.77
8111 立碁,負債比率,37.98
8112 至上,負債比率,63.46
8114 振樺電,負債比率,39.31
8121 越峰,負債比率,44.55
8131 福懋科,負債比率,7.91
8147 正淩,負債比率,42.48
8150 南茂,負債比率,40.27
8155 博智,負債比率,40.75
8163 達方,負債比率,52.49
8171 天宇,負債比率,51.89
8176 智捷,負債比率,40.66
8182 加高,負債比率,37.59
8183 精星,負債比率,47.23
8201 無敵,負債比率,47.15
8210 勤誠,負債比率,40.19
8213 志超,負債比率,59.31
8215 明基材,負債比率,68.25
8222 寶一,負債比率,46.94
8234 新漢,負債比率,50.76
8240 華宏,負債比率,57.29
8249 菱光,負債比率,30.86
8255 朋程,負債比率,22.11
8261 富鼎,負債比率,17.68
8271 宇瞻,負債比率,36.15
8277 商丞,負債比率,10.42
8279 生展,負債比率,40.84
8287 英格爾,負債比率,41.78
8289 泰藝,負債比率,32.88
8291 尚茂,負債比率,42.24
8299 群聯,負債比率,34.47
8341 日友,負債比率,49
8342 益張,負債比率,57
8349 恒耀,負債比率,52.46
8354 冠好,負債比率,41.67
8358 金居,負債比率,57.74
8367 建新國際,負債比率,53.73
8374 羅昇,負債比率,60.49
8383 千附,負債比率,40.54
8390 金益鼎,負債比率,47.27
8401 白紗科,負債比率,55.62
8403 盛弘,負債比率,48.89
8404 百和興業-KY,負債比率,26.46
8406 金可-KY,負債比率,30.49
8409 商之器,負債比率,16.22
8410 森田,負債比率,30.17
8411 福貞-KY,負債比率,33.29
8415 大國鋼,負債比率,45.59
8416 實威,負債比率,21.51
8418 捷必勝-KY,負債比率,62.78
8420 明揚,負債比率,46.51
8421 旭源,負債比率,69.44
8422 可寧衛,負債比率,11.81
8423 保綠-KY,負債比率,43.66
8424 惠普,負債比率,14.74
8426 紅木-KY,負債比率,47.92
8427 基勝-KY,負債比率,38.28
8429 金麗-KY,負債比率,14.57
8431 匯鑽科,負債比率,30.97
8432 東生華,負債比率,10.6
8433 弘帆,負債比率,28.93
8435 鉅邁,負債比率,14.17
8436 大江,負債比率,29.06
8437 大地-KY,負債比率,29.2
8440 綠電,負債比率,16.83
8442 威宏-KY,負債比率,66.53
8443 阿瘦,負債比率,35.68
8444 綠河-KY,負債比率,40.53
8446 華研,負債比率,38.61
8450 霹靂,負債比率,17.53
8454 富邦媒,負債比率,62.49
8455 大拓-KY,負債比率,81.69
8462 柏文,負債比率,53.1
8463 潤泰材,負債比率,80.44
8464 億豐,負債比率,91.24
8466 美吉吉-KY,負債比率,49.23
8467 波力-KY,負債比率,49.52
8472 夠麻吉,負債比率,73.81
8473 山林水,負債比率,44.29
8476 台境,負債比率,61.18
8477 創業家,負債比率,67.46
8478 東哥遊艇,負債比率,44.74
8480 泰昇-KY,負債比率,31.27
8481 政伸,負債比率,22.58
8482 商億-KY,負債比率,92.38
8488 吉源-KY,負債比率,60.71
8489 三貝德,負債比率,24.06
8497 格威傳媒,負債比率,62.57
8499 鼎炫-KY,負債比率,0
8905 裕國,負債比率,66.57
8906 花王,負債比率,16.21
8908 欣雄,負債比率,52.99
8913 全銓,負債比率,59.63
8916 光隆,負債比率,56.12
8917 欣泰,負債比率,37.73
8921 沈氏,負債比率,21.82
8923 時報,負債比率,38.61
8924 大田,負債比率,39.11
8926 台汽電,負債比率,25.12
8927 北基,負債比率,47.7
8928 鉅明,負債比率,67.41
8929 富堡,負債比率,33.99
8930 青鋼,負債比率,41.43
8931 大汽電,負債比率,42.58
8932 宏大,負債比率,69.52
8933 愛地雅,負債比率,58.45
8934 衡平,負債比率,80.14
8935 邦泰,負債比率,39.13
8936 國統,負債比率,38.98
8937 合騏,負債比率,11.25
8938 明安,負債比率,53.18
8940 新天地,負債比率,47.44
8941 關中,負債比率,89.76
8942 森鉅,負債比率,31.86
8996 高力,負債比率,34.4
9103 美德醫療-DR,負債比率,49.26
910322 康師傅-DR,負債比率,53.39
910482 聖馬丁-DR,負債比率,57.15
9105 泰金寶-DR,負債比率,74.79
910861 神州-DR,負債比率,70.36
9110 越南控-DR,負債比率,23.46
911608 明輝-DR,負債比率,48.24
911613 特藝-DR,負債比率,59.54
911616 杜康-DR,負債比率,19.04
911622 泰聚亨-DR,負債比率,39.19
911868 同方友友-DR,負債比率,40
912000 晨訊科-DR,負債比率,32
912398 友佳-DR,負債比率,57.51
9136 巨騰-DR,負債比率,48.14
9157 陽光能源-DR,負債比率,70.78
9188 精熙-DR,負債比率,12.73
9802 鈺齊-KY,負債比率,35.58
9902 台火,負債比率,7.39
9904 寶成,負債比率,44.54
9905 大華,負債比率,31.77
9906 欣巴巴,負債比率,73.91
9907 統一實,負債比率,55.66
9908 大台北,負債比率,25.56
9910 豐泰,負債比率,47.57
9911 櫻花,負債比率,33.15
9912 偉聯,負債比率,19.67
9914 美利達,負債比率,43.72
9917 中保,負債比率,43.75
9918 欣天然,負債比率,28.38
9919 康那香,負債比率,51.09
9921 巨大,負債比率,56.62
9924 福興,負債比率,28.71
9925 新保,負債比率,38.88
9926 新海,負債比率,38.24
9927 泰銘,負債比率,36.45
9928 中視,負債比率,73.33
9929 秋雨,負債比率,67.73
9930 中聯資源,負債比率,28.41
9931 欣高,負債比率,55.52
9933 中鼎,負債比率,61.21
9934 成霖,負債比率,60.24
9935 慶豐富,負債比率,81.91
9937 全國,負債比率,49.47
9938 百和,負債比率,41.9
9939 宏全,負債比率,56.84
9940 信義,負債比率,42
9941 裕融,負債比率,87.62
9942 茂順,負債比率,28.2
9943 好樂迪,負債比率,20.9
9944 新麗,負債比率,43.16
9945 潤泰新,負債比率,42.37
9946 三發地產,負債比率,62.99
9949 琉園,負債比率,17.87
9950 萬國通,負債比率,69.76
9951 皇田,負債比率,49.05
9955 佳龍,負債比率,31.11
9958 世紀鋼,負債比率,51.87
9960 邁達康,負債比率,38.34
9962 有益,負債比率,7.05