證券代碼,Data Field,2014/12/31
1101 台泥,股價淨值比-TSE,1.44
1102 亞泥,股價淨值比-TSE,0.98
1103 嘉泥,股價淨值比-TSE,0.53
1104 環泥,股價淨值比-TSE,1.06
1108 幸福,股價淨值比-TSE,0.93
1109 信大,股價淨值比-TSE,0.96
1110 東泥,股價淨值比-TSE,1.09
1201 味全,股價淨值比-TSE,1.51
1203 味王,股價淨值比-TSE,1.34
1210 大成,股價淨值比-TSE,1.39
1213 大飲,股價淨值比-TSE,1.63
1215 卜蜂,股價淨值比-TSE,1.2
1216 統一,股價淨值比-TSE,3.12
1217 愛之味,股價淨值比-TSE,0.74
1218 泰山,股價淨值比-TSE,1.2
1219 福壽,股價淨值比-TSE,1.28
1220 台榮,股價淨值比-TSE,0.88
1225 福懋油,股價淨值比-TSE,1.84
1227 佳格,股價淨值比-TSE,4.44
1229 聯華投控,股價淨值比-TSE,0.84
1231 聯華食,股價淨值比-TSE,1.89
1232 大統益,股價淨值比-TSE,3.58
1233 天仁,股價淨值比-TSE,3.1
1234 黑松,股價淨值比-TSE,0.88
1235 興泰,股價淨值比-TSE,0.91
1236 宏亞,股價淨值比-TSE,1.39
1240 茂生農經,股價淨值比-TSE,0
1256 鮮活果汁-KY,股價淨值比-TSE,6.55
1258 其祥-KY,股價淨值比-TSE,1.3
1259 安心,股價淨值比-TSE,1.54
1264 德麥,股價淨值比-TSE,0
1268 漢來美食,股價淨值比-TSE,0
1301 台塑,股價淨值比-TSE,1.68
1303 南亞,股價淨值比-TSE,1.69
1304 台聚,股價淨值比-TSE,1.06
1305 華夏,股價淨值比-TSE,1.11
1307 三芳,股價淨值比-TSE,1.54
1308 亞聚,股價淨值比-TSE,1.31
1309 台達化,股價淨值比-TSE,0.9
1310 台苯,股價淨值比-TSE,1.3
1312 國喬,股價淨值比-TSE,1.01
1313 聯成,股價淨值比-TSE,0.71
1314 中石化,股價淨值比-TSE,0.88
1315 達新,股價淨值比-TSE,0.76
1316 上曜,股價淨值比-TSE,1.84
1319 東陽,股價淨值比-TSE,1.3
1321 大洋,股價淨值比-TSE,1.6
1323 永裕,股價淨值比-TSE,1.89
1324 地球,股價淨值比-TSE,1.1
1325 恒大,股價淨值比-TSE,1.17
1326 台化,股價淨值比-TSE,1.43
1333 恩得利,股價淨值比-TSE,1.81
1336 台翰,股價淨值比-TSE,0.57
1337 再生-KY,股價淨值比-TSE,0.95
1338 廣華-KY,股價淨值比-TSE,1.37
1339 昭輝,股價淨值比-TSE,3.78
1340 勝悅-KY,股價淨值比-TSE,1.99
1341 富林-KY,股價淨值比-TSE,0
1402 遠東新,股價淨值比-TSE,0.84
1409 新纖,股價淨值比-TSE,0.7
1410 南染,股價淨值比-TSE,1.64
1413 宏洲,股價淨值比-TSE,0.8
1414 東和,股價淨值比-TSE,0.59
1416 廣豐,股價淨值比-TSE,0.97
1417 嘉裕,股價淨值比-TSE,0.64
1418 東華,股價淨值比-TSE,1.11
1419 新紡,股價淨值比-TSE,1.64
1423 利華,股價淨值比-TSE,0.54
1432 大魯閣,股價淨值比-TSE,1.43
1434 福懋,股價淨值比-TSE,1.06
1435 中福,股價淨值比-TSE,0.8
1436 華友聯,股價淨值比-TSE,1.22
1437 勤益控,股價淨值比-TSE,0.9
1438 裕豐,股價淨值比-TSE,1.25
1439 中和,股價淨值比-TSE,0.66
1440 南紡,股價淨值比-TSE,1.22
1441 大東,股價淨值比-TSE,0.86
1442 名軒,股價淨值比-TSE,1.27
1443 立益,股價淨值比-TSE,0.69
1444 力麗,股價淨值比-TSE,0.76
1445 大宇,股價淨值比-TSE,0.68
1446 宏和,股價淨值比-TSE,2.2
1447 力鵬,股價淨值比-TSE,0.95
1449 佳和,股價淨值比-TSE,0.51
1451 年興,股價淨值比-TSE,1.14
1452 宏益,股價淨值比-TSE,0.8
1453 大將,股價淨值比-TSE,0.85
1454 台富,股價淨值比-TSE,0.64
1455 集盛,股價淨值比-TSE,0.75
1456 怡華,股價淨值比-TSE,1.56
1457 宜進,股價淨值比-TSE,0.59
1459 聯發,股價淨值比-TSE,0.84
1460 宏遠,股價淨值比-TSE,1.5
1463 強盛,股價淨值比-TSE,1.4
1464 得力,股價淨值比-TSE,1.17
1465 偉全,股價淨值比-TSE,0.99
1466 聚隆,股價淨值比-TSE,1.08
1467 南緯,股價淨值比-TSE,1.18
1468 昶和,股價淨值比-TSE,1.38
1470 大統新創,股價淨值比-TSE,1.73
1471 首利,股價淨值比-TSE,0.7
1472 三洋紡,股價淨值比-TSE,5.11
1473 台南,股價淨值比-TSE,0.96
1474 弘裕,股價淨值比-TSE,0.62
1475 本盟,股價淨值比-TSE,2.57
1476 儒鴻,股價淨值比-TSE,9.88
1477 聚陽,股價淨值比-TSE,4.21
1503 士電,股價淨值比-TSE,0.99
1504 東元,股價淨值比-TSE,1.29
1506 正道,股價淨值比-TSE,2.31
1507 永大,股價淨值比-TSE,2.96
1512 瑞利,股價淨值比-TSE,0.65
1513 中興電,股價淨值比-TSE,1.18
1514 亞力,股價淨值比-TSE,0.7
1515 力山,股價淨值比-TSE,0.88
1516 川飛,股價淨值比-TSE,1.53
1517 利奇,股價淨值比-TSE,0.95
1519 華城,股價淨值比-TSE,1.37
1521 大億,股價淨值比-TSE,3.37
1522 堤維西,股價淨值比-TSE,1.23
1524 耿鼎,股價淨值比-TSE,0.66
1525 江申,股價淨值比-TSE,1.47
1526 日馳,股價淨值比-TSE,1.28
1527 鑽全,股價淨值比-TSE,2.56
1528 恩德,股價淨值比-TSE,0.83
1529 樂士,股價淨值比-TSE,2.4
1530 亞崴,股價淨值比-TSE,1.58
1531 高林股,股價淨值比-TSE,1.13
1532 勤美,股價淨值比-TSE,1.04
1533 車王電,股價淨值比-TSE,2.8
1535 中宇,股價淨值比-TSE,2.52
1536 和大,股價淨值比-TSE,4.29
1537 廣隆,股價淨值比-TSE,2.81
1538 正峰新,股價淨值比-TSE,1
1539 巨庭,股價淨值比-TSE,1.47
1540 喬福,股價淨值比-TSE,1.36
1541 錩泰,股價淨值比-TSE,1.33
1558 伸興,股價淨值比-TSE,2.55
1560 中砂,股價淨值比-TSE,2.5
1565 精華,股價淨值比-TSE,6.65
1568 倉佑,股價淨值比-TSE,1.72
1569 濱川,股價淨值比-TSE,0.87
1570 力肯,股價淨值比-TSE,1.45
1580 新麥,股價淨值比-TSE,5.91
1582 信錦,股價淨值比-TSE,1.87
1583 程泰,股價淨值比-TSE,2.57
1584 精剛,股價淨值比-TSE,0.84
1586 和勤,股價淨值比-TSE,1.3
1587 吉茂,股價淨值比-TSE,0
1589 永冠-KY,股價淨值比-TSE,1.92
1590 亞德客-KY,股價淨值比-TSE,5.27
1591 駿吉-KY,股價淨值比-TSE,3.11
1592 英瑞-KY,股價淨值比-TSE,1.1
1593 祺驊,股價淨值比-TSE,1.85
1595 川寶,股價淨值比-TSE,1.74
1597 直得,股價淨值比-TSE,1.84
1598 岱宇,股價淨值比-TSE,0
1599 宏佳騰,股價淨值比-TSE,1.39
1603 華電,股價淨值比-TSE,0.66
1604 聲寶,股價淨值比-TSE,0.85
1605 華新,股價淨值比-TSE,0.57
1608 華榮,股價淨值比-TSE,0.54
1609 大亞,股價淨值比-TSE,0.52
1611 中電,股價淨值比-TSE,0.77
1612 宏泰,股價淨值比-TSE,0.69
1614 三洋電,股價淨值比-TSE,1.62
1615 大山,股價淨值比-TSE,0.89
1616 億泰,股價淨值比-TSE,0.64
1617 榮星,股價淨值比-TSE,0.72
1618 合機,股價淨值比-TSE,0.49
1626 艾美特-KY,股價淨值比-TSE,1.35
1701 中化,股價淨值比-TSE,1.16
1702 南僑,股價淨值比-TSE,2.91
1707 葡萄王,股價淨值比-TSE,5.97
1708 東鹼,股價淨值比-TSE,1.56
1709 和益,股價淨值比-TSE,0.86
1710 東聯,股價淨值比-TSE,1.45
1711 永光,股價淨值比-TSE,1.88
1712 興農,股價淨值比-TSE,1.07
1713 國化,股價淨值比-TSE,1.15
1714 和桐,股價淨值比-TSE,0.93
1717 長興,股價淨值比-TSE,1.63
1718 中纖,股價淨值比-TSE,0.61
1720 生達,股價淨值比-TSE,2.12
1721 三晃,股價淨值比-TSE,1.16
1722 台肥,股價淨值比-TSE,1.11
1723 中碳,股價淨值比-TSE,5.09
1724 台硝,股價淨值比-TSE,1.24
1725 元禎,股價淨值比-TSE,1.03
1726 永記,股價淨值比-TSE,1.78
1727 中華化,股價淨值比-TSE,1.5
1730 花仙子,股價淨值比-TSE,1.74
1731 美吾華,股價淨值比-TSE,1.16
1732 毛寶,股價淨值比-TSE,1.36
1733 五鼎,股價淨值比-TSE,3.22
1734 杏輝,股價淨值比-TSE,2.25
1735 日勝化,股價淨值比-TSE,0.85
1736 喬山,股價淨值比-TSE,3.09
1737 臺鹽,股價淨值比-TSE,0.86
1742 台蠟,股價淨值比-TSE,2.34
1752 南光,股價淨值比-TSE,2.26
1760 寶齡富錦,股價淨值比-TSE,0
1762 中化生,股價淨值比-TSE,1.69
1773 勝一,股價淨值比-TSE,1.85
1776 展宇,股價淨值比-TSE,0
1777 生泰,股價淨值比-TSE,3.11
1781 合世,股價淨值比-TSE,1.95
1783 和康生,股價淨值比-TSE,3.21
1784 訊聯,股價淨值比-TSE,1.71
1785 光洋科,股價淨值比-TSE,1.12
1786 科妍,股價淨值比-TSE,5.02
1787 福盈科,股價淨值比-TSE,1.96
1788 杏昌,股價淨值比-TSE,2.33
1789 神隆,股價淨值比-TSE,4.22
1795 美時,股價淨值比-TSE,3.77
1796 金穎生技,股價淨值比-TSE,0
1799 易威,股價淨值比-TSE,3.71
1802 台玻,股價淨值比-TSE,1.27
1805 寶徠,股價淨值比-TSE,1.06
1806 冠軍,股價淨值比-TSE,0.56
1808 潤隆,股價淨值比-TSE,1.53
1809 中釉,股價淨值比-TSE,0.79
1810 和成,股價淨值比-TSE,0.68
1813 寶利徠,股價淨值比-TSE,1.66
1815 富喬,股價淨值比-TSE,0.73
1817 凱撒衛,股價淨值比-TSE,1.82
1902 台紙,股價淨值比-TSE,0.79
1903 士紙,股價淨值比-TSE,2.71
1904 正隆,股價淨值比-TSE,0.76
1905 華紙,股價淨值比-TSE,0.64
1906 寶隆,股價淨值比-TSE,0.61
1907 永豐餘,股價淨值比-TSE,0.59
1909 榮成,股價淨值比-TSE,0.81
2002 中鋼,股價淨值比-TSE,1.38
2006 東和鋼鐵,股價淨值比-TSE,1.09
2007 燁興,股價淨值比-TSE,0.82
2008 高興昌,股價淨值比-TSE,0.84
2009 第一銅,股價淨值比-TSE,0.88
2010 春源,股價淨值比-TSE,0.73
2012 春雨,股價淨值比-TSE,1.06
2013 中鋼構,股價淨值比-TSE,1.21
2014 中鴻,股價淨值比-TSE,1.17
2015 豐興,股價淨值比-TSE,1.48
2017 官田鋼,股價淨值比-TSE,0.6
2020 美亞,股價淨值比-TSE,1
2022 聚亨,股價淨值比-TSE,0.64
2023 燁輝,股價淨值比-TSE,0.58
2024 志聯,股價淨值比-TSE,0.83
2025 千興,股價淨值比-TSE,0.87
2027 大成鋼,股價淨值比-TSE,1.38
2028 威致,股價淨值比-TSE,0.79
2029 盛餘,股價淨值比-TSE,0.81
2030 彰源,股價淨值比-TSE,1.03
2031 新光鋼,股價淨值比-TSE,0.94
2032 新鋼,股價淨值比-TSE,0.9
2033 佳大,股價淨值比-TSE,0.86
2034 允強,股價淨值比-TSE,1.27
2035 唐榮,股價淨值比-TSE,2.12
2038 海光,股價淨值比-TSE,0.5
2049 上銀,股價淨值比-TSE,5.71
2059 川湖,股價淨值比-TSE,6.08
2061 風青,股價淨值比-TSE,1.78
2062 橋椿,股價淨值比-TSE,2.05
2063 世鎧,股價淨值比-TSE,2.09
2064 晉椿,股價淨值比-TSE,1.11
2065 世豐,股價淨值比-TSE,0
2066 世德,股價淨值比-TSE,3.95
2067 嘉鋼,股價淨值比-TSE,1.54
2069 運錩,股價淨值比-TSE,0
2070 精湛,股價淨值比-TSE,0
2101 南港,股價淨值比-TSE,2.56
2102 泰豐,股價淨值比-TSE,0.88
2103 台橡,股價淨值比-TSE,1.8
2104 國際中橡,股價淨值比-TSE,0.9
2105 正新,股價淨值比-TSE,2.97
2106 建大,股價淨值比-TSE,2.84
2107 厚生,股價淨值比-TSE,1.32
2108 南帝,股價淨值比-TSE,1.17
2109 華豐,股價淨值比-TSE,1.8
2114 鑫永銓,股價淨值比-TSE,3.64
2115 六暉-KY,股價淨值比-TSE,2.63
2201 裕隆,股價淨值比-TSE,1.05
2204 中華,股價淨值比-TSE,0.81
2206 三陽工業,股價淨值比-TSE,1.81
2207 和泰車,股價淨值比-TSE,7.77
2208 台船,股價淨值比-TSE,0.92
2221 大甲,股價淨值比-TSE,1.45
2227 裕日車,股價淨值比-TSE,4.27
2228 劍麟,股價淨值比-TSE,3.72
2230 泰茂,股價淨值比-TSE,1.16
2231 為升,股價淨值比-TSE,13.04
2233 宇隆,股價淨值比-TSE,2.02
2235 謚源,股價淨值比-TSE,3.49
2236 百達-KY,股價淨值比-TSE,0
2239 英利-KY,股價淨值比-TSE,0
2243 宏旭-KY,股價淨值比-TSE,0
2301 光寶科,股價淨值比-TSE,1.17
2302 麗正,股價淨值比-TSE,0.9
2303 聯電,股價淨值比-TSE,0.87
2305 全友,股價淨值比-TSE,1.59
2308 台達電,股價淨值比-TSE,4.82
2312 金寶,股價淨值比-TSE,1.28
2313 華通,股價淨值比-TSE,1.2
2314 台揚,股價淨值比-TSE,2.44
2316 楠梓電,股價淨值比-TSE,0.73
2317 鴻海,股價淨值比-TSE,1.51
2321 東訊,股價淨值比-TSE,7.78
2323 中環,股價淨值比-TSE,0.42
2324 仁寶,股價淨值比-TSE,1.02
2327 國巨,股價淨值比-TSE,1.4
2328 廣宇,股價淨值比-TSE,1.02
2329 華泰,股價淨值比-TSE,2.2
2330 台積電,股價淨值比-TSE,3.82
2331 精英,股價淨值比-TSE,0.95
2332 友訊,股價淨值比-TSE,0.92
2337 旺宏,股價淨值比-TSE,0.98
2338 光罩,股價淨值比-TSE,0.72
2340 光磊,股價淨值比-TSE,0.99
2342 茂矽,股價淨值比-TSE,1.36
2344 華邦電,股價淨值比-TSE,1.08
2345 智邦,股價淨值比-TSE,1.2
2347 聯強,股價淨值比-TSE,1.72
2348 海悅,股價淨值比-TSE,3.35
2349 錸德,股價淨值比-TSE,0.53
2351 順德,股價淨值比-TSE,1.6
2352 佳世達,股價淨值比-TSE,1.15
2353 宏碁,股價淨值比-TSE,1.01
2354 鴻準,股價淨值比-TSE,1.59
2355 敬鵬,股價淨值比-TSE,1.49
2356 英業達,股價淨值比-TSE,1.4
2357 華碩,股價淨值比-TSE,1.75
2358 廷鑫,股價淨值比-TSE,1.56
2359 所羅門,股價淨值比-TSE,0.83
2360 致茂,股價淨值比-TSE,3.51
2362 藍天,股價淨值比-TSE,0.68
2363 矽統,股價淨值比-TSE,0.76
2364 倫飛,股價淨值比-TSE,0.83
2365 昆盈,股價淨值比-TSE,0.82
2367 燿華,股價淨值比-TSE,0.79
2368 金像電,股價淨值比-TSE,1.48
2369 菱生,股價淨值比-TSE,0.86
2371 大同,股價淨值比-TSE,0.58
2373 震旦行,股價淨值比-TSE,2.41
2374 佳能,股價淨值比-TSE,0.79
2375 智寶,股價淨值比-TSE,0.61
2376 技嘉,股價淨值比-TSE,1.06
2377 微星,股價淨值比-TSE,1.21
2379 瑞昱,股價淨值比-TSE,2.59
2380 虹光,股價淨值比-TSE,0.56
2382 廣達,股價淨值比-TSE,2.46
2383 台光電,股價淨值比-TSE,1.74
2385 群光,股價淨值比-TSE,2.88
2387 精元,股價淨值比-TSE,0.93
2388 威盛,股價淨值比-TSE,2.38
2390 云辰,股價淨值比-TSE,3.26
2392 正崴,股價淨值比-TSE,1.01
2393 億光,股價淨值比-TSE,1.88
2395 研華,股價淨值比-TSE,7.22
2397 友通,股價淨值比-TSE,1.44
2399 映泰,股價淨值比-TSE,0.79
2401 凌陽,股價淨值比-TSE,0.82
2402 毅嘉,股價淨值比-TSE,1.44
2404 漢唐,股價淨值比-TSE,1.58
2405 浩鑫,股價淨值比-TSE,0.8
2406 國碩,股價淨值比-TSE,1.46
2408 南亞科,股價淨值比-TSE,6.04
2409 友達,股價淨值比-TSE,0.89
2412 中華電,股價淨值比-TSE,2.05
2413 環科,股價淨值比-TSE,0.94
2414 精技,股價淨值比-TSE,1.19
2415 錩新,股價淨值比-TSE,1.21
2417 圓剛,股價淨值比-TSE,0.67
2419 仲琦,股價淨值比-TSE,1.27
2420 新巨,股價淨值比-TSE,2.52
2421 建準,股價淨值比-TSE,1.33
2423 固緯,股價淨值比-TSE,1.42
2424 隴華,股價淨值比-TSE,2.4
2425 承啟,股價淨值比-TSE,2.07
2426 鼎元,股價淨值比-TSE,1.19
2427 三商電,股價淨值比-TSE,0.77
2428 興勤,股價淨值比-TSE,1.49
2429 銘旺科,股價淨值比-TSE,1.15
2430 燦坤,股價淨值比-TSE,1.23
2431 聯昌,股價淨值比-TSE,1.6
2433 互盛電,股價淨值比-TSE,1.83
2434 統懋,股價淨值比-TSE,1.11
2436 偉詮電,股價淨值比-TSE,2.53
2438 翔耀,股價淨值比-TSE,1.78
2439 美律,股價淨值比-TSE,3.64
2440 太空梭,股價淨值比-TSE,1.32
2441 超豐,股價淨值比-TSE,1.7
2442 新美齊,股價淨值比-TSE,0.78
2443 億麗,股價淨值比-TSE,0.69
2444 兆勁,股價淨值比-TSE,1.51
2448 晶電,股價淨值比-TSE,1.23
2449 京元電子,股價淨值比-TSE,1.37
2450 神腦,股價淨值比-TSE,2.43
2451 創見,股價淨值比-TSE,2.17
2453 凌群,股價淨值比-TSE,0.83
2454 聯發科,股價淨值比-TSE,3.13
2455 全新,股價淨值比-TSE,2.2
2456 奇力新,股價淨值比-TSE,1.36
2457 飛宏,股價淨值比-TSE,0.81
2458 義隆,股價淨值比-TSE,2.68
2459 敦吉,股價淨值比-TSE,0.98
2460 建通,股價淨值比-TSE,0.7
2461 光群雷,股價淨值比-TSE,0.97
2462 良得電,股價淨值比-TSE,1.2
2464 盟立,股價淨值比-TSE,1.59
2465 麗臺,股價淨值比-TSE,1.96
2466 冠西電,股價淨值比-TSE,3.27
2467 志聖,股價淨值比-TSE,1.31
2468 華經,股價淨值比-TSE,0.83
2471 資通,股價淨值比-TSE,1.07
2472 立隆電,股價淨值比-TSE,2.01
2474 可成,股價淨值比-TSE,2.22
2476 鉅祥,股價淨值比-TSE,1.14
2477 美隆電,股價淨值比-TSE,0.9
2478 大毅,股價淨值比-TSE,0.92
2480 敦陽科,股價淨值比-TSE,1.37
2481 強茂,股價淨值比-TSE,0.81
2482 連宇,股價淨值比-TSE,1.5
2483 百容,股價淨值比-TSE,1.19
2484 希華,股價淨值比-TSE,1.28
2485 兆赫,股價淨值比-TSE,1.48
2486 一詮,股價淨值比-TSE,0.95
2488 漢平,股價淨值比-TSE,1.06
2489 瑞軒,股價淨值比-TSE,1.01
2491 吉祥全,股價淨值比-TSE,1.72
2492 華新科,股價淨值比-TSE,0.6
2493 揚博,股價淨值比-TSE,1.56
2495 普安,股價淨值比-TSE,1.25
2496 卓越,股價淨值比-TSE,6.19
2497 怡利電,股價淨值比-TSE,3.75
2498 宏達電,股價淨值比-TSE,1.48
2499 東貝,股價淨值比-TSE,1.56
2501 國建,股價淨值比-TSE,1.23
2504 國產,股價淨值比-TSE,0.69
2505 國揚,股價淨值比-TSE,1.15
2506 太設,股價淨值比-TSE,0.85
2509 全坤建,股價淨值比-TSE,1.09
2511 太子,股價淨值比-TSE,0.91
2514 龍邦,股價淨值比-TSE,1.68
2515 中工,股價淨值比-TSE,0.63
2516 新建,股價淨值比-TSE,0.68
2520 冠德,股價淨值比-TSE,1.34
2524 京城,股價淨值比-TSE,1
2527 宏璟,股價淨值比-TSE,0.76
2528 皇普,股價淨值比-TSE,1.17
2530 華建,股價淨值比-TSE,1.46
2534 宏盛,股價淨值比-TSE,1.39
2535 達欣工,股價淨值比-TSE,0.96
2536 宏普,股價淨值比-TSE,0.84
2537 聯上發,股價淨值比-TSE,0.86
2538 基泰,股價淨值比-TSE,1.14
2539 櫻花建,股價淨值比-TSE,2.07
2540 愛山林,股價淨值比-TSE,2.36
2542 興富發,股價淨值比-TSE,1.93
2543 皇昌,股價淨值比-TSE,1.18
2545 皇翔,股價淨值比-TSE,1.53
2546 根基,股價淨值比-TSE,0.78
2547 日勝生,股價淨值比-TSE,0.96
2548 華固,股價淨值比-TSE,1.41
2596 綠意,股價淨值比-TSE,1.02
2597 潤弘,股價淨值比-TSE,1.99
2601 益航,股價淨值比-TSE,0.73
2603 長榮,股價淨值比-TSE,1.33
2605 新興,股價淨值比-TSE,0.95
2606 裕民,股價淨值比-TSE,1.66
2607 榮運,股價淨值比-TSE,0.98
2608 嘉里大榮,股價淨值比-TSE,2.46
2609 陽明,股價淨值比-TSE,1.47
2610 華航,股價淨值比-TSE,1.57
2611 志信,股價淨值比-TSE,0.8
2612 中航,股價淨值比-TSE,0.86
2613 中櫃,股價淨值比-TSE,0.59
2614 東森,股價淨值比-TSE,1.03
2615 萬海,股價淨值比-TSE,1.86
2616 山隆,股價淨值比-TSE,0.99
2617 台航,股價淨值比-TSE,0.95
2618 長榮航,股價淨值比-TSE,1.98
2630 亞航,股價淨值比-TSE,0
2633 台灣高鐵,股價淨值比-TSE,0
2634 漢翔,股價淨值比-TSE,3.47
2636 台驊投控,股價淨值比-TSE,1.86
2637 慧洋-KY,股價淨值比-TSE,0.76
2640 大車隊,股價淨值比-TSE,4.34
2641 正德,股價淨值比-TSE,0.97
2642 宅配通,股價淨值比-TSE,2.91
2643 捷迅,股價淨值比-TSE,0
2701 萬企,股價淨值比-TSE,0.92
2702 華園,股價淨值比-TSE,1.36
2704 國賓,股價淨值比-TSE,1.14
2705 六福,股價淨值比-TSE,0.82
2706 第一店,股價淨值比-TSE,1.11
2707 晶華,股價淨值比-TSE,12.29
2712 遠雄來,股價淨值比-TSE,1.75
2718 晶悅,股價淨值比-TSE,1.57
2719 燦星旅,股價淨值比-TSE,1.71
2722 夏都,股價淨值比-TSE,2.79
2723 美食-KY,股價淨值比-TSE,3.59
2724 富驛-KY,股價淨值比-TSE,1.47
2726 雅茗-KY,股價淨值比-TSE,2.87
2727 王品,股價淨值比-TSE,5.79
2729 瓦城,股價淨值比-TSE,3.6
2731 雄獅,股價淨值比-TSE,3.29
2732 六角,股價淨值比-TSE,0
2734 易飛網,股價淨值比-TSE,2.29
2736 高野,股價淨值比-TSE,0
2739 寒舍,股價淨值比-TSE,0
2740 天蔥,股價淨值比-TSE,0
2745 五福,股價淨值比-TSE,0
2748 雲品,股價淨值比-TSE,0
2752 豆府,股價淨值比-TSE,0
2801 彰銀,股價淨值比-TSE,1.23
2809 京城銀,股價淨值比-TSE,1.44
2812 台中銀,股價淨值比-TSE,0.83
2816 旺旺保,股價淨值比-TSE,1.54
2820 華票,股價淨值比-TSE,0.72
2823 中壽,股價淨值比-TSE,1.55
2832 台產,股價淨值比-TSE,1.15
2834 臺企銀,股價淨值比-TSE,0.79
2836 高雄銀,股價淨值比-TSE,0.6
2838 聯邦銀,股價淨值比-TSE,0.82
2841 台開,股價淨值比-TSE,0.7
2845 遠東銀,股價淨值比-TSE,0.85
2849 安泰銀,股價淨值比-TSE,1.01
2850 新產,股價淨值比-TSE,1.08
2851 中再保,股價淨值比-TSE,1
2852 第一保,股價淨值比-TSE,0.97
2855 統一證,股價淨值比-TSE,0.97
2867 三商壽,股價淨值比-TSE,0.93
2880 華南金,股價淨值比-TSE,1.18
2881 富邦金,股價淨值比-TSE,1.4
2882 國泰金,股價淨值比-TSE,1.49
2883 開發金,股價淨值比-TSE,0.91
2884 玉山金,股價淨值比-TSE,1.33
2885 元大金,股價淨值比-TSE,0.94
2886 兆豐金,股價淨值比-TSE,1.2
2887 台新金,股價淨值比-TSE,0.99
2888 新光金,股價淨值比-TSE,0.87
2889 國票金,股價淨值比-TSE,0.76
2890 永豐金,股價淨值比-TSE,0.99
2891 中信金,股價淨值比-TSE,1.4
2892 第一金,股價淨值比-TSE,1.16
2897 王道銀行,股價淨值比-TSE,0
2901 欣欣,股價淨值比-TSE,2.76
2903 遠百,股價淨值比-TSE,1.3
2904 匯僑,股價淨值比-TSE,1.99
2905 三商,股價淨值比-TSE,1.15
2906 高林,股價淨值比-TSE,0.94
2908 特力,股價淨值比-TSE,1.48
2910 統領,股價淨值比-TSE,3.02
2911 麗嬰房,股價淨值比-TSE,1.2
2912 統一超,股價淨值比-TSE,10.12
2913 農林,股價淨值比-TSE,0.9
2915 潤泰全,股價淨值比-TSE,1.08
2916 滿心,股價淨值比-TSE,1.13
2923 鼎固-KY,股價淨值比-TSE,1
2924 東凌-KY,股價淨值比-TSE,2.98
2926 誠品生活,股價淨值比-TSE,5.45
2928 紅馬-KY,股價淨值比-TSE,0
2929 淘帝-KY,股價淨值比-TSE,2.5
2936 客思達-KY,股價淨值比-TSE,0
2937 集雅社,股價淨值比-TSE,0
2939 凱羿-KY,股價淨值比-TSE,0
3002 歐格,股價淨值比-TSE,1.12
3003 健和興,股價淨值比-TSE,1.58
3004 豐達科,股價淨值比-TSE,3.04
3005 神基,股價淨值比-TSE,0.78
3006 晶豪科,股價淨值比-TSE,2.11
3008 大立光,股價淨值比-TSE,8.31
3010 華立,股價淨值比-TSE,1.39
3011 今皓,股價淨值比-TSE,0.79
3013 晟銘電,股價淨值比-TSE,2.43
3014 聯陽,股價淨值比-TSE,1.64
3015 全漢,股價淨值比-TSE,0.84
3016 嘉晶,股價淨值比-TSE,1.69
3017 奇鋐,股價淨值比-TSE,1.11
3018 同開,股價淨值比-TSE,2.04
3019 亞光,股價淨值比-TSE,1.01
3021 鴻名,股價淨值比-TSE,1.16
3022 威強電,股價淨值比-TSE,2.34
3023 信邦,股價淨值比-TSE,1.93
3024 憶聲,股價淨值比-TSE,0.74
3025 星通,股價淨值比-TSE,0.96
3026 禾伸堂,股價淨值比-TSE,1.11
3027 盛達,股價淨值比-TSE,1.2
3028 增你強,股價淨值比-TSE,0.77
3029 零壹,股價淨值比-TSE,1.11
3030 德律,股價淨值比-TSE,2.18
3031 佰鴻,股價淨值比-TSE,1.05
3032 偉訓,股價淨值比-TSE,1.36
3033 威健,股價淨值比-TSE,1.44
3034 聯詠,股價淨值比-TSE,4.14
3035 智原,股價淨值比-TSE,2.26
3036 文曄,股價淨值比-TSE,1.27
3037 欣興,股價淨值比-TSE,0.82
3038 全台,股價淨值比-TSE,0.89
3040 遠見,股價淨值比-TSE,1.48
3041 揚智,股價淨值比-TSE,1.4
3042 晶技,股價淨值比-TSE,1.41
3043 科風,股價淨值比-TSE,3.25
3044 健鼎,股價淨值比-TSE,1.21
3045 台灣大,股價淨值比-TSE,5.2
3046 建碁,股價淨值比-TSE,0.98
3047 訊舟,股價淨值比-TSE,1.06
3048 益登,股價淨值比-TSE,1.93
3049 和鑫,股價淨值比-TSE,1.13
3050 鈺德,股價淨值比-TSE,0.52
3051 力特,股價淨值比-TSE,1.4
3052 夆典,股價淨值比-TSE,0.86
3054 立萬利,股價淨值比-TSE,1.16
3055 蔚華科,股價淨值比-TSE,1.01
3056 總太,股價淨值比-TSE,1.11
3057 喬鼎,股價淨值比-TSE,2.56
3058 立德,股價淨值比-TSE,0.73
3059 華晶科,股價淨值比-TSE,1.04
3060 銘異,股價淨值比-TSE,5.93
3062 建漢,股價淨值比-TSE,1.58
3064 泰偉,股價淨值比-TSE,2.48
3066 李洲,股價淨值比-TSE,1.21
3067 全域,股價淨值比-TSE,1.92
3071 協禧,股價淨值比-TSE,0.97
3073 凱柏實業,股價淨值比-TSE,1.75
3078 僑威,股價淨值比-TSE,1.21
3081 聯亞,股價淨值比-TSE,0
3083 網龍,股價淨值比-TSE,3.52
3085 新零售,股價淨值比-TSE,0
3086 華義,股價淨值比-TSE,2.05
3088 艾訊,股價淨值比-TSE,4.14
3089 元炬,股價淨值比-TSE,3.2
3090 日電貿,股價淨值比-TSE,1.62
3092 鴻碩,股價淨值比-TSE,1.03
3093 港建,股價淨值比-TSE,1.75
3094 聯傑,股價淨值比-TSE,2.43
3095 及成,股價淨值比-TSE,0.71
3105 穩懋,股價淨值比-TSE,1.44
3114 好德,股價淨值比-TSE,1.05
3115 寶島極,股價淨值比-TSE,1.53
3118 進階,股價淨值比-TSE,2.25
3122 笙泉,股價淨值比-TSE,0
3128 昇銳,股價淨值比-TSE,0.84
3130 一零四,股價淨值比-TSE,4.41
3131 弘塑,股價淨值比-TSE,2.91
3141 晶宏,股價淨值比-TSE,1.8
3144 新揚科,股價淨值比-TSE,2.08
3147 大綜,股價淨值比-TSE,0
3149 正達,股價淨值比-TSE,1
3152 璟德,股價淨值比-TSE,3.3
3162 精確,股價淨值比-TSE,0.89
3163 波若威,股價淨值比-TSE,2.93
3164 景岳,股價淨值比-TSE,2.87
3167 大量,股價淨值比-TSE,1.96
3169 亞信,股價淨值比-TSE,2.49
3171 新洲,股價淨值比-TSE,2.31
3176 基亞,股價淨值比-TSE,7.67
3178 公準,股價淨值比-TSE,0
3188 鑫龍騰,股價淨值比-TSE,2.29
3189 景碩,股價淨值比-TSE,1.77
3191 和進,股價淨值比-TSE,1.3
3202 樺晟,股價淨值比-TSE,0.86
3205 佰研,股價淨值比-TSE,2.76
3206 志豐,股價淨值比-TSE,1.56
3207 耀勝,股價淨值比-TSE,1.46
3209 全科,股價淨值比-TSE,1.91
3211 順達,股價淨值比-TSE,1.51
3213 茂訊,股價淨值比-TSE,2.13
3217 優群,股價淨值比-TSE,1.12
3218 大學光,股價淨值比-TSE,1.94
3219 倚強股份,股價淨值比-TSE,2.61
3221 台嘉碩,股價淨值比-TSE,1.32
3224 三顧,股價淨值比-TSE,2.74
3226 至寶電,股價淨值比-TSE,5.7
3227 原相,股價淨值比-TSE,1.56
3228 金麗科,股價淨值比-TSE,4.01
3229 晟鈦,股價淨值比-TSE,3.47
3230 錦明,股價淨值比-TSE,0.61
3231 緯創,股價淨值比-TSE,1.06
3232 昱捷,股價淨值比-TSE,4.43
3234 光環,股價淨值比-TSE,2.19
3236 千如,股價淨值比-TSE,1.36
3252 海灣,股價淨值比-TSE,0.7
3257 虹冠電,股價淨值比-TSE,3.09
3259 鑫創,股價淨值比-TSE,4.5
3260 威剛,股價淨值比-TSE,1.55
3264 欣銓,股價淨值比-TSE,1.35
3265 台星科,股價淨值比-TSE,1.48
3266 昇陽,股價淨值比-TSE,1.16
3268 海德威,股價淨值比-TSE,1.5
3272 東碩,股價淨值比-TSE,4.53
3276 宇環,股價淨值比-TSE,1.45
3284 太普高,股價淨值比-TSE,0.77
3285 微端,股價淨值比-TSE,3.57
3287 廣寰科,股價淨值比-TSE,0.89
3288 點晶,股價淨值比-TSE,2
3289 宜特,股價淨值比-TSE,2.59
3290 東浦,股價淨值比-TSE,1.3
3293 鈊象,股價淨值比-TSE,3.99
3294 英濟,股價淨值比-TSE,1.04
3296 勝德,股價淨值比-TSE,1.37
3297 杭特,股價淨值比-TSE,1.32
3303 岱稜,股價淨值比-TSE,1.02
3305 昇貿,股價淨值比-TSE,0.97
3306 鼎天,股價淨值比-TSE,1.16
3308 聯德,股價淨值比-TSE,0.83
3310 佳穎,股價淨值比-TSE,1.18
3311 閎暉,股價淨值比-TSE,0.95
3312 弘憶股,股價淨值比-TSE,0.74
3313 斐成,股價淨值比-TSE,0.65
3317 尼克森,股價淨值比-TSE,0.69
3321 同泰,股價淨值比-TSE,0
3322 建舜電,股價淨值比-TSE,1.06
3323 加百裕,股價淨值比-TSE,0.97
3324 雙鴻,股價淨值比-TSE,1.12
3325 旭品,股價淨值比-TSE,1.49
3332 幸康,股價淨值比-TSE,1.54
3338 泰碩,股價淨值比-TSE,2.6
3339 泰谷,股價淨值比-TSE,1.32
3346 麗清,股價淨值比-TSE,0
3354 律勝,股價淨值比-TSE,0.74
3356 奇偶,股價淨值比-TSE,4.1
3360 尚立,股價淨值比-TSE,1.68
3362 先進光,股價淨值比-TSE,2.18
3363 上詮,股價淨值比-TSE,1.93
3372 典範,股價淨值比-TSE,1.16
3373 熱映,股價淨值比-TSE,1.6
3374 精材,股價淨值比-TSE,0
3376 新日興,股價淨值比-TSE,1.25
3379 彬台,股價淨值比-TSE,1.15
3380 明泰,股價淨值比-TSE,0.93
3383 新世紀,股價淨值比-TSE,0.97
3388 崇越電,股價淨值比-TSE,1.51
3390 旭軟,股價淨值比-TSE,1.43
3402 漢科,股價淨值比-TSE,0.98
3406 玉晶光,股價淨值比-TSE,1.35
3413 京鼎,股價淨值比-TSE,0
3416 融程電,股價淨值比-TSE,2.31
3419 譁裕,股價淨值比-TSE,0.95
3426 台興,股價淨值比-TSE,0
3432 台端,股價淨值比-TSE,1.22
3434 哲固,股價淨值比-TSE,1.79
3437 榮創,股價淨值比-TSE,2.33
3438 類比科,股價淨值比-TSE,1.03
3441 聯一光,股價淨值比-TSE,0.76
3443 創意,股價淨值比-TSE,3.73
3444 利機,股價淨值比-TSE,1.64
3450 聯鈞,股價淨值比-TSE,3.68
3452 益通,股價淨值比-TSE,1.65
3454 晶睿,股價淨值比-TSE,3.34
3455 由田,股價淨值比-TSE,1.17
3465 進泰電子,股價淨值比-TSE,1.99
3466 致振,股價淨值比-TSE,1.22
3479 安勤,股價淨值比-TSE,1.84
3481 群創,股價淨值比-TSE,0.72
3483 力致,股價淨值比-TSE,0.5
3484 崧騰,股價淨值比-TSE,1.91
3489 森寶,股價淨值比-TSE,1.27
3490 單井,股價淨值比-TSE,4.45
3491 昇達科,股價淨值比-TSE,2.37
3492 長盛,股價淨值比-TSE,0
3494 誠研,股價淨值比-TSE,1.25
3498 陽程,股價淨值比-TSE,2.2
3499 環天科,股價淨值比-TSE,1
3501 維熹,股價淨值比-TSE,1.15
3504 揚明光,股價淨值比-TSE,1.65
3508 位速,股價淨值比-TSE,0.89
3511 矽瑪,股價淨值比-TSE,1.15
3512 皇龍,股價淨值比-TSE,3.74
3515 華擎,股價淨值比-TSE,1.5
3516 亞帝歐,股價淨值比-TSE,0.47
3518 柏騰,股價淨值比-TSE,1.16
3520 振維,股價淨值比-TSE,24.2
3521 鴻翊,股價淨值比-TSE,1.46
3522 御頂,股價淨值比-TSE,0.66
3523 迎輝,股價淨值比-TSE,1.39
3526 凡甲,股價淨值比-TSE,1.65
3527 聚積,股價淨值比-TSE,1.45
3528 安馳,股價淨值比-TSE,1.75
3529 力旺,股價淨值比-TSE,16.61
3530 晶相光,股價淨值比-TSE,0
3531 先益,股價淨值比-TSE,0.74
3532 台勝科,股價淨值比-TSE,2.13
3533 嘉澤,股價淨值比-TSE,1.89
3535 晶彩科,股價淨值比-TSE,1.23
3536 誠創,股價淨值比-TSE,2.16
3537 堡達,股價淨值比-TSE,1.63
3540 曜越,股價淨值比-TSE,0.8
3541 西柏,股價淨值比-TSE,6.74
3545 敦泰,股價淨值比-TSE,1.89
3546 宇峻,股價淨值比-TSE,2.27
3548 兆利,股價淨值比-TSE,0.79
3550 聯穎,股價淨值比-TSE,0.64
3551 世禾,股價淨值比-TSE,1.31
3552 同致,股價淨值比-TSE,3.07
3555 重鵬,股價淨值比-TSE,1.42
3556 禾瑞亞,股價淨值比-TSE,3.2
3557 嘉威,股價淨值比-TSE,0.7
3558 神準,股價淨值比-TSE,4.16
3562 頂晶科,股價淨值比-TSE,3.87
3563 牧德,股價淨值比-TSE,2.33
3564 其陽,股價淨值比-TSE,2.54
3567 逸昌,股價淨值比-TSE,1.09
3570 大塚,股價淨值比-TSE,3.55
3576 聯合再生,股價淨值比-TSE,1.2
3577 泓格,股價淨值比-TSE,2.42
3580 友威科,股價淨值比-TSE,1.82
3581 博磊,股價淨值比-TSE,0
3583 辛耘,股價淨值比-TSE,2.78
3587 閎康,股價淨值比-TSE,2.46
3588 通嘉,股價淨值比-TSE,1.72
3591 艾笛森,股價淨值比-TSE,0.88
3593 力銘,股價淨值比-TSE,1.59
3594 磐儀,股價淨值比-TSE,3.54
3596 智易,股價淨值比-TSE,1.1
3605 宏致,股價淨值比-TSE,1.33
3607 谷崧,股價淨值比-TSE,1.1
3609 東林,股價淨值比-TSE,0.77
3611 鼎翰,股價淨值比-TSE,6.1
3615 安可,股價淨值比-TSE,0.78
3617 碩天,股價淨值比-TSE,1.55
3622 洋華,股價淨值比-TSE,0.45
3623 富晶通,股價淨值比-TSE,3.34
3624 光頡,股價淨值比-TSE,1.15
3625 西勝,股價淨值比-TSE,1.1
3628 盈正,股價淨值比-TSE,1.43
3629 地心引力,股價淨值比-TSE,0.75
3630 新鉅科,股價淨值比-TSE,1.26
3631 晟楠,股價淨值比-TSE,2.75
3632 研勤,股價淨值比-TSE,2.09
3642 駿熠電,股價淨值比-TSE,1.31
3645 達邁,股價淨值比-TSE,2.83
3646 艾恩特,股價淨值比-TSE,1.2
3652 精聯,股價淨值比-TSE,1.04
3653 健策,股價淨值比-TSE,1.79
3661 世芯-KY,股價淨值比-TSE,2.86
3663 鑫科,股價淨值比-TSE,1.35
3664 安瑞-KY,股價淨值比-TSE,1.94
3665 貿聯-KY,股價淨值比-TSE,2.46
3666 光耀,股價淨值比-TSE,3.04
3669 圓展,股價淨值比-TSE,0.82
3672 康聯訊,股價淨值比-TSE,0
3673 TPK-KY,股價淨值比-TSE,1.44
3675 德微,股價淨值比-TSE,1.23
3679 新至陞,股價淨值比-TSE,0.76
3680 家登,股價淨值比-TSE,2.82
3682 亞太電,股價淨值比-TSE,1.48
3684 榮昌,股價淨值比-TSE,3.2
3685 元創精密,股價淨值比-TSE,1.9
3686 達能,股價淨值比-TSE,0.78
3687 歐買尬,股價淨值比-TSE,1.69
3689 湧德,股價淨值比-TSE,2.1
3691 碩禾,股價淨值比-TSE,6.87
3693 營邦,股價淨值比-TSE,2.89
3694 海華,股價淨值比-TSE,1.19
3698 隆達,股價淨值比-TSE,1.38
3701 大眾控,股價淨值比-TSE,1.41
3702 大聯大,股價淨值比-TSE,1.47
3703 欣陸,股價淨值比-TSE,0.56
3704 合勤控,股價淨值比-TSE,0.85
3705 永信,股價淨值比-TSE,2.51
3706 神達,股價淨值比-TSE,0.56
3707 漢磊,股價淨值比-TSE,0
3708 上緯投控,股價淨值比-TSE,0
3709 鑫聯大投控,股價淨值比-TSE,0
3710 連展投控,股價淨值比-TSE,0
3711 日月光投控,股價淨值比-TSE,0
3712 永崴投控,股價淨值比-TSE,0
4102 永日,股價淨值比-TSE,1.63
4104 佳醫,股價淨值比-TSE,0.92
4105 東洋,股價淨值比-TSE,4.84
4106 雃博,股價淨值比-TSE,3.08
4107 邦特,股價淨值比-TSE,3.28
4108 懷特,股價淨值比-TSE,2.53
4109 加捷生醫,股價淨值比-TSE,1.81
4111 濟生,股價淨值比-TSE,1.85
4113 聯上,股價淨值比-TSE,0.96
4114 健喬,股價淨值比-TSE,2.07
4116 明基醫,股價淨值比-TSE,0
4119 旭富,股價淨值比-TSE,1.99
4120 友華,股價淨值比-TSE,2.2
4121 優盛,股價淨值比-TSE,0.96
4123 晟德,股價淨值比-TSE,5.34
4126 太醫,股價淨值比-TSE,2.66
4127 天良,股價淨值比-TSE,1.32
4128 中天,股價淨值比-TSE,1.56
4129 聯合,股價淨值比-TSE,2.51
4130 健亞,股價淨值比-TSE,6.22
4131 晶宇,股價淨值比-TSE,2.58
4133 亞諾法,股價淨值比-TSE,1.68
4137 麗豐-KY,股價淨值比-TSE,4.06
4138 曜亞,股價淨值比-TSE,1.85
4139 馬光-KY,股價淨值比-TSE,4.13
4141 龍燈-KY,股價淨值比-TSE,1.29
4142 國光生,股價淨值比-TSE,1.62
4144 康聯-KY,股價淨值比-TSE,1.92
4147 中裕,股價淨值比-TSE,0
4148 全宇生技-KY,股價淨值比-TSE,0
4152 台微體,股價淨值比-TSE,4.61
4153 鈺緯,股價淨值比-TSE,5.17
4154 康樂-KY,股價淨值比-TSE,1.75
4155 訊映,股價淨值比-TSE,0
4157 太景*-KY,股價淨值比-TSE,27.81
4160 創源,股價淨值比-TSE,2.05
4161 聿新科,股價淨值比-TSE,6.79
4162 智擎,股價淨值比-TSE,9.99
4163 鐿鈦,股價淨值比-TSE,5.57
4164 承業醫,股價淨值比-TSE,1.87
4167 展旺,股價淨值比-TSE,0
4168 醣聯,股價淨值比-TSE,2.39
4171 瑞基,股價淨值比-TSE,5.03
4173 久裕,股價淨值比-TSE,1.38
4174 浩鼎,股價淨值比-TSE,0
4175 杏一,股價淨值比-TSE,3.32
4183 福永生技,股價淨值比-TSE,0
4188 安克,股價淨值比-TSE,0
4190 佐登-KY,股價淨值比-TSE,0
4192 杏國,股價淨值比-TSE,8.73
4198 環瑞醫,股價淨值比-TSE,3.96
4205 中華食,股價淨值比-TSE,2.45
4207 環泰,股價淨值比-TSE,1.1
4303 信立,股價淨值比-TSE,1.5
4304 勝昱,股價淨值比-TSE,1.3
4305 世坤,股價淨值比-TSE,1.76
4306 炎洲,股價淨值比-TSE,1.03
4401 東隆興,股價淨值比-TSE,4.2
4402 福大,股價淨值比-TSE,0.85
4406 新昕纖,股價淨值比-TSE,0.73
4413 飛寶企業,股價淨值比-TSE,9.82
4414 如興,股價淨值比-TSE,1.42
4415 台原藥,股價淨值比-TSE,0
4416 三圓,股價淨值比-TSE,3.18
4417 金洲,股價淨值比-TSE,1.5
4419 元勝,股價淨值比-TSE,1.11
4420 光明,股價淨值比-TSE,1.7
4426 利勤,股價淨值比-TSE,1.92
4429 聚紡,股價淨值比-TSE,0.89
4430 耀億,股價淨值比-TSE,1.03
4432 銘旺實,股價淨值比-TSE,2.85
4433 興采,股價淨值比-TSE,2.13
4438 廣越,股價淨值比-TSE,0
4502 健信,股價淨值比-TSE,1.43
4503 金雨,股價淨值比-TSE,2.28
4506 崇友,股價淨值比-TSE,1.17
4510 高鋒,股價淨值比-TSE,1.15
4513 福裕,股價淨值比-TSE,1
4523 永彰,股價淨值比-TSE,0.74
4526 東台,股價淨值比-TSE,1.28
4527 方土霖,股價淨值比-TSE,1.76
4528 江興鍛,股價淨值比-TSE,1.98
4529 淳紳,股價淨值比-TSE,1.34
4530 宏易,股價淨值比-TSE,0.56
4532 瑞智,股價淨值比-TSE,2.13
4533 協易機,股價淨值比-TSE,0.87
4534 慶騰,股價淨值比-TSE,1.3
4535 至興,股價淨值比-TSE,1.57
4536 拓凱,股價淨值比-TSE,2.5
4538 大詠城,股價淨值比-TSE,0
4540 全球傳動,股價淨值比-TSE,0
4541 晟田,股價淨值比-TSE,2.04
4542 科嶠,股價淨值比-TSE,2.32
4543 萬在,股價淨值比-TSE,0
4545 銘鈺,股價淨值比-TSE,0
4549 桓達,股價淨值比-TSE,5.86
4550 長佳,股價淨值比-TSE,0
4551 智伸科,股價淨值比-TSE,0
4552 力達-KY,股價淨值比-TSE,0
4554 橙的,股價淨值比-TSE,0
4555 氣立,股價淨值比-TSE,0
4556 旭然,股價淨值比-TSE,0
4557 永新-KY,股價淨值比-TSE,0
4560 強信-KY,股價淨值比-TSE,0
4561 健椿,股價淨值比-TSE,0
4562 穎漢,股價淨值比-TSE,0
4563 百德,股價淨值比-TSE,0
4564 元翎,股價淨值比-TSE,0
4566 時碩工業,股價淨值比-TSE,0
4568 科際精密,股價淨值比-TSE,0
4571 鈞興-KY,股價淨值比-TSE,0
4572 駐龍,股價淨值比-TSE,0
4576 大銀微系統,股價淨值比-TSE,0
4609 唐鋒,股價淨值比-TSE,1.05
4702 中美實,股價淨值比-TSE,1.39
4706 大恭,股價淨值比-TSE,0.97
4707 磐亞,股價淨值比-TSE,0.64
4711 永純,股價淨值比-TSE,0.77
4712 南璋,股價淨值比-TSE,2.19
4714 永捷,股價淨值比-TSE,0.81
4716 大立,股價淨值比-TSE,1.18
4720 德淵,股價淨值比-TSE,1.18
4721 美琪瑪,股價淨值比-TSE,1.91
4722 國精化,股價淨值比-TSE,1.27
4725 信昌化,股價淨值比-TSE,1.2
4726 永昕,股價淨值比-TSE,3.81
4728 雙美,股價淨值比-TSE,2.47
4729 熒茂,股價淨值比-TSE,1.99
4735 豪展,股價淨值比-TSE,1.97
4736 泰博,股價淨值比-TSE,3.44
4737 華廣,股價淨值比-TSE,1.92
4739 康普,股價淨值比-TSE,1.62
4741 泓瀚,股價淨值比-TSE,0
4743 合一,股價淨值比-TSE,4.3
4744 皇將,股價淨值比-TSE,0
4745 合富-KY,股價淨值比-TSE,3.51
4746 台耀,股價淨值比-TSE,1.95
4747 強生,股價淨值比-TSE,2.68
4754 國碳科,股價淨值比-TSE,0
4755 三福化,股價淨值比-TSE,1
4760 勤凱,股價淨值比-TSE,0
4763 材料-KY,股價淨值比-TSE,0
4764 雙鍵,股價淨值比-TSE,0
4766 南寶,股價淨值比-TSE,0
4767 誠泰科技,股價淨值比-TSE,0
4803 VHQ-KY,股價淨值比-TSE,0
4804 大略-KY,股價淨值比-TSE,0
4806 昇華,股價淨值比-TSE,0
4807 日成-KY,股價淨值比-TSE,0
4903 聯光通,股價淨值比-TSE,1.18
4904 遠傳,股價淨值比-TSE,3.37
4905 台聯電,股價淨值比-TSE,0.83
4906 正文,股價淨值比-TSE,0.89
4907 富宇,股價淨值比-TSE,4.15
4908 前鼎,股價淨值比-TSE,1.82
4909 新復興,股價淨值比-TSE,1.35
4911 德英,股價淨值比-TSE,5.91
4912 聯德控股-KY,股價淨值比-TSE,2.01
4915 致伸,股價淨值比-TSE,1.99
4916 事欣科,股價淨值比-TSE,1.87
4919 新唐,股價淨值比-TSE,2.06
4924 欣厚-KY,股價淨值比-TSE,3.91
4927 泰鼎-KY,股價淨值比-TSE,1.37
4930 燦星網,股價淨值比-TSE,0.79
4931 新盛力,股價淨值比-TSE,0
4933 友輝,股價淨值比-TSE,1.32
4934 太極,股價淨值比-TSE,1.17
4935 茂林-KY,股價淨值比-TSE,1.04
4938 和碩,股價淨值比-TSE,1.52
4939 亞電,股價淨值比-TSE,1.34
4942 嘉彰,股價淨值比-TSE,0.61
4943 康控-KY,股價淨值比-TSE,0
4944 兆遠,股價淨值比-TSE,1.43
4946 辣椒,股價淨值比-TSE,2.44
4947 昂寶-KY,股價淨值比-TSE,3.08
4950 牧東,股價淨值比-TSE,1
4952 凌通,股價淨值比-TSE,2.08
4953 緯軟,股價淨值比-TSE,1.76
4956 光鋐,股價淨值比-TSE,1.04
4958 臻鼎-KY,股價淨值比-TSE,2.24
4960 誠美材,股價淨值比-TSE,1.4
4961 天鈺,股價淨值比-TSE,0
4966 譜瑞-KY,股價淨值比-TSE,4.57
4967 十銓,股價淨值比-TSE,0
4968 立積,股價淨值比-TSE,0
4971 IET-KY,股價淨值比-TSE,2.33
4972 湯石照明,股價淨值比-TSE,1.06
4973 廣穎,股價淨值比-TSE,1.3
4974 亞泰,股價淨值比-TSE,1.65
4976 佳凌,股價淨值比-TSE,1.49
4977 眾達-KY,股價淨值比-TSE,2.61
4979 華星光,股價淨值比-TSE,2.94
4987 科誠,股價淨值比-TSE,2.81
4989 榮科,股價淨值比-TSE,0
4991 環宇-KY,股價淨值比-TSE,2.06
4994 傳奇,股價淨值比-TSE,8.89
4995 晶達,股價淨值比-TSE,3.71
4999 鑫禾,股價淨值比-TSE,1.83
5007 三星,股價淨值比-TSE,4.18
5009 榮剛,股價淨值比-TSE,1.19
5011 久陽,股價淨值比-TSE,2.11
5013 強新,股價淨值比-TSE,1.19
5014 建錩,股價淨值比-TSE,0.84
5015 華祺,股價淨值比-TSE,1.49
5016 松和,股價淨值比-TSE,1.3
5102 富強,股價淨值比-TSE,1.14
5201 凱衛,股價淨值比-TSE,1.28
5202 力新,股價淨值比-TSE,2.54
5203 訊連,股價淨值比-TSE,1.98
5205 中茂,股價淨值比-TSE,5.41
5206 坤悅,股價淨值比-TSE,1.11
5209 新鼎,股價淨值比-TSE,2.58
5210 寶碩,股價淨值比-TSE,0.79
5211 蒙恬,股價淨值比-TSE,1.85
5212 凌網,股價淨值比-TSE,2.37
5213 亞昕,股價淨值比-TSE,1.13
5215 科嘉-KY,股價淨值比-TSE,1.27
5220 萬達光電,股價淨值比-TSE,0
5223 安力-KY,股價淨值比-TSE,0
5225 東科-KY,股價淨值比-TSE,1.9
5227 立凱-KY,股價淨值比-TSE,3.31
5230 雷笛克光學,股價淨值比-TSE,1.94
5234 達興材料,股價淨值比-TSE,2.38
5243 乙盛-KY,股價淨值比-TSE,1.26
5245 智晶,股價淨值比-TSE,0
5251 天鉞電,股價淨值比-TSE,2.03
5258 虹堡,股價淨值比-TSE,0
5259 奕智博,股價淨值比-TSE,1.13
5263 智崴,股價淨值比-TSE,16.3
5264 鎧勝-KY,股價淨值比-TSE,2.38
5269 祥碩,股價淨值比-TSE,8.17
5272 笙科,股價淨值比-TSE,4.54
5274 信驊,股價淨值比-TSE,9.17
5276 達輝-KY,股價淨值比-TSE,1.38
5278 尚凡,股價淨值比-TSE,2.93
5281 大峽谷-KY,股價淨值比-TSE,0
5283 禾聯碩,股價淨值比-TSE,0
5284 jpp-KY,股價淨值比-TSE,2.29
5285 界霖,股價淨值比-TSE,2.12
5287 數字,股價淨值比-TSE,6.36
5288 豐祥-KY,股價淨值比-TSE,2.02
5289 宜鼎,股價淨值比-TSE,3.18
5291 邑昇,股價淨值比-TSE,1.91
5299 杰力,股價淨值比-TSE,0
5301 寶得利,股價淨值比-TSE,4.54
5302 太欣,股價淨值比-TSE,0.73
5304 鼎創達,股價淨值比-TSE,0.79
5305 敦南,股價淨值比-TSE,0.89
5306 桂盟,股價淨值比-TSE,6.39
5309 系統電,股價淨值比-TSE,2
5310 天剛,股價淨值比-TSE,2.61
5312 寶島科,股價淨值比-TSE,2.5
5314 世紀,股價淨值比-TSE,1.27
5315 光聯,股價淨值比-TSE,1.2
5321 友銓,股價淨值比-TSE,2.32
5324 士開,股價淨值比-TSE,1.68
5328 華容,股價淨值比-TSE,0.69
5340 建榮,股價淨值比-TSE,0.71
5344 立衛,股價淨值比-TSE,0.82
5345 天揚,股價淨值比-TSE,1.27
5347 世界,股價淨值比-TSE,3.28
5348 系通,股價淨值比-TSE,1.9
5349 先豐,股價淨值比-TSE,2.75
5351 鈺創,股價淨值比-TSE,1.77
5353 台林,股價淨值比-TSE,0.93
5355 佳總,股價淨值比-TSE,0.94
5356 協益,股價淨值比-TSE,1.58
5364 力麗店,股價淨值比-TSE,3.13
5371 中光電,股價淨值比-TSE,1.05
5381 合正,股價淨值比-TSE,0.71
5383 金利,股價淨值比-TSE,1
5386 青雲,股價淨值比-TSE,1.81
5388 中磊,股價淨值比-TSE,2.9
5392 應華,股價淨值比-TSE,1.44
5398 慕康生醫,股價淨值比-TSE,3.73
5403 中菲,股價淨值比-TSE,1.4
5410 國眾,股價淨值比-TSE,1.07
5425 台半,股價淨值比-TSE,1.45
5426 振發,股價淨值比-TSE,0.99
5432 達威,股價淨值比-TSE,1.31
5434 崇越,股價淨值比-TSE,1.67
5438 東友,股價淨值比-TSE,0.88
5439 高技,股價淨值比-TSE,1.48
5443 均豪,股價淨值比-TSE,0.88
5450 寶聯通,股價淨值比-TSE,1.49
5452 佶優,股價淨值比-TSE,0.94
5455 昇益,股價淨值比-TSE,219.17
5457 宣德,股價淨值比-TSE,3.44
5460 同協,股價淨值比-TSE,1.29
5464 霖宏,股價淨值比-TSE,1.21
5465 富驊,股價淨值比-TSE,1.45
5468 凱鈺,股價淨值比-TSE,1.99
5469 瀚宇博,股價淨值比-TSE,0.54
5471 松翰,股價淨值比-TSE,2.46
5474 聰泰,股價淨值比-TSE,3.16
5475 德宏,股價淨值比-TSE,0.71
5478 智冠,股價淨值比-TSE,2.44
5481 新華,股價淨值比-TSE,1.68
5483 中美晶,股價淨值比-TSE,1.52
5484 慧友,股價淨值比-TSE,1
5487 通泰,股價淨值比-TSE,1.35
5488 松普,股價淨值比-TSE,0.61
5489 彩富,股價淨值比-TSE,3.44
5490 同亨,股價淨值比-TSE,3.76
5493 三聯,股價淨值比-TSE,1.44
5498 凱崴,股價淨值比-TSE,0.67
5508 永信建,股價淨值比-TSE,2.58
5511 德昌,股價淨值比-TSE,1.27
5512 力麒,股價淨值比-TSE,0.77
5514 三豐,股價淨值比-TSE,1.45
5515 建國,股價淨值比-TSE,0.68
5516 雙喜,股價淨值比-TSE,0.87
5519 隆大,股價淨值比-TSE,1.48
5520 力泰,股價淨值比-TSE,1.09
5521 工信,股價淨值比-TSE,1.1
5522 遠雄,股價淨值比-TSE,0.86
5523 豐謙,股價淨值比-TSE,2.33
5525 順天,股價淨值比-TSE,1.22
5529 志嘉,股價淨值比-TSE,1.27
5530 龍巖,股價淨值比-TSE,4.47
5531 鄉林,股價淨值比-TSE,1.41
5533 皇鼎,股價淨值比-TSE,0.79
5534 長虹,股價淨值比-TSE,2.05
5536 聖暉,股價淨值比-TSE,1.6
5538 東明-KY,股價淨值比-TSE,1.53
5543 崇佑-KY,股價淨值比-TSE,0
5601 台聯櫃,股價淨值比-TSE,1.33
5603 陸海,股價淨值比-TSE,1.45
5604 中連貨,股價淨值比-TSE,1.94
5607 遠雄港,股價淨值比-TSE,1.19
5608 四維航,股價淨值比-TSE,0.88
5609 中菲行,股價淨值比-TSE,1.64
5701 劍湖山,股價淨值比-TSE,0.59
5703 亞都,股價淨值比-TSE,1.84
5704 老爺知,股價淨值比-TSE,3.09
5706 鳳凰,股價淨值比-TSE,2.36
5820 日盛金,股價淨值比-TSE,0.76
5864 致和證,股價淨值比-TSE,0
5871 中租-KY,股價淨值比-TSE,2.71
5876 上海商銀,股價淨值比-TSE,0
5878 台名,股價淨值比-TSE,2.41
5880 合庫金,股價淨值比-TSE,0.97
5902 德記,股價淨值比-TSE,2.02
5903 全家,股價淨值比-TSE,9.91
5904 寶雅,股價淨值比-TSE,10.25
5905 南仁湖,股價淨值比-TSE,1.06
5906 台南-KY,股價淨值比-TSE,0.88
5907 大洋-KY,股價淨值比-TSE,1.06
6005 群益證,股價淨值比-TSE,0.81
6015 宏遠證,股價淨值比-TSE,0.78
6016 康和證,股價淨值比-TSE,0.71
6020 大展證,股價淨值比-TSE,1.25
6021 大慶證,股價淨值比-TSE,1.03
6023 元大期,股價淨值比-TSE,1.12
6024 群益期,股價淨值比-TSE,1.13
6026 福邦證,股價淨值比-TSE,0
6101 寬魚國際,股價淨值比-TSE,3.17
6103 合邦,股價淨值比-TSE,12.5
6104 創惟,股價淨值比-TSE,3.66
6108 競國,股價淨值比-TSE,1.06
6109 亞元,股價淨值比-TSE,1.37
6111 大宇資,股價淨值比-TSE,11.31
6112 聚碩,股價淨值比-TSE,1.92
6113 亞矽,股價淨值比-TSE,0.92
6114 久威,股價淨值比-TSE,7.47
6115 鎰勝,股價淨值比-TSE,1.5
6116 彩晶,股價淨值比-TSE,0.72
6117 迎廣,股價淨值比-TSE,0.75
6118 建達,股價淨值比-TSE,1.2
6120 達運,股價淨值比-TSE,0.68
6121 新普,股價淨值比-TSE,2.54
6122 擎邦,股價淨值比-TSE,0.79
6123 上奇,股價淨值比-TSE,1.51
6124 業強,股價淨值比-TSE,1.93
6125 廣運,股價淨值比-TSE,0.7
6126 信音,股價淨值比-TSE,0.92
6127 九豪,股價淨值比-TSE,1.1
6128 上福,股價淨值比-TSE,1.86
6129 普誠,股價淨值比-TSE,1.1
6130 星寶國際,股價淨值比-TSE,2.99
6131 鈞泰,股價淨值比-TSE,1.35
6133 金橋,股價淨值比-TSE,0.74
6134 萬旭,股價淨值比-TSE,0.97
6136 富爾特,股價淨值比-TSE,0.93
6138 茂達,股價淨值比-TSE,1.86
6139 亞翔,股價淨值比-TSE,0.69
6140 訊達,股價淨值比-TSE,1.04
6141 柏承,股價淨值比-TSE,0.68
6142 友勁,股價淨值比-TSE,0.6
6143 振曜,股價淨值比-TSE,2.15
6144 得利影,股價淨值比-TSE,1.61
6146 耕興,股價淨值比-TSE,6.22
6147 頎邦,股價淨值比-TSE,1.7
6148 驊宏資,股價淨值比-TSE,0.86
6150 撼訊,股價淨值比-TSE,1.53
6151 晉倫,股價淨值比-TSE,1.1
6152 百一,股價淨值比-TSE,0.86
6153 嘉聯益,股價淨值比-TSE,1.35
6154 順發,股價淨值比-TSE,1.33
6155 鈞寶,股價淨值比-TSE,1.39
6156 松上,股價淨值比-TSE,1.68
6158 禾昌,股價淨值比-TSE,0.54
6160 欣技,股價淨值比-TSE,1.93
6161 捷波,股價淨值比-TSE,0.73
6163 華電網,股價淨值比-TSE,1.25
6164 華興,股價淨值比-TSE,1.23
6165 捷泰,股價淨值比-TSE,2.06
6166 凌華,股價淨值比-TSE,4.01
6167 久正,股價淨值比-TSE,0.68
6168 宏齊,股價淨值比-TSE,1.21
6169 昱泉,股價淨值比-TSE,1.54
6170 統振,股價淨值比-TSE,1.04
6171 亞銳士,股價淨值比-TSE,1.38
6172 互億,股價淨值比-TSE,1.21
6173 信昌電,股價淨值比-TSE,0.83
6174 安碁,股價淨值比-TSE,1.5
6175 立敦,股價淨值比-TSE,1.38
6176 瑞儀,股價淨值比-TSE,2.16
6177 達麗,股價淨值比-TSE,1.84
6179 亞通,股價淨值比-TSE,7.75
6180 橘子,股價淨值比-TSE,2.55
6182 合晶,股價淨值比-TSE,0.83
6183 關貿,股價淨值比-TSE,2.13
6184 大豐電,股價淨值比-TSE,2.41
6185 幃翔,股價淨值比-TSE,1.75
6186 新潤,股價淨值比-TSE,1.82
6187 萬潤,股價淨值比-TSE,2.34
6188 廣明,股價淨值比-TSE,1.13
6189 豐藝,股價淨值比-TSE,1.96
6190 萬泰科,股價淨值比-TSE,0.71
6191 精成科,股價淨值比-TSE,0.51
6192 巨路,股價淨值比-TSE,2.06
6194 育富,股價淨值比-TSE,0.73
6195 詩肯,股價淨值比-TSE,4.09
6196 帆宣,股價淨值比-TSE,0.94
6197 佳必琪,股價淨值比-TSE,1.45
6198 凌泰,股價淨值比-TSE,2.09
6199 天品,股價淨值比-TSE,1.99
6201 亞弘電,股價淨值比-TSE,0.94
6202 盛群,股價淨值比-TSE,3.33
6203 海韻電,股價淨值比-TSE,2.63
6204 艾華,股價淨值比-TSE,1.05
6205 詮欣,股價淨值比-TSE,1.68
6206 飛捷,股價淨值比-TSE,3.83
6207 雷科,股價淨值比-TSE,1.67
6208 日揚,股價淨值比-TSE,1.03
6209 今國光,股價淨值比-TSE,0.91
6210 慶生,股價淨值比-TSE,2.39
6212 理銘,股價淨值比-TSE,2.97
6213 聯茂,股價淨值比-TSE,1.15
6214 精誠,股價淨值比-TSE,1.15
6215 和椿,股價淨值比-TSE,1.73
6216 居易,股價淨值比-TSE,1.63
6217 中探針,股價淨值比-TSE,2.42
6218 豪勉,股價淨值比-TSE,1.37
6219 富旺,股價淨值比-TSE,1.54
6220 岳豐,股價淨值比-TSE,1.1
6221 晉泰,股價淨值比-TSE,1.53
6222 上揚,股價淨值比-TSE,1.43
6223 旺矽,股價淨值比-TSE,2.64
6224 聚鼎,股價淨值比-TSE,2.93
6225 天瀚,股價淨值比-TSE,16.31
6226 光鼎,股價淨值比-TSE,0.86
6227 茂綸,股價淨值比-TSE,0.94
6228 全譜,股價淨值比-TSE,5.63
6229 研通,股價淨值比-TSE,1.29
6230 超眾,股價淨值比-TSE,2.43
6231 系微,股價淨值比-TSE,2.93
6233 旺玖,股價淨值比-TSE,1.33
6234 高僑,股價淨值比-TSE,1.05
6235 華孚,股價淨值比-TSE,0.8
6236 康呈,股價淨值比-TSE,5.27
6237 驊訊,股價淨值比-TSE,1.17
6238 勝麗,股價淨值比-TSE,3.15
6239 力成,股價淨值比-TSE,1.36
6240 松崗,股價淨值比-TSE,4.52
6241 易通展,股價淨值比-TSE,2.01
6242 立康,股價淨值比-TSE,0
6243 迅杰,股價淨值比-TSE,1.92
6244 茂迪,股價淨值比-TSE,1.58
6245 立端,股價淨值比-TSE,2.17
6246 臺龍,股價淨值比-TSE,1.32
6247 淇譽電,股價淨值比-TSE,0.87
6248 沛波,股價淨值比-TSE,3.97
6251 定穎,股價淨值比-TSE,0.93
6257 矽格,股價淨值比-TSE,1.44
6259 百徽,股價淨值比-TSE,3.89
6261 久元,股價淨值比-TSE,1.34
6263 普萊德,股價淨值比-TSE,2.54
6264 富裔,股價淨值比-TSE,1.38
6265 方土昶,股價淨值比-TSE,0.67
6266 泰詠,股價淨值比-TSE,0.74
6269 台郡,股價淨值比-TSE,1.91
6270 倍微,股價淨值比-TSE,0.77
6271 同欣電,股價淨值比-TSE,1.84
6274 台燿,股價淨值比-TSE,1.14
6275 元山,股價淨值比-TSE,1.25
6276 安鈦克,股價淨值比-TSE,1.49
6277 宏正,股價淨值比-TSE,3.05
6278 台表科,股價淨值比-TSE,1.14
6279 胡連,股價淨值比-TSE,3.09
6281 全國電,股價淨值比-TSE,2.86
6282 康舒,股價淨值比-TSE,2.13
6283 淳安,股價淨值比-TSE,1.08
6284 佳邦,股價淨值比-TSE,1.35
6285 啟碁,股價淨值比-TSE,2.06
6287 元隆,股價淨值比-TSE,1.7
6288 聯嘉,股價淨值比-TSE,0
6289 華上,股價淨值比-TSE,0.62
6290 良維,股價淨值比-TSE,1.23
6291 沛亨,股價淨值比-TSE,1.12
6292 迅德,股價淨值比-TSE,1.52
6294 智基,股價淨值比-TSE,3.06
6404 通訊-KY,股價淨值比-TSE,2.11
6405 悅城,股價淨值比-TSE,1.79
6409 旭隼,股價淨值比-TSE,6.56
6411 晶焱,股價淨值比-TSE,3.02
6412 群電,股價淨值比-TSE,2.58
6414 樺漢,股價淨值比-TSE,7.99
6415 矽力-KY,股價淨值比-TSE,6.32
6416 瑞祺電通,股價淨值比-TSE,0
6417 韋僑,股價淨值比-TSE,0
6418 詠昇,股價淨值比-TSE,0
6419 京晨科,股價淨值比-TSE,5.14
6425 易發,股價淨值比-TSE,0
6426 統新,股價淨值比-TSE,3.32
6431 光麗-KY,股價淨值比-TSE,1.1
6432 今展科,股價淨值比-TSE,0
6435 大中,股價淨值比-TSE,0
6438 迅得,股價淨值比-TSE,0
6441 廣錠,股價淨值比-TSE,0
6442 光聖,股價淨值比-TSE,0
6443 元晶,股價淨值比-TSE,0
6446 藥華藥,股價淨值比-TSE,0
6449 鈺邦,股價淨值比-TSE,2.87
6451 訊芯-KY,股價淨值比-TSE,0
6452 康友-KY,股價淨值比-TSE,0
6456 GIS-KY,股價淨值比-TSE,0
6457 紘康,股價淨值比-TSE,0
6461 益得,股價淨值比-TSE,0
6462 神盾,股價淨值比-TSE,0
6464 台數科,股價淨值比-TSE,0
6465 威潤,股價淨值比-TSE,0
6469 大樹,股價淨值比-TSE,0
6470 宇智,股價淨值比-TSE,0
6472 保瑞,股價淨值比-TSE,0
6477 安集,股價淨值比-TSE,0
6482 弘煜科,股價淨值比-TSE,0
6485 點序,股價淨值比-TSE,0
6486 互動,股價淨值比-TSE,0
6488 環球晶,股價淨值比-TSE,0
6491 晶碩,股價淨值比-TSE,0
6492 生華科,股價淨值比-TSE,0
6494 九齊,股價淨值比-TSE,0
6496 科懋,股價淨值比-TSE,0
6497 亞獅康-KY　,股價淨值比-TSE,0
6499 益安,股價淨值比-TSE,0
6504 南六,股價淨值比-TSE,4.74
6505 台塑化,股價淨值比-TSE,2.68
6506 雙邦,股價淨值比-TSE,1.27
6508 惠光,股價淨值比-TSE,1.35
6509 聚和,股價淨值比-TSE,1.39
6510 精測,股價淨值比-TSE,0
6512 啟發電,股價淨值比-TSE,0
6514 芮特-KY,股價淨值比-TSE,0
6516 勤崴國際,股價淨值比-TSE,0
6523 達爾膚,股價淨值比-TSE,0
6525 捷敏-KY,股價淨值比-TSE,0
6530 創威,股價淨值比-TSE,0
6531 愛普,股價淨值比-TSE,0
6532 瑞耘,股價淨值比-TSE,0
6533 晶心科,股價淨值比-TSE,0
6535 順藥,股價淨值比-TSE,0
6538 倉和,股價淨值比-TSE,0
6541 泰福-KY,股價淨值比-TSE,0
6542 隆中,股價淨值比-TSE,0
6547 高端疫苗,股價淨值比-TSE,0
6548 長科*,股價淨值比-TSE,0
6552 易華電,股價淨值比-TSE,0
6556 勝品,股價淨值比-TSE,0
6558 興能高,股價淨值比-TSE,0
6560 欣普羅,股價淨值比-TSE,0
6561 是方,股價淨值比-TSE,0
6568 宏觀,股價淨值比-TSE,0
6569 醫揚,股價淨值比-TSE,0
6570 維田,股價淨值比-TSE,0
6573 虹揚-KY,股價淨值比-TSE,0
6574 霈方,股價淨值比-TSE,0
6576 逸達,股價淨值比-TSE,0
6577 勁豐,股價淨值比-TSE,0
6578 達邦蛋白,股價淨值比-TSE,0
6579 研揚,股價淨值比-TSE,0
6581 鋼聯,股價淨值比-TSE,0
6582 申豐,股價淨值比-TSE,0
6589 台康生技,股價淨值比-TSE,0
6590 普鴻,股價淨值比-TSE,0
6591 動力-KY,股價淨值比-TSE,0
6593 台灣銘板,股價淨值比-TSE,0
6594 展匯科,股價淨值比-TSE,0
6596 寬宏藝術,股價淨值比-TSE,0
6603 富強鑫,股價淨值比-TSE,0.81
6605 帝寶,股價淨值比-TSE,1.98
6609 瀧澤科,股價淨值比-TSE,1.77
6612 奈米醫材,股價淨值比-TSE,0
6613 朋億,股價淨值比-TSE,0
6615 慧智,股價淨值比-TSE,0
6616 特昇-KY,股價淨值比-TSE,0
6624 萬年清,股價淨值比-TSE,0
6625 必應,股價淨值比-TSE,0
6629 泰金-KY,股價淨值比-TSE,0
6640 均華,股價淨值比-TSE,0
6641 基士德-KY,股價淨值比-TSE,0
6642 富致,股價淨值比-TSE,0
6643 M31,股價淨值比-TSE,0
6649 台生材,股價淨值比-TSE,0
6654 天正國際,股價淨值比-TSE,0
6655 科定,股價淨值比-TSE,0
6662 樂斯科,股價淨值比-TSE,0
6664 群翊,股價淨值比-TSE,0
6666 羅麗芬-KY,股價淨值比-TSE,0
6667 信紘科,股價淨值比-TSE,0
6668 中揚光,股價淨值比-TSE,0
6669 緯穎,股價淨值比-TSE,0
6670 復盛應用,股價淨值比-TSE,0
6671 三能-KY,股價淨值比-TSE,0
6672 騰輝電子-KY,股價淨值比-TSE,0
6674 鋐寶科技,股價淨值比-TSE,0
6679 鈺太,股價淨值比-TSE,0
6680 鑫創電子,股價淨值比-TSE,0
6683 雍智科技,股價淨值比-TSE,0
6803 崑鼎,股價淨值比-TSE,2.61
7402 邑錡,股價淨值比-TSE,0
8011 台通,股價淨值比-TSE,1.81
8016 矽創,股價淨值比-TSE,2.62
8021 尖點,股價淨值比-TSE,1.05
8024 佑華,股價淨值比-TSE,1.02
8027 鈦昇,股價淨值比-TSE,0
8028 昇陽半導體,股價淨值比-TSE,0
8032 光菱,股價淨值比-TSE,1.24
8033 雷虎,股價淨值比-TSE,1.59
8034 榮群,股價淨值比-TSE,1.14
8038 長園科,股價淨值比-TSE,2.63
8039 台虹,股價淨值比-TSE,1.43
8040 九暘,股價淨值比-TSE,1.07
8042 金山電,股價淨值比-TSE,1.47
8043 蜜望實,股價淨值比-TSE,0.68
8044 網家,股價淨值比-TSE,15.41
8046 南電,股價淨值比-TSE,0.71
8047 星雲,股價淨值比-TSE,1.2
8048 德勝,股價淨值比-TSE,2.28
8049 晶采,股價淨值比-TSE,0.78
8050 廣積,股價淨值比-TSE,2.48
8054 安國,股價淨值比-TSE,1.13
8059 凱碩,股價淨值比-TSE,1.5
8064 東捷,股價淨值比-TSE,1.4
8066 來思達,股價淨值比-TSE,5.19
8067 志旭,股價淨值比-TSE,1.15
8068 全達,股價淨值比-TSE,2.36
8069 元太,股價淨值比-TSE,0.66
8070 長華,股價淨值比-TSE,1.22
8071 能率網通,股價淨值比-TSE,1.34
8072 陞泰,股價淨值比-TSE,1.89
8074 鉅橡,股價淨值比-TSE,1.9
8076 伍豐,股價淨值比-TSE,5.14
8077 洛碁,股價淨值比-TSE,10.35
8080 永利聯合,股價淨值比-TSE,2.03
8081 致新,股價淨值比-TSE,1.89
8083 瑞穎,股價淨值比-TSE,4.72
8084 巨虹,股價淨值比-TSE,2.27
8085 福華,股價淨值比-TSE,1.18
8086 宏捷科,股價淨值比-TSE,2.89
8087 華鎂鑫,股價淨值比-TSE,1
8088 品安,股價淨值比-TSE,1.69
8091 翔名,股價淨值比-TSE,1.85
8092 建暐,股價淨值比-TSE,1.21
8093 保銳,股價淨值比-TSE,0.83
8096 擎亞,股價淨值比-TSE,0.73
8097 常珵,股價淨值比-TSE,0.89
8099 大世科,股價淨值比-TSE,1.52
8101 華冠,股價淨值比-TSE,1.19
8103 瀚荃,股價淨值比-TSE,1.84
8104 錸寶,股價淨值比-TSE,0
8105 凌巨,股價淨值比-TSE,0.75
8107 大億金茂,股價淨值比-TSE,1.73
8109 博大,股價淨值比-TSE,3.81
8110 華東,股價淨值比-TSE,0.98
8111 立碁,股價淨值比-TSE,0.72
8112 至上,股價淨值比-TSE,0.96
8114 振樺電,股價淨值比-TSE,5.88
8121 越峰,股價淨值比-TSE,2.41
8131 福懋科,股價淨值比-TSE,1.12
8147 正淩,股價淨值比-TSE,2.21
8150 南茂,股價淨值比-TSE,2.11
8155 博智,股價淨值比-TSE,1.56
8163 達方,股價淨值比-TSE,0.66
8171 天宇,股價淨值比-TSE,1.17
8176 智捷,股價淨值比-TSE,0.94
8182 加高,股價淨值比-TSE,0.69
8183 精星,股價淨值比-TSE,0.72
8201 無敵,股價淨值比-TSE,0.6
8210 勤誠,股價淨值比-TSE,2.62
8213 志超,股價淨值比-TSE,1.41
8215 明基材,股價淨值比-TSE,2.45
8222 寶一,股價淨值比-TSE,0
8234 新漢,股價淨值比-TSE,3.2
8240 華宏,股價淨值比-TSE,0.69
8249 菱光,股價淨值比-TSE,0.9
8255 朋程,股價淨值比-TSE,3.1
8261 富鼎,股價淨值比-TSE,1.95
8271 宇瞻,股價淨值比-TSE,1.77
8277 商丞,股價淨值比-TSE,1.11
8279 生展,股價淨值比-TSE,0
8287 英格爾,股價淨值比-TSE,0.81
8289 泰藝,股價淨值比-TSE,0.71
8291 尚茂,股價淨值比-TSE,0.98
8299 群聯,股價淨值比-TSE,2.58
8341 日友,股價淨值比-TSE,0
8342 益張,股價淨值比-TSE,0
8349 恒耀,股價淨值比-TSE,4.67
8354 冠好,股價淨值比-TSE,0.81
8358 金居,股價淨值比-TSE,1.12
8367 建新國際,股價淨值比-TSE,0
8374 羅昇,股價淨值比-TSE,1.12
8383 千附,股價淨值比-TSE,1.53
8390 金益鼎,股價淨值比-TSE,0.83
8401 白紗科,股價淨值比-TSE,1.13
8403 盛弘,股價淨值比-TSE,1.85
8404 百和興業-KY,股價淨值比-TSE,1.05
8406 金可-KY,股價淨值比-TSE,3.55
8409 商之器,股價淨值比-TSE,2.6
8410 森田,股價淨值比-TSE,1.1
8411 福貞-KY,股價淨值比-TSE,0.91
8415 大國鋼,股價淨值比-TSE,0
8416 實威,股價淨值比-TSE,5.12
8418 捷必勝-KY,股價淨值比-TSE,0.82
8420 明揚,股價淨值比-TSE,1.42
8421 旭源,股價淨值比-TSE,0.97
8422 可寧衛,股價淨值比-TSE,3.7
8423 保綠-KY,股價淨值比-TSE,1.47
8424 惠普,股價淨值比-TSE,1.83
8426 紅木-KY,股價淨值比-TSE,2.61
8427 基勝-KY,股價淨值比-TSE,1.24
8429 金麗-KY,股價淨值比-TSE,1.91
8431 匯鑽科,股價淨值比-TSE,0
8432 東生華,股價淨值比-TSE,2.29
8433 弘帆,股價淨值比-TSE,2.3
8435 鉅邁,股價淨值比-TSE,2.26
8436 大江,股價淨值比-TSE,3.28
8437 大地-KY,股價淨值比-TSE,0
8440 綠電,股價淨值比-TSE,0
8442 威宏-KY,股價淨值比-TSE,0
8443 阿瘦,股價淨值比-TSE,1.59
8444 綠河-KY,股價淨值比-TSE,0
8446 華研,股價淨值比-TSE,4.37
8450 霹靂,股價淨值比-TSE,7.58
8454 富邦媒,股價淨值比-TSE,16.53
8455 大拓-KY,股價淨值比-TSE,0
8462 柏文,股價淨值比-TSE,0
8463 潤泰材,股價淨值比-TSE,0
8464 億豐,股價淨值比-TSE,0
8466 美吉吉-KY,股價淨值比-TSE,0
8467 波力-KY,股價淨值比-TSE,0
8472 夠麻吉,股價淨值比-TSE,0
8473 山林水,股價淨值比-TSE,0
8476 台境,股價淨值比-TSE,0
8477 創業家,股價淨值比-TSE,0
8478 東哥遊艇,股價淨值比-TSE,0
8480 泰昇-KY,股價淨值比-TSE,0
8481 政伸,股價淨值比-TSE,0
8482 商億-KY,股價淨值比-TSE,0
8488 吉源-KY,股價淨值比-TSE,0
8489 三貝德,股價淨值比-TSE,0
8497 格威傳媒,股價淨值比-TSE,0
8499 鼎炫-KY,股價淨值比-TSE,0
8905 裕國,股價淨值比-TSE,1.25
8906 花王,股價淨值比-TSE,1.16
8908 欣雄,股價淨值比-TSE,3.1
8913 全銓,股價淨值比-TSE,1.35
8916 光隆,股價淨值比-TSE,1.45
8917 欣泰,股價淨值比-TSE,3.49
8921 沈氏,股價淨值比-TSE,1.16
8923 時報,股價淨值比-TSE,1.27
8924 大田,股價淨值比-TSE,1.08
8926 台汽電,股價淨值比-TSE,1.31
8927 北基,股價淨值比-TSE,1.19
8928 鉅明,股價淨值比-TSE,3.54
8929 富堡,股價淨值比-TSE,1.28
8930 青鋼,股價淨值比-TSE,0.92
8931 大汽電,股價淨值比-TSE,1.51
8932 宏大,股價淨值比-TSE,1.25
8933 愛地雅,股價淨值比-TSE,1.02
8934 衡平,股價淨值比-TSE,1.33
8935 邦泰,股價淨值比-TSE,0.9
8936 國統,股價淨值比-TSE,2.33
8937 合騏,股價淨值比-TSE,1.14
8938 明安,股價淨值比-TSE,0.93
8940 新天地,股價淨值比-TSE,2.01
8941 關中,股價淨值比-TSE,2.29
8942 森鉅,股價淨值比-TSE,2.7
8996 高力,股價淨值比-TSE,2.52
9103 美德醫療-DR,股價淨值比-TSE,0
910322 康師傅-DR,股價淨值比-TSE,0
910482 聖馬丁-DR,股價淨值比-TSE,0
9105 泰金寶-DR,股價淨值比-TSE,0
910861 神州-DR,股價淨值比-TSE,0
9110 越南控-DR,股價淨值比-TSE,0
911608 明輝-DR,股價淨值比-TSE,0
911613 特藝-DR,股價淨值比-TSE,0
911616 杜康-DR,股價淨值比-TSE,0
911622 泰聚亨-DR,股價淨值比-TSE,0
911868 同方友友-DR,股價淨值比-TSE,0
912000 晨訊科-DR,股價淨值比-TSE,0
912398 友佳-DR,股價淨值比-TSE,0
9136 巨騰-DR,股價淨值比-TSE,0
9157 陽光能源-DR,股價淨值比-TSE,0
9188 精熙-DR,股價淨值比-TSE,0
9802 鈺齊-KY,股價淨值比-TSE,1.16
9902 台火,股價淨值比-TSE,1.45
9904 寶成,股價淨值比-TSE,1.78
9905 大華,股價淨值比-TSE,1.36
9906 欣巴巴,股價淨值比-TSE,3.14
9907 統一實,股價淨值比-TSE,1.66
9908 大台北,股價淨值比-TSE,1.19
9910 豐泰,股價淨值比-TSE,5.78
9911 櫻花,股價淨值比-TSE,1.54
9912 偉聯,股價淨值比-TSE,1
9914 美利達,股價淨值比-TSE,5.94
9917 中保,股價淨值比-TSE,3.61
9918 欣天然,股價淨值比-TSE,2.07
9919 康那香,股價淨值比-TSE,0.9
9921 巨大,股價淨值比-TSE,5.82
9924 福興,股價淨值比-TSE,1.29
9925 新保,股價淨值比-TSE,1.76
9926 新海,股價淨值比-TSE,2.72
9927 泰銘,股價淨值比-TSE,1.7
9928 中視,股價淨值比-TSE,1.53
9929 秋雨,股價淨值比-TSE,2.29
9930 中聯資源,股價淨值比-TSE,3.74
9931 欣高,股價淨值比-TSE,2.51
9933 中鼎,股價淨值比-TSE,2.31
9934 成霖,股價淨值比-TSE,0.87
9935 慶豐富,股價淨值比-TSE,1.49
9937 全國,股價淨值比-TSE,2.65
9938 百和,股價淨值比-TSE,2.04
9939 宏全,股價淨值比-TSE,1.4
9940 信義,股價淨值比-TSE,2.55
9941 裕融,股價淨值比-TSE,2.38
9942 茂順,股價淨值比-TSE,3.32
9943 好樂迪,股價淨值比-TSE,1.87
9944 新麗,股價淨值比-TSE,1.73
9945 潤泰新,股價淨值比-TSE,1.37
9946 三發地產,股價淨值比-TSE,1.38
9949 琉園,股價淨值比-TSE,1.29
9950 萬國通,股價淨值比-TSE,1.46
9951 皇田,股價淨值比-TSE,5.26
9955 佳龍,股價淨值比-TSE,0.82
9958 世紀鋼,股價淨值比-TSE,0.9
9960 邁達康,股價淨值比-TSE,1.63
9962 有益,股價淨值比-TSE,1