證券代碼,Data Field,2013/12/31
1101 台泥,CAPM_Beta 一年,1.0916
1102 亞泥,CAPM_Beta 一年,0.6781
1103 嘉泥,CAPM_Beta 一年,0.5647
1104 環泥,CAPM_Beta 一年,0.6908
1108 幸福,CAPM_Beta 一年,0.4213
1109 信大,CAPM_Beta 一年,0.2901
1110 東泥,CAPM_Beta 一年,0.7387
1201 味全,CAPM_Beta 一年,0.9689
1203 味王,CAPM_Beta 一年,0.4883
1210 大成,CAPM_Beta 一年,0.4708
1213 大飲,CAPM_Beta 一年,0.5576
1215 卜蜂,CAPM_Beta 一年,0.459
1216 統一,CAPM_Beta 一年,0.9005
1217 愛之味,CAPM_Beta 一年,0.5849
1218 泰山,CAPM_Beta 一年,0.4656
1219 福壽,CAPM_Beta 一年,0.195
1220 台榮,CAPM_Beta 一年,0.2116
1225 福懋油,CAPM_Beta 一年,0.2817
1227 佳格,CAPM_Beta 一年,0.6873
1229 聯華投控,CAPM_Beta 一年,0.3013
1231 聯華食,CAPM_Beta 一年,0.7378
1232 大統益,CAPM_Beta 一年,0.2997
1233 天仁,CAPM_Beta 一年,0.2252
1234 黑松,CAPM_Beta 一年,0.6804
1235 興泰,CAPM_Beta 一年,0.2045
1236 宏亞,CAPM_Beta 一年,0.4375
1240 茂生農經,CAPM_Beta 一年,0
1256 鮮活果汁-KY,CAPM_Beta 一年,1.2184
1258 其祥-KY,CAPM_Beta 一年,0.2449
1259 安心,CAPM_Beta 一年,0.4191
1264 德麥,CAPM_Beta 一年,0
1268 漢來美食,CAPM_Beta 一年,0
1301 台塑,CAPM_Beta 一年,1.1171
1303 南亞,CAPM_Beta 一年,1.4229
1304 台聚,CAPM_Beta 一年,0.5802
1305 華夏,CAPM_Beta 一年,0.6962
1307 三芳,CAPM_Beta 一年,0.4829
1308 亞聚,CAPM_Beta 一年,0.7128
1309 台達化,CAPM_Beta 一年,0.3567
1310 台苯,CAPM_Beta 一年,0.8611
1312 國喬,CAPM_Beta 一年,0.7614
1313 聯成,CAPM_Beta 一年,0.3445
1314 中石化,CAPM_Beta 一年,0.8518
1315 達新,CAPM_Beta 一年,0.413
1316 上曜,CAPM_Beta 一年,0.6104
1319 東陽,CAPM_Beta 一年,0.8292
1321 大洋,CAPM_Beta 一年,0.8066
1323 永裕,CAPM_Beta 一年,0.6896
1324 地球,CAPM_Beta 一年,0.3911
1325 恒大,CAPM_Beta 一年,-0.2989
1326 台化,CAPM_Beta 一年,1.2518
1333 恩得利,CAPM_Beta 一年,0.6873
1336 台翰,CAPM_Beta 一年,0.5871
1337 再生-KY,CAPM_Beta 一年,0.616
1338 廣華-KY,CAPM_Beta 一年,0.404
1339 昭輝,CAPM_Beta 一年,0.0954
1340 勝悅-KY,CAPM_Beta 一年,0
1341 富林-KY,CAPM_Beta 一年,0
1402 遠東新,CAPM_Beta 一年,0.8574
1409 新纖,CAPM_Beta 一年,0.6342
1410 南染,CAPM_Beta 一年,0.8795
1413 宏洲,CAPM_Beta 一年,0.3828
1414 東和,CAPM_Beta 一年,0.5466
1416 廣豐,CAPM_Beta 一年,0.4936
1417 嘉裕,CAPM_Beta 一年,0.533
1418 東華,CAPM_Beta 一年,0.3392
1419 新紡,CAPM_Beta 一年,0.3855
1423 利華,CAPM_Beta 一年,0.2375
1432 大魯閣,CAPM_Beta 一年,0.2881
1434 福懋,CAPM_Beta 一年,0.805
1435 中福,CAPM_Beta 一年,0.7752
1436 華友聯,CAPM_Beta 一年,0.1828
1437 勤益控,CAPM_Beta 一年,0.7545
1438 裕豐,CAPM_Beta 一年,0.2066
1439 中和,CAPM_Beta 一年,0.5136
1440 南紡,CAPM_Beta 一年,0.7673
1441 大東,CAPM_Beta 一年,0.6404
1442 名軒,CAPM_Beta 一年,0.2225
1443 立益,CAPM_Beta 一年,0.7088
1444 力麗,CAPM_Beta 一年,0.4622
1445 大宇,CAPM_Beta 一年,0.485
1446 宏和,CAPM_Beta 一年,0.6254
1447 力鵬,CAPM_Beta 一年,0.7475
1449 佳和,CAPM_Beta 一年,0.5962
1451 年興,CAPM_Beta 一年,0.7148
1452 宏益,CAPM_Beta 一年,0.3301
1453 大將,CAPM_Beta 一年,0.5807
1454 台富,CAPM_Beta 一年,0.4885
1455 集盛,CAPM_Beta 一年,0.6978
1456 怡華,CAPM_Beta 一年,0.2322
1457 宜進,CAPM_Beta 一年,0.5938
1459 聯發,CAPM_Beta 一年,0.3861
1460 宏遠,CAPM_Beta 一年,0.4645
1463 強盛,CAPM_Beta 一年,0.6982
1464 得力,CAPM_Beta 一年,0.4099
1465 偉全,CAPM_Beta 一年,0.4196
1466 聚隆,CAPM_Beta 一年,0.6114
1467 南緯,CAPM_Beta 一年,0.6264
1468 昶和,CAPM_Beta 一年,0.4143
1470 大統新創,CAPM_Beta 一年,0.3112
1471 首利,CAPM_Beta 一年,1.15
1472 三洋紡,CAPM_Beta 一年,0.2728
1473 台南,CAPM_Beta 一年,0.541
1474 弘裕,CAPM_Beta 一年,0.6855
1475 本盟,CAPM_Beta 一年,1.5454
1476 儒鴻,CAPM_Beta 一年,0.778
1477 聚陽,CAPM_Beta 一年,0.7056
1503 士電,CAPM_Beta 一年,0.1286
1504 東元,CAPM_Beta 一年,1.283
1506 正道,CAPM_Beta 一年,0.8138
1507 永大,CAPM_Beta 一年,0.9173
1512 瑞利,CAPM_Beta 一年,0.3795
1513 中興電,CAPM_Beta 一年,0.6537
1514 亞力,CAPM_Beta 一年,0.4291
1515 力山,CAPM_Beta 一年,0.3244
1516 川飛,CAPM_Beta 一年,0.5722
1517 利奇,CAPM_Beta 一年,0.761
1519 華城,CAPM_Beta 一年,0.6391
1521 大億,CAPM_Beta 一年,0.4225
1522 堤維西,CAPM_Beta 一年,0.9378
1524 耿鼎,CAPM_Beta 一年,0.6511
1525 江申,CAPM_Beta 一年,0.6349
1526 日馳,CAPM_Beta 一年,0.7219
1527 鑽全,CAPM_Beta 一年,0.7484
1528 恩德,CAPM_Beta 一年,0.6598
1529 樂士,CAPM_Beta 一年,0.1
1530 亞崴,CAPM_Beta 一年,0.4813
1531 高林股,CAPM_Beta 一年,0.618
1532 勤美,CAPM_Beta 一年,1.0374
1533 車王電,CAPM_Beta 一年,0.521
1535 中宇,CAPM_Beta 一年,0.5309
1536 和大,CAPM_Beta 一年,0.7119
1537 廣隆,CAPM_Beta 一年,0.4616
1538 正峰新,CAPM_Beta 一年,0.9379
1539 巨庭,CAPM_Beta 一年,0.5141
1540 喬福,CAPM_Beta 一年,0.2641
1541 錩泰,CAPM_Beta 一年,0.7322
1558 伸興,CAPM_Beta 一年,0.6563
1560 中砂,CAPM_Beta 一年,1.1764
1565 精華,CAPM_Beta 一年,1.2419
1568 倉佑,CAPM_Beta 一年,0
1569 濱川,CAPM_Beta 一年,0.8424
1570 力肯,CAPM_Beta 一年,0.4074
1580 新麥,CAPM_Beta 一年,0.5723
1582 信錦,CAPM_Beta 一年,0.5065
1583 程泰,CAPM_Beta 一年,0.3389
1584 精剛,CAPM_Beta 一年,0.73
1586 和勤,CAPM_Beta 一年,0.5464
1587 吉茂,CAPM_Beta 一年,0
1589 永冠-KY,CAPM_Beta 一年,0.2819
1590 亞德客-KY,CAPM_Beta 一年,1.0084
1591 駿吉-KY,CAPM_Beta 一年,0.3251
1592 英瑞-KY,CAPM_Beta 一年,0
1593 祺驊,CAPM_Beta 一年,0.5568
1595 川寶,CAPM_Beta 一年,0.7746
1597 直得,CAPM_Beta 一年,1.0777
1598 岱宇,CAPM_Beta 一年,0
1599 宏佳騰,CAPM_Beta 一年,0.5253
1603 華電,CAPM_Beta 一年,0.8141
1604 聲寶,CAPM_Beta 一年,0.3783
1605 華新,CAPM_Beta 一年,1.3286
1608 華榮,CAPM_Beta 一年,0.6209
1609 大亞,CAPM_Beta 一年,0.4148
1611 中電,CAPM_Beta 一年,0.822
1612 宏泰,CAPM_Beta 一年,0.559
1614 三洋電,CAPM_Beta 一年,0.516
1615 大山,CAPM_Beta 一年,0.3056
1616 億泰,CAPM_Beta 一年,0.5893
1617 榮星,CAPM_Beta 一年,0.3365
1618 合機,CAPM_Beta 一年,0.6596
1626 艾美特-KY,CAPM_Beta 一年,0.7005
1701 中化,CAPM_Beta 一年,0.4933
1702 南僑,CAPM_Beta 一年,0.8979
1707 葡萄王,CAPM_Beta 一年,0.7795
1708 東鹼,CAPM_Beta 一年,0.3386
1709 和益,CAPM_Beta 一年,0.3752
1710 東聯,CAPM_Beta 一年,0.6665
1711 永光,CAPM_Beta 一年,0.8053
1712 興農,CAPM_Beta 一年,0.4132
1713 國化,CAPM_Beta 一年,0.4062
1714 和桐,CAPM_Beta 一年,0.6064
1717 長興,CAPM_Beta 一年,0.4124
1718 中纖,CAPM_Beta 一年,1.0122
1720 生達,CAPM_Beta 一年,0.7701
1721 三晃,CAPM_Beta 一年,0.487
1722 台肥,CAPM_Beta 一年,0.6033
1723 中碳,CAPM_Beta 一年,0.418
1724 台硝,CAPM_Beta 一年,0.5525
1725 元禎,CAPM_Beta 一年,0.4785
1726 永記,CAPM_Beta 一年,0.5838
1727 中華化,CAPM_Beta 一年,0.3583
1730 花仙子,CAPM_Beta 一年,0.1005
1731 美吾華,CAPM_Beta 一年,0.257
1732 毛寶,CAPM_Beta 一年,0.0255
1733 五鼎,CAPM_Beta 一年,0.4213
1734 杏輝,CAPM_Beta 一年,0.8811
1735 日勝化,CAPM_Beta 一年,0.4648
1736 喬山,CAPM_Beta 一年,0.6579
1737 臺鹽,CAPM_Beta 一年,0.7294
1742 台蠟,CAPM_Beta 一年,0.7289
1752 南光,CAPM_Beta 一年,0.9909
1760 寶齡富錦,CAPM_Beta 一年,0
1762 中化生,CAPM_Beta 一年,0.4245
1773 勝一,CAPM_Beta 一年,0.3438
1776 展宇,CAPM_Beta 一年,0
1777 生泰,CAPM_Beta 一年,0.4237
1781 合世,CAPM_Beta 一年,1.7297
1783 和康生,CAPM_Beta 一年,0
1784 訊聯,CAPM_Beta 一年,1.2261
1785 光洋科,CAPM_Beta 一年,0.9987
1786 科妍,CAPM_Beta 一年,-0.5261
1787 福盈科,CAPM_Beta 一年,0.8792
1788 杏昌,CAPM_Beta 一年,0.8259
1789 神隆,CAPM_Beta 一年,0.8851
1795 美時,CAPM_Beta 一年,1.6715
1796 金穎生技,CAPM_Beta 一年,0
1799 易威,CAPM_Beta 一年,0.8398
1802 台玻,CAPM_Beta 一年,1.269
1805 寶徠,CAPM_Beta 一年,0.6693
1806 冠軍,CAPM_Beta 一年,0.9301
1808 潤隆,CAPM_Beta 一年,0.3307
1809 中釉,CAPM_Beta 一年,0.946
1810 和成,CAPM_Beta 一年,0.8188
1813 寶利徠,CAPM_Beta 一年,1.3666
1815 富喬,CAPM_Beta 一年,1.0613
1817 凱撒衛,CAPM_Beta 一年,1.1562
1902 台紙,CAPM_Beta 一年,0.5579
1903 士紙,CAPM_Beta 一年,0.7718
1904 正隆,CAPM_Beta 一年,0.295
1905 華紙,CAPM_Beta 一年,0.4671
1906 寶隆,CAPM_Beta 一年,0.3396
1907 永豐餘,CAPM_Beta 一年,0.4959
1909 榮成,CAPM_Beta 一年,0.3294
2002 中鋼,CAPM_Beta 一年,0.8128
2006 東和鋼鐵,CAPM_Beta 一年,0.6944
2007 燁興,CAPM_Beta 一年,0.9632
2008 高興昌,CAPM_Beta 一年,0.2912
2009 第一銅,CAPM_Beta 一年,0.4609
2010 春源,CAPM_Beta 一年,0.4398
2012 春雨,CAPM_Beta 一年,0.4626
2013 中鋼構,CAPM_Beta 一年,0.3343
2014 中鴻,CAPM_Beta 一年,0.7904
2015 豐興,CAPM_Beta 一年,0.7172
2017 官田鋼,CAPM_Beta 一年,0.8604
2020 美亞,CAPM_Beta 一年,0.5082
2022 聚亨,CAPM_Beta 一年,0.8069
2023 燁輝,CAPM_Beta 一年,0.848
2024 志聯,CAPM_Beta 一年,0.5313
2025 千興,CAPM_Beta 一年,1.0336
2027 大成鋼,CAPM_Beta 一年,0.4379
2028 威致,CAPM_Beta 一年,0.7215
2029 盛餘,CAPM_Beta 一年,0.4192
2030 彰源,CAPM_Beta 一年,0.5805
2031 新光鋼,CAPM_Beta 一年,0.8405
2032 新鋼,CAPM_Beta 一年,0.775
2033 佳大,CAPM_Beta 一年,0.5611
2034 允強,CAPM_Beta 一年,0.6671
2035 唐榮,CAPM_Beta 一年,0.1967
2038 海光,CAPM_Beta 一年,0.4973
2049 上銀,CAPM_Beta 一年,0.8876
2059 川湖,CAPM_Beta 一年,0.6299
2061 風青,CAPM_Beta 一年,0.3723
2062 橋椿,CAPM_Beta 一年,0.9908
2063 世鎧,CAPM_Beta 一年,0.7533
2064 晉椿,CAPM_Beta 一年,0
2065 世豐,CAPM_Beta 一年,0
2066 世德,CAPM_Beta 一年,0.5113
2067 嘉鋼,CAPM_Beta 一年,0
2069 運錩,CAPM_Beta 一年,0
2070 精湛,CAPM_Beta 一年,0
2101 南港,CAPM_Beta 一年,0.8005
2102 泰豐,CAPM_Beta 一年,0.9328
2103 台橡,CAPM_Beta 一年,0.8796
2104 國際中橡,CAPM_Beta 一年,0.3906
2105 正新,CAPM_Beta 一年,0.873
2106 建大,CAPM_Beta 一年,0.8367
2107 厚生,CAPM_Beta 一年,0.5964
2108 南帝,CAPM_Beta 一年,0.4608
2109 華豐,CAPM_Beta 一年,0.2083
2114 鑫永銓,CAPM_Beta 一年,0.1414
2115 六暉-KY,CAPM_Beta 一年,0
2201 裕隆,CAPM_Beta 一年,0.9494
2204 中華,CAPM_Beta 一年,0.9541
2206 三陽工業,CAPM_Beta 一年,0.8377
2207 和泰車,CAPM_Beta 一年,1.7251
2208 台船,CAPM_Beta 一年,0.358
2221 大甲,CAPM_Beta 一年,0.7676
2227 裕日車,CAPM_Beta 一年,1.0914
2228 劍麟,CAPM_Beta 一年,0
2230 泰茂,CAPM_Beta 一年,1.2746
2231 為升,CAPM_Beta 一年,0.5172
2233 宇隆,CAPM_Beta 一年,1.3159
2235 謚源,CAPM_Beta 一年,0
2236 百達-KY,CAPM_Beta 一年,0
2239 英利-KY,CAPM_Beta 一年,0
2243 宏旭-KY,CAPM_Beta 一年,0
2301 光寶科,CAPM_Beta 一年,0.8201
2302 麗正,CAPM_Beta 一年,0.5895
2303 聯電,CAPM_Beta 一年,1.488
2305 全友,CAPM_Beta 一年,0.9064
2308 台達電,CAPM_Beta 一年,0.9141
2312 金寶,CAPM_Beta 一年,0.8358
2313 華通,CAPM_Beta 一年,1.0182
2314 台揚,CAPM_Beta 一年,0.8868
2316 楠梓電,CAPM_Beta 一年,0.5585
2317 鴻海,CAPM_Beta 一年,0.8902
2321 東訊,CAPM_Beta 一年,0.6334
2323 中環,CAPM_Beta 一年,0.7025
2324 仁寶,CAPM_Beta 一年,0.8515
2327 國巨,CAPM_Beta 一年,0.3477
2328 廣宇,CAPM_Beta 一年,1.1188
2329 華泰,CAPM_Beta 一年,0.5384
2330 台積電,CAPM_Beta 一年,1.614
2331 精英,CAPM_Beta 一年,0.5082
2332 友訊,CAPM_Beta 一年,0.514
2337 旺宏,CAPM_Beta 一年,0.7859
2338 光罩,CAPM_Beta 一年,0.5649
2340 光磊,CAPM_Beta 一年,0.8713
2342 茂矽,CAPM_Beta 一年,1.0327
2344 華邦電,CAPM_Beta 一年,1.0568
2345 智邦,CAPM_Beta 一年,0.5324
2347 聯強,CAPM_Beta 一年,0.9649
2348 海悅,CAPM_Beta 一年,-0.008
2349 錸德,CAPM_Beta 一年,0.8001
2351 順德,CAPM_Beta 一年,1.1998
2352 佳世達,CAPM_Beta 一年,0.7306
2353 宏碁,CAPM_Beta 一年,0.8768
2354 鴻準,CAPM_Beta 一年,1.015
2355 敬鵬,CAPM_Beta 一年,0.9285
2356 英業達,CAPM_Beta 一年,1.0861
2357 華碩,CAPM_Beta 一年,0.8195
2358 廷鑫,CAPM_Beta 一年,0.2369
2359 所羅門,CAPM_Beta 一年,0.2836
2360 致茂,CAPM_Beta 一年,0.6168
2362 藍天,CAPM_Beta 一年,1.3413
2363 矽統,CAPM_Beta 一年,0.8926
2364 倫飛,CAPM_Beta 一年,0.5835
2365 昆盈,CAPM_Beta 一年,0.6539
2367 燿華,CAPM_Beta 一年,1.0038
2368 金像電,CAPM_Beta 一年,0.9284
2369 菱生,CAPM_Beta 一年,0.7502
2371 大同,CAPM_Beta 一年,0.5931
2373 震旦行,CAPM_Beta 一年,0.6105
2374 佳能,CAPM_Beta 一年,0.3975
2375 智寶,CAPM_Beta 一年,0.6487
2376 技嘉,CAPM_Beta 一年,0.458
2377 微星,CAPM_Beta 一年,0.6489
2379 瑞昱,CAPM_Beta 一年,1.1785
2380 虹光,CAPM_Beta 一年,0.7649
2382 廣達,CAPM_Beta 一年,1.0889
2383 台光電,CAPM_Beta 一年,0.4823
2385 群光,CAPM_Beta 一年,0.6959
2387 精元,CAPM_Beta 一年,0.6845
2388 威盛,CAPM_Beta 一年,0.6869
2390 云辰,CAPM_Beta 一年,0.4416
2392 正崴,CAPM_Beta 一年,0.8159
2393 億光,CAPM_Beta 一年,0.9548
2395 研華,CAPM_Beta 一年,1.0031
2397 友通,CAPM_Beta 一年,0.6682
2399 映泰,CAPM_Beta 一年,0.507
2401 凌陽,CAPM_Beta 一年,0.9377
2402 毅嘉,CAPM_Beta 一年,0.8715
2404 漢唐,CAPM_Beta 一年,0.519
2405 浩鑫,CAPM_Beta 一年,0.8713
2406 國碩,CAPM_Beta 一年,0.9353
2408 南亞科,CAPM_Beta 一年,1.2329
2409 友達,CAPM_Beta 一年,1.3474
2412 中華電,CAPM_Beta 一年,0.3675
2413 環科,CAPM_Beta 一年,0.8228
2414 精技,CAPM_Beta 一年,0.3196
2415 錩新,CAPM_Beta 一年,0.5125
2417 圓剛,CAPM_Beta 一年,0.8444
2419 仲琦,CAPM_Beta 一年,0.2747
2420 新巨,CAPM_Beta 一年,0.5473
2421 建準,CAPM_Beta 一年,0.3258
2423 固緯,CAPM_Beta 一年,0.3029
2424 隴華,CAPM_Beta 一年,0.4195
2425 承啟,CAPM_Beta 一年,0.3522
2426 鼎元,CAPM_Beta 一年,0.775
2427 三商電,CAPM_Beta 一年,0.9079
2428 興勤,CAPM_Beta 一年,0.5957
2429 銘旺科,CAPM_Beta 一年,0.4717
2430 燦坤,CAPM_Beta 一年,0.5946
2431 聯昌,CAPM_Beta 一年,0.5212
2433 互盛電,CAPM_Beta 一年,0.5711
2434 統懋,CAPM_Beta 一年,0.5965
2436 偉詮電,CAPM_Beta 一年,1.2174
2438 翔耀,CAPM_Beta 一年,0.5029
2439 美律,CAPM_Beta 一年,1.0786
2440 太空梭,CAPM_Beta 一年,0.1741
2441 超豐,CAPM_Beta 一年,0.4467
2442 新美齊,CAPM_Beta 一年,0.4877
2443 億麗,CAPM_Beta 一年,0.3116
2444 兆勁,CAPM_Beta 一年,0.4482
2448 晶電,CAPM_Beta 一年,1.4061
2449 京元電子,CAPM_Beta 一年,0.5442
2450 神腦,CAPM_Beta 一年,0.4631
2451 創見,CAPM_Beta 一年,0.4348
2453 凌群,CAPM_Beta 一年,0.7504
2454 聯發科,CAPM_Beta 一年,1
2455 全新,CAPM_Beta 一年,0.5234
2456 奇力新,CAPM_Beta 一年,0.902
2457 飛宏,CAPM_Beta 一年,0.9809
2458 義隆,CAPM_Beta 一年,1.5849
2459 敦吉,CAPM_Beta 一年,0.5374
2460 建通,CAPM_Beta 一年,0.3698
2461 光群雷,CAPM_Beta 一年,0.8139
2462 良得電,CAPM_Beta 一年,0.4069
2464 盟立,CAPM_Beta 一年,0.5696
2465 麗臺,CAPM_Beta 一年,0.4822
2466 冠西電,CAPM_Beta 一年,0.1695
2467 志聖,CAPM_Beta 一年,0.3904
2468 華經,CAPM_Beta 一年,0.3834
2471 資通,CAPM_Beta 一年,0.7591
2472 立隆電,CAPM_Beta 一年,0.7451
2474 可成,CAPM_Beta 一年,1.1458
2476 鉅祥,CAPM_Beta 一年,0.3477
2477 美隆電,CAPM_Beta 一年,0.6404
2478 大毅,CAPM_Beta 一年,0.3819
2480 敦陽科,CAPM_Beta 一年,0.398
2481 強茂,CAPM_Beta 一年,0.997
2482 連宇,CAPM_Beta 一年,0.082
2483 百容,CAPM_Beta 一年,0.3897
2484 希華,CAPM_Beta 一年,0.9404
2485 兆赫,CAPM_Beta 一年,0.9437
2486 一詮,CAPM_Beta 一年,0.5598
2488 漢平,CAPM_Beta 一年,0.9425
2489 瑞軒,CAPM_Beta 一年,0.3958
2491 吉祥全,CAPM_Beta 一年,-0.2415
2492 華新科,CAPM_Beta 一年,0.941
2493 揚博,CAPM_Beta 一年,0.4976
2495 普安,CAPM_Beta 一年,0.7723
2496 卓越,CAPM_Beta 一年,0.0333
2497 怡利電,CAPM_Beta 一年,0.7856
2498 宏達電,CAPM_Beta 一年,0.9164
2499 東貝,CAPM_Beta 一年,0.8225
2501 國建,CAPM_Beta 一年,1.3934
2504 國產,CAPM_Beta 一年,0.6645
2505 國揚,CAPM_Beta 一年,0.8908
2506 太設,CAPM_Beta 一年,0.4554
2509 全坤建,CAPM_Beta 一年,0.5553
2511 太子,CAPM_Beta 一年,0.8151
2514 龍邦,CAPM_Beta 一年,0.5111
2515 中工,CAPM_Beta 一年,0.8344
2516 新建,CAPM_Beta 一年,0.3953
2520 冠德,CAPM_Beta 一年,1.156
2524 京城,CAPM_Beta 一年,0.7956
2527 宏璟,CAPM_Beta 一年,0.6285
2528 皇普,CAPM_Beta 一年,0.6313
2530 華建,CAPM_Beta 一年,0.4354
2534 宏盛,CAPM_Beta 一年,0.9582
2535 達欣工,CAPM_Beta 一年,0.4212
2536 宏普,CAPM_Beta 一年,0.5582
2537 聯上發,CAPM_Beta 一年,0.7791
2538 基泰,CAPM_Beta 一年,0.6237
2539 櫻花建,CAPM_Beta 一年,0.2584
2540 愛山林,CAPM_Beta 一年,1.0412
2542 興富發,CAPM_Beta 一年,0.9646
2543 皇昌,CAPM_Beta 一年,0.3053
2545 皇翔,CAPM_Beta 一年,0.5607
2546 根基,CAPM_Beta 一年,0.5244
2547 日勝生,CAPM_Beta 一年,0.7126
2548 華固,CAPM_Beta 一年,0.5277
2596 綠意,CAPM_Beta 一年,0.465
2597 潤弘,CAPM_Beta 一年,0.296
2601 益航,CAPM_Beta 一年,0.9215
2603 長榮,CAPM_Beta 一年,0.9055
2605 新興,CAPM_Beta 一年,0.4965
2606 裕民,CAPM_Beta 一年,0.7105
2607 榮運,CAPM_Beta 一年,0.8164
2608 嘉里大榮,CAPM_Beta 一年,0.1685
2609 陽明,CAPM_Beta 一年,1.1175
2610 華航,CAPM_Beta 一年,0.8709
2611 志信,CAPM_Beta 一年,0.3567
2612 中航,CAPM_Beta 一年,0.7062
2613 中櫃,CAPM_Beta 一年,0.9895
2614 東森,CAPM_Beta 一年,0.6843
2615 萬海,CAPM_Beta 一年,1.0688
2616 山隆,CAPM_Beta 一年,0.3232
2617 台航,CAPM_Beta 一年,0.6099
2618 長榮航,CAPM_Beta 一年,0.9516
2630 亞航,CAPM_Beta 一年,0
2633 台灣高鐵,CAPM_Beta 一年,0
2634 漢翔,CAPM_Beta 一年,0
2636 台驊投控,CAPM_Beta 一年,0.2566
2637 慧洋-KY,CAPM_Beta 一年,0.3383
2640 大車隊,CAPM_Beta 一年,0.3601
2641 正德,CAPM_Beta 一年,0
2642 宅配通,CAPM_Beta 一年,0
2643 捷迅,CAPM_Beta 一年,0
2701 萬企,CAPM_Beta 一年,0.2908
2702 華園,CAPM_Beta 一年,0.2667
2704 國賓,CAPM_Beta 一年,0.5265
2705 六福,CAPM_Beta 一年,0.622
2706 第一店,CAPM_Beta 一年,0.2935
2707 晶華,CAPM_Beta 一年,0.7636
2712 遠雄來,CAPM_Beta 一年,0
2718 晶悅,CAPM_Beta 一年,0.4789
2719 燦星旅,CAPM_Beta 一年,0.8056
2722 夏都,CAPM_Beta 一年,0.2667
2723 美食-KY,CAPM_Beta 一年,0.8515
2724 富驛-KY,CAPM_Beta 一年,0.781
2726 雅茗-KY,CAPM_Beta 一年,0
2727 王品,CAPM_Beta 一年,0.3868
2729 瓦城,CAPM_Beta 一年,0.4459
2731 雄獅,CAPM_Beta 一年,-0.2837
2732 六角,CAPM_Beta 一年,0
2734 易飛網,CAPM_Beta 一年,0
2736 高野,CAPM_Beta 一年,0
2739 寒舍,CAPM_Beta 一年,0
2740 天蔥,CAPM_Beta 一年,0
2745 五福,CAPM_Beta 一年,0
2748 雲品,CAPM_Beta 一年,0
2752 豆府,CAPM_Beta 一年,0
2801 彰銀,CAPM_Beta 一年,0.7169
2809 京城銀,CAPM_Beta 一年,0.8346
2812 台中銀,CAPM_Beta 一年,0.621
2816 旺旺保,CAPM_Beta 一年,0.9092
2820 華票,CAPM_Beta 一年,0.2381
2823 中壽,CAPM_Beta 一年,1.1126
2832 台產,CAPM_Beta 一年,0.3622
2834 臺企銀,CAPM_Beta 一年,0.8326
2836 高雄銀,CAPM_Beta 一年,0.4486
2838 聯邦銀,CAPM_Beta 一年,0.5017
2841 台開,CAPM_Beta 一年,0.3894
2845 遠東銀,CAPM_Beta 一年,0.5305
2849 安泰銀,CAPM_Beta 一年,0.7871
2850 新產,CAPM_Beta 一年,0.4607
2851 中再保,CAPM_Beta 一年,0.2742
2852 第一保,CAPM_Beta 一年,0.3069
2855 統一證,CAPM_Beta 一年,0.5521
2867 三商壽,CAPM_Beta 一年,0.7656
2880 華南金,CAPM_Beta 一年,0.8309
2881 富邦金,CAPM_Beta 一年,1.232
2882 國泰金,CAPM_Beta 一年,1.092
2883 開發金,CAPM_Beta 一年,1.1097
2884 玉山金,CAPM_Beta 一年,0.7342
2885 元大金,CAPM_Beta 一年,1.3734
2886 兆豐金,CAPM_Beta 一年,0.9256
2887 台新金,CAPM_Beta 一年,0.8294
2888 新光金,CAPM_Beta 一年,0.8676
2889 國票金,CAPM_Beta 一年,0.3437
2890 永豐金,CAPM_Beta 一年,1.0653
2891 中信金,CAPM_Beta 一年,0.8657
2892 第一金,CAPM_Beta 一年,0.8166
2897 王道銀行,CAPM_Beta 一年,0
2901 欣欣,CAPM_Beta 一年,0.543
2903 遠百,CAPM_Beta 一年,0.9657
2904 匯僑,CAPM_Beta 一年,0.2323
2905 三商,CAPM_Beta 一年,0.679
2906 高林,CAPM_Beta 一年,0.2579
2908 特力,CAPM_Beta 一年,0.1461
2910 統領,CAPM_Beta 一年,0.727
2911 麗嬰房,CAPM_Beta 一年,0.9936
2912 統一超,CAPM_Beta 一年,0.6857
2913 農林,CAPM_Beta 一年,0.8218
2915 潤泰全,CAPM_Beta 一年,1.0456
2916 滿心,CAPM_Beta 一年,0.1749
2923 鼎固-KY,CAPM_Beta 一年,0.4813
2924 東凌-KY,CAPM_Beta 一年,0.2336
2926 誠品生活,CAPM_Beta 一年,1.2531
2928 紅馬-KY,CAPM_Beta 一年,0
2929 淘帝-KY,CAPM_Beta 一年,0
2936 客思達-KY,CAPM_Beta 一年,0
2937 集雅社,CAPM_Beta 一年,0
2939 凱羿-KY,CAPM_Beta 一年,0
3002 歐格,CAPM_Beta 一年,0.5359
3003 健和興,CAPM_Beta 一年,0.4463
3004 豐達科,CAPM_Beta 一年,0.4199
3005 神基,CAPM_Beta 一年,1.0461
3006 晶豪科,CAPM_Beta 一年,1.3247
3008 大立光,CAPM_Beta 一年,1.5471
3010 華立,CAPM_Beta 一年,0.5447
3011 今皓,CAPM_Beta 一年,0.6033
3013 晟銘電,CAPM_Beta 一年,0.5381
3014 聯陽,CAPM_Beta 一年,1.0995
3015 全漢,CAPM_Beta 一年,0.38
3016 嘉晶,CAPM_Beta 一年,0.9537
3017 奇鋐,CAPM_Beta 一年,0.8745
3018 同開,CAPM_Beta 一年,0.2066
3019 亞光,CAPM_Beta 一年,0.7779
3021 鴻名,CAPM_Beta 一年,0.2656
3022 威強電,CAPM_Beta 一年,0.7165
3023 信邦,CAPM_Beta 一年,0.5686
3024 憶聲,CAPM_Beta 一年,0.6056
3025 星通,CAPM_Beta 一年,0.7864
3026 禾伸堂,CAPM_Beta 一年,0.3295
3027 盛達,CAPM_Beta 一年,0.7633
3028 增你強,CAPM_Beta 一年,0.343
3029 零壹,CAPM_Beta 一年,0.8335
3030 德律,CAPM_Beta 一年,0.4037
3031 佰鴻,CAPM_Beta 一年,0.9729
3032 偉訓,CAPM_Beta 一年,0.5543
3033 威健,CAPM_Beta 一年,0.2668
3034 聯詠,CAPM_Beta 一年,1.5208
3035 智原,CAPM_Beta 一年,0.9303
3036 文曄,CAPM_Beta 一年,0.3656
3037 欣興,CAPM_Beta 一年,0.9997
3038 全台,CAPM_Beta 一年,0.5646
3040 遠見,CAPM_Beta 一年,0.4435
3041 揚智,CAPM_Beta 一年,0.927
3042 晶技,CAPM_Beta 一年,0.7168
3043 科風,CAPM_Beta 一年,0.6611
3044 健鼎,CAPM_Beta 一年,1.0483
3045 台灣大,CAPM_Beta 一年,0.6702
3046 建碁,CAPM_Beta 一年,0.4344
3047 訊舟,CAPM_Beta 一年,0.8046
3048 益登,CAPM_Beta 一年,0.4028
3049 和鑫,CAPM_Beta 一年,1.1123
3050 鈺德,CAPM_Beta 一年,0.6263
3051 力特,CAPM_Beta 一年,0.9629
3052 夆典,CAPM_Beta 一年,0.506
3054 立萬利,CAPM_Beta 一年,1.2702
3055 蔚華科,CAPM_Beta 一年,0.4232
3056 總太,CAPM_Beta 一年,0.6179
3057 喬鼎,CAPM_Beta 一年,0.9846
3058 立德,CAPM_Beta 一年,0.6054
3059 華晶科,CAPM_Beta 一年,1.1187
3060 銘異,CAPM_Beta 一年,0.597
3062 建漢,CAPM_Beta 一年,0.9353
3064 泰偉,CAPM_Beta 一年,0.6395
3066 李洲,CAPM_Beta 一年,0.2237
3067 全域,CAPM_Beta 一年,-0.0337
3071 協禧,CAPM_Beta 一年,0.2599
3073 凱柏實業,CAPM_Beta 一年,0.9191
3078 僑威,CAPM_Beta 一年,0.8133
3081 聯亞,CAPM_Beta 一年,0
3083 網龍,CAPM_Beta 一年,1.2457
3085 新零售,CAPM_Beta 一年,1.0436
3086 華義,CAPM_Beta 一年,0.9716
3088 艾訊,CAPM_Beta 一年,0.9747
3089 元炬,CAPM_Beta 一年,0.4277
3090 日電貿,CAPM_Beta 一年,0.5689
3092 鴻碩,CAPM_Beta 一年,0.664
3093 港建,CAPM_Beta 一年,0.2297
3094 聯傑,CAPM_Beta 一年,1.1472
3095 及成,CAPM_Beta 一年,1.1494
3105 穩懋,CAPM_Beta 一年,0.8983
3114 好德,CAPM_Beta 一年,0.5872
3115 寶島極,CAPM_Beta 一年,0.2911
3118 進階,CAPM_Beta 一年,0.9966
3122 笙泉,CAPM_Beta 一年,0
3128 昇銳,CAPM_Beta 一年,0.7015
3130 一零四,CAPM_Beta 一年,0.0926
3131 弘塑,CAPM_Beta 一年,1.8969
3141 晶宏,CAPM_Beta 一年,0
3144 新揚科,CAPM_Beta 一年,0.8261
3147 大綜,CAPM_Beta 一年,0
3149 正達,CAPM_Beta 一年,0.8266
3152 璟德,CAPM_Beta 一年,0.8027
3162 精確,CAPM_Beta 一年,0.2639
3163 波若威,CAPM_Beta 一年,1.2832
3164 景岳,CAPM_Beta 一年,0.4626
3167 大量,CAPM_Beta 一年,-0.3137
3169 亞信,CAPM_Beta 一年,0.839
3171 新洲,CAPM_Beta 一年,0.2929
3176 基亞,CAPM_Beta 一年,1.2086
3178 公準,CAPM_Beta 一年,0
3188 鑫龍騰,CAPM_Beta 一年,0.4414
3189 景碩,CAPM_Beta 一年,1.0316
3191 和進,CAPM_Beta 一年,0.6029
3202 樺晟,CAPM_Beta 一年,0.4973
3205 佰研,CAPM_Beta 一年,1.7265
3206 志豐,CAPM_Beta 一年,0.7385
3207 耀勝,CAPM_Beta 一年,0.3205
3209 全科,CAPM_Beta 一年,0.6162
3211 順達,CAPM_Beta 一年,0.9516
3213 茂訊,CAPM_Beta 一年,0.4074
3217 優群,CAPM_Beta 一年,0.8541
3218 大學光,CAPM_Beta 一年,1.0944
3219 倚強股份,CAPM_Beta 一年,-0.3363
3221 台嘉碩,CAPM_Beta 一年,0.804
3224 三顧,CAPM_Beta 一年,0.8129
3226 至寶電,CAPM_Beta 一年,0.2287
3227 原相,CAPM_Beta 一年,1.0067
3228 金麗科,CAPM_Beta 一年,0.5331
3229 晟鈦,CAPM_Beta 一年,0.5813
3230 錦明,CAPM_Beta 一年,0.9833
3231 緯創,CAPM_Beta 一年,0.857
3232 昱捷,CAPM_Beta 一年,0.8191
3234 光環,CAPM_Beta 一年,1.0138
3236 千如,CAPM_Beta 一年,0.6074
3252 海灣,CAPM_Beta 一年,0.0996
3257 虹冠電,CAPM_Beta 一年,1.079
3259 鑫創,CAPM_Beta 一年,0.6989
3260 威剛,CAPM_Beta 一年,1.2756
3264 欣銓,CAPM_Beta 一年,0.6099
3265 台星科,CAPM_Beta 一年,0.9765
3266 昇陽,CAPM_Beta 一年,0.6913
3268 海德威,CAPM_Beta 一年,1.0333
3272 東碩,CAPM_Beta 一年,0
3276 宇環,CAPM_Beta 一年,0.2359
3284 太普高,CAPM_Beta 一年,0.4631
3285 微端,CAPM_Beta 一年,1.2132
3287 廣寰科,CAPM_Beta 一年,0.3137
3288 點晶,CAPM_Beta 一年,0.2693
3289 宜特,CAPM_Beta 一年,0.6539
3290 東浦,CAPM_Beta 一年,1.2951
3293 鈊象,CAPM_Beta 一年,0.8259
3294 英濟,CAPM_Beta 一年,0.9433
3296 勝德,CAPM_Beta 一年,0.3599
3297 杭特,CAPM_Beta 一年,0.7967
3303 岱稜,CAPM_Beta 一年,1.0226
3305 昇貿,CAPM_Beta 一年,0.4984
3306 鼎天,CAPM_Beta 一年,0.8102
3308 聯德,CAPM_Beta 一年,0.9361
3310 佳穎,CAPM_Beta 一年,1.0054
3311 閎暉,CAPM_Beta 一年,0.5243
3312 弘憶股,CAPM_Beta 一年,0.5973
3313 斐成,CAPM_Beta 一年,0.624
3317 尼克森,CAPM_Beta 一年,1.6097
3321 同泰,CAPM_Beta 一年,0
3322 建舜電,CAPM_Beta 一年,0.6513
3323 加百裕,CAPM_Beta 一年,0.8007
3324 雙鴻,CAPM_Beta 一年,1.2472
3325 旭品,CAPM_Beta 一年,0.8203
3332 幸康,CAPM_Beta 一年,0.2685
3338 泰碩,CAPM_Beta 一年,0
3339 泰谷,CAPM_Beta 一年,1.1553
3346 麗清,CAPM_Beta 一年,0
3354 律勝,CAPM_Beta 一年,0.2577
3356 奇偶,CAPM_Beta 一年,0.5451
3360 尚立,CAPM_Beta 一年,0.5571
3362 先進光,CAPM_Beta 一年,1.1743
3363 上詮,CAPM_Beta 一年,0.9703
3372 典範,CAPM_Beta 一年,1.2617
3373 熱映,CAPM_Beta 一年,0.6398
3374 精材,CAPM_Beta 一年,0
3376 新日興,CAPM_Beta 一年,0.8412
3379 彬台,CAPM_Beta 一年,0.7832
3380 明泰,CAPM_Beta 一年,0.6212
3383 新世紀,CAPM_Beta 一年,0.9431
3388 崇越電,CAPM_Beta 一年,0.3704
3390 旭軟,CAPM_Beta 一年,0.8323
3402 漢科,CAPM_Beta 一年,0.4853
3406 玉晶光,CAPM_Beta 一年,0.9357
3413 京鼎,CAPM_Beta 一年,0
3416 融程電,CAPM_Beta 一年,0.4984
3419 譁裕,CAPM_Beta 一年,0.9958
3426 台興,CAPM_Beta 一年,0
3432 台端,CAPM_Beta 一年,0.8525
3434 哲固,CAPM_Beta 一年,0.1855
3437 榮創,CAPM_Beta 一年,0
3438 類比科,CAPM_Beta 一年,0.6423
3441 聯一光,CAPM_Beta 一年,1.3921
3443 創意,CAPM_Beta 一年,0.4703
3444 利機,CAPM_Beta 一年,0.7547
3450 聯鈞,CAPM_Beta 一年,0.8692
3452 益通,CAPM_Beta 一年,1.4446
3454 晶睿,CAPM_Beta 一年,0.7804
3455 由田,CAPM_Beta 一年,1.5392
3465 進泰電子,CAPM_Beta 一年,0.6355
3466 致振,CAPM_Beta 一年,0.295
3479 安勤,CAPM_Beta 一年,0.6605
3481 群創,CAPM_Beta 一年,1.601
3483 力致,CAPM_Beta 一年,0.7739
3484 崧騰,CAPM_Beta 一年,0.3402
3489 森寶,CAPM_Beta 一年,1.266
3490 單井,CAPM_Beta 一年,0.3745
3491 昇達科,CAPM_Beta 一年,0.929
3492 長盛,CAPM_Beta 一年,0
3494 誠研,CAPM_Beta 一年,0.509
3498 陽程,CAPM_Beta 一年,1.5231
3499 環天科,CAPM_Beta 一年,0.8684
3501 維熹,CAPM_Beta 一年,0.6552
3504 揚明光,CAPM_Beta 一年,1.2189
3508 位速,CAPM_Beta 一年,0.9608
3511 矽瑪,CAPM_Beta 一年,0.9005
3512 皇龍,CAPM_Beta 一年,1.1605
3515 華擎,CAPM_Beta 一年,0.1174
3516 亞帝歐,CAPM_Beta 一年,1.7083
3518 柏騰,CAPM_Beta 一年,0.1729
3520 振維,CAPM_Beta 一年,0.6717
3521 鴻翊,CAPM_Beta 一年,0.4409
3522 御頂,CAPM_Beta 一年,0.9212
3523 迎輝,CAPM_Beta 一年,0.3426
3526 凡甲,CAPM_Beta 一年,0.8973
3527 聚積,CAPM_Beta 一年,0.5696
3528 安馳,CAPM_Beta 一年,0.281
3529 力旺,CAPM_Beta 一年,1.0425
3530 晶相光,CAPM_Beta 一年,0
3531 先益,CAPM_Beta 一年,1.0009
3532 台勝科,CAPM_Beta 一年,0.9464
3533 嘉澤,CAPM_Beta 一年,0.637
3535 晶彩科,CAPM_Beta 一年,0.7643
3536 誠創,CAPM_Beta 一年,0.8136
3537 堡達,CAPM_Beta 一年,1.0453
3540 曜越,CAPM_Beta 一年,1.1516
3541 西柏,CAPM_Beta 一年,0.2468
3545 敦泰,CAPM_Beta 一年,1.2664
3546 宇峻,CAPM_Beta 一年,0.6594
3548 兆利,CAPM_Beta 一年,0.7332
3550 聯穎,CAPM_Beta 一年,0.887
3551 世禾,CAPM_Beta 一年,1.1249
3552 同致,CAPM_Beta 一年,1.0123
3555 重鵬,CAPM_Beta 一年,1.1984
3556 禾瑞亞,CAPM_Beta 一年,1.7746
3557 嘉威,CAPM_Beta 一年,0.7659
3558 神準,CAPM_Beta 一年,0
3562 頂晶科,CAPM_Beta 一年,0.861
3563 牧德,CAPM_Beta 一年,0.8736
3564 其陽,CAPM_Beta 一年,0
3567 逸昌,CAPM_Beta 一年,0.4817
3570 大塚,CAPM_Beta 一年,0.3923
3576 聯合再生,CAPM_Beta 一年,1.0618
3577 泓格,CAPM_Beta 一年,0.6013
3580 友威科,CAPM_Beta 一年,0.4884
3581 博磊,CAPM_Beta 一年,0
3583 辛耘,CAPM_Beta 一年,0.7896
3587 閎康,CAPM_Beta 一年,1.4031
3588 通嘉,CAPM_Beta 一年,0.631
3591 艾笛森,CAPM_Beta 一年,1.0118
3593 力銘,CAPM_Beta 一年,0.84
3594 磐儀,CAPM_Beta 一年,1.1831
3596 智易,CAPM_Beta 一年,0.8463
3605 宏致,CAPM_Beta 一年,0.9578
3607 谷崧,CAPM_Beta 一年,0.8547
3609 東林,CAPM_Beta 一年,0.5945
3611 鼎翰,CAPM_Beta 一年,1.0086
3615 安可,CAPM_Beta 一年,1.8178
3617 碩天,CAPM_Beta 一年,0.4817
3622 洋華,CAPM_Beta 一年,1.0434
3623 富晶通,CAPM_Beta 一年,1.6616
3624 光頡,CAPM_Beta 一年,1.0574
3625 西勝,CAPM_Beta 一年,0.4745
3628 盈正,CAPM_Beta 一年,0.8536
3629 地心引力,CAPM_Beta 一年,0.8331
3630 新鉅科,CAPM_Beta 一年,1.5323
3631 晟楠,CAPM_Beta 一年,0.3891
3632 研勤,CAPM_Beta 一年,1.1802
3642 駿熠電,CAPM_Beta 一年,0.8209
3645 達邁,CAPM_Beta 一年,0.6811
3646 艾恩特,CAPM_Beta 一年,0.135
3652 精聯,CAPM_Beta 一年,0.3288
3653 健策,CAPM_Beta 一年,0.8016
3661 世芯-KY,CAPM_Beta 一年,0
3663 鑫科,CAPM_Beta 一年,1.277
3664 安瑞-KY,CAPM_Beta 一年,0.8458
3665 貿聯-KY,CAPM_Beta 一年,0.8967
3666 光耀,CAPM_Beta 一年,0
3669 圓展,CAPM_Beta 一年,0.6808
3672 康聯訊,CAPM_Beta 一年,0
3673 TPK-KY,CAPM_Beta 一年,1.6928
3675 德微,CAPM_Beta 一年,0.4547
3679 新至陞,CAPM_Beta 一年,0.544
3680 家登,CAPM_Beta 一年,1.0138
3682 亞太電,CAPM_Beta 一年,0.9709
3684 榮昌,CAPM_Beta 一年,0
3685 元創精密,CAPM_Beta 一年,0.276
3686 達能,CAPM_Beta 一年,1.0086
3687 歐買尬,CAPM_Beta 一年,1.1449
3689 湧德,CAPM_Beta 一年,0.866
3691 碩禾,CAPM_Beta 一年,1.4117
3693 營邦,CAPM_Beta 一年,0
3694 海華,CAPM_Beta 一年,0.775
3698 隆達,CAPM_Beta 一年,1.2996
3701 大眾控,CAPM_Beta 一年,0.5029
3702 大聯大,CAPM_Beta 一年,0.7138
3703 欣陸,CAPM_Beta 一年,0.4025
3704 合勤控,CAPM_Beta 一年,0.5984
3705 永信,CAPM_Beta 一年,0.4863
3706 神達,CAPM_Beta 一年,1.1767
3707 漢磊,CAPM_Beta 一年,0
3708 上緯投控,CAPM_Beta 一年,0
3709 鑫聯大投控,CAPM_Beta 一年,0
3710 連展投控,CAPM_Beta 一年,0
3711 日月光投控,CAPM_Beta 一年,0
3712 永崴投控,CAPM_Beta 一年,0
4102 永日,CAPM_Beta 一年,0.8736
4104 佳醫,CAPM_Beta 一年,0.6109
4105 東洋,CAPM_Beta 一年,1.2758
4106 雃博,CAPM_Beta 一年,0.6777
4107 邦特,CAPM_Beta 一年,1.2505
4108 懷特,CAPM_Beta 一年,0.5637
4109 加捷生醫,CAPM_Beta 一年,1.4964
4111 濟生,CAPM_Beta 一年,0.9619
4113 聯上,CAPM_Beta 一年,0.5922
4114 健喬,CAPM_Beta 一年,1.1778
4116 明基醫,CAPM_Beta 一年,0
4119 旭富,CAPM_Beta 一年,0.5544
4120 友華,CAPM_Beta 一年,1.5281
4121 優盛,CAPM_Beta 一年,1.3963
4123 晟德,CAPM_Beta 一年,1.2359
4126 太醫,CAPM_Beta 一年,0.5181
4127 天良,CAPM_Beta 一年,1.2162
4128 中天,CAPM_Beta 一年,0.9605
4129 聯合,CAPM_Beta 一年,0.9307
4130 健亞,CAPM_Beta 一年,1.5661
4131 晶宇,CAPM_Beta 一年,1.4414
4133 亞諾法,CAPM_Beta 一年,0.3682
4137 麗豐-KY,CAPM_Beta 一年,0
4138 曜亞,CAPM_Beta 一年,0.7128
4139 馬光-KY,CAPM_Beta 一年,0.0733
4141 龍燈-KY,CAPM_Beta 一年,0.602
4142 國光生,CAPM_Beta 一年,0.2358
4144 康聯-KY,CAPM_Beta 一年,0.4656
4147 中裕,CAPM_Beta 一年,0
4148 全宇生技-KY,CAPM_Beta 一年,0
4152 台微體,CAPM_Beta 一年,1.7317
4153 鈺緯,CAPM_Beta 一年,0.3784
4154 康樂-KY,CAPM_Beta 一年,0.7497
4155 訊映,CAPM_Beta 一年,0
4157 太景*-KY,CAPM_Beta 一年,0
4160 創源,CAPM_Beta 一年,1.0302
4161 聿新科,CAPM_Beta 一年,1.3075
4162 智擎,CAPM_Beta 一年,1.921
4163 鐿鈦,CAPM_Beta 一年,1.3301
4164 承業醫,CAPM_Beta 一年,0.6296
4167 展旺,CAPM_Beta 一年,0
4168 醣聯,CAPM_Beta 一年,1.6353
4171 瑞基,CAPM_Beta 一年,0
4173 久裕,CAPM_Beta 一年,1.8247
4174 浩鼎,CAPM_Beta 一年,0
4175 杏一,CAPM_Beta 一年,0
4183 福永生技,CAPM_Beta 一年,0
4188 安克,CAPM_Beta 一年,0
4190 佐登-KY,CAPM_Beta 一年,0
4192 杏國,CAPM_Beta 一年,0
4198 環瑞醫,CAPM_Beta 一年,0
4205 中華食,CAPM_Beta 一年,0.192
4207 環泰,CAPM_Beta 一年,0.9592
4303 信立,CAPM_Beta 一年,0.0145
4304 勝昱,CAPM_Beta 一年,0.4775
4305 世坤,CAPM_Beta 一年,0.4289
4306 炎洲,CAPM_Beta 一年,0.4388
4401 東隆興,CAPM_Beta 一年,1.206
4402 福大,CAPM_Beta 一年,0.4686
4406 新昕纖,CAPM_Beta 一年,0.6048
4413 飛寶企業,CAPM_Beta 一年,0.5377
4414 如興,CAPM_Beta 一年,0.7783
4415 台原藥,CAPM_Beta 一年,0
4416 三圓,CAPM_Beta 一年,0.3393
4417 金洲,CAPM_Beta 一年,0.5048
4419 元勝,CAPM_Beta 一年,0.4845
4420 光明,CAPM_Beta 一年,0.097
4426 利勤,CAPM_Beta 一年,0.7926
4429 聚紡,CAPM_Beta 一年,0.4686
4430 耀億,CAPM_Beta 一年,0.9177
4432 銘旺實,CAPM_Beta 一年,1.2058
4433 興采,CAPM_Beta 一年,0
4438 廣越,CAPM_Beta 一年,0
4502 健信,CAPM_Beta 一年,0.1084
4503 金雨,CAPM_Beta 一年,0.3189
4506 崇友,CAPM_Beta 一年,0.621
4510 高鋒,CAPM_Beta 一年,0.9067
4513 福裕,CAPM_Beta 一年,0.6841
4523 永彰,CAPM_Beta 一年,0.3763
4526 東台,CAPM_Beta 一年,0.5318
4527 方土霖,CAPM_Beta 一年,0.5726
4528 江興鍛,CAPM_Beta 一年,0.5778
4529 淳紳,CAPM_Beta 一年,0.4882
4530 宏易,CAPM_Beta 一年,-0.0469
4532 瑞智,CAPM_Beta 一年,0.5244
4533 協易機,CAPM_Beta 一年,0.6733
4534 慶騰,CAPM_Beta 一年,0.5064
4535 至興,CAPM_Beta 一年,0.5861
4536 拓凱,CAPM_Beta 一年,0.1311
4538 大詠城,CAPM_Beta 一年,0
4540 全球傳動,CAPM_Beta 一年,0
4541 晟田,CAPM_Beta 一年,0
4542 科嶠,CAPM_Beta 一年,0
4543 萬在,CAPM_Beta 一年,0
4545 銘鈺,CAPM_Beta 一年,0
4549 桓達,CAPM_Beta 一年,0
4550 長佳,CAPM_Beta 一年,0
4551 智伸科,CAPM_Beta 一年,0
4552 力達-KY,CAPM_Beta 一年,0
4554 橙的,CAPM_Beta 一年,0
4555 氣立,CAPM_Beta 一年,0
4556 旭然,CAPM_Beta 一年,0
4557 永新-KY,CAPM_Beta 一年,0
4560 強信-KY,CAPM_Beta 一年,0
4561 健椿,CAPM_Beta 一年,0
4562 穎漢,CAPM_Beta 一年,0
4563 百德,CAPM_Beta 一年,0
4564 元翎,CAPM_Beta 一年,0
4566 時碩工業,CAPM_Beta 一年,0
4568 科際精密,CAPM_Beta 一年,0
4571 鈞興-KY,CAPM_Beta 一年,0
4572 駐龍,CAPM_Beta 一年,0
4576 大銀微系統,CAPM_Beta 一年,0
4609 唐鋒,CAPM_Beta 一年,0.8429
4702 中美實,CAPM_Beta 一年,0.9359
4706 大恭,CAPM_Beta 一年,0.2477
4707 磐亞,CAPM_Beta 一年,0.8825
4711 永純,CAPM_Beta 一年,0.4959
4712 南璋,CAPM_Beta 一年,0.4706
4714 永捷,CAPM_Beta 一年,0.6033
4716 大立,CAPM_Beta 一年,1.0088
4720 德淵,CAPM_Beta 一年,0.4402
4721 美琪瑪,CAPM_Beta 一年,0.5901
4722 國精化,CAPM_Beta 一年,0.4117
4725 信昌化,CAPM_Beta 一年,1.0713
4726 永昕,CAPM_Beta 一年,0
4728 雙美,CAPM_Beta 一年,1.3048
4729 熒茂,CAPM_Beta 一年,1.2003
4735 豪展,CAPM_Beta 一年,1.1896
4736 泰博,CAPM_Beta 一年,1.1562
4737 華廣,CAPM_Beta 一年,0.333
4739 康普,CAPM_Beta 一年,0.3934
4741 泓瀚,CAPM_Beta 一年,0
4743 合一,CAPM_Beta 一年,1.8912
4744 皇將,CAPM_Beta 一年,0
4745 合富-KY,CAPM_Beta 一年,1.0448
4746 台耀,CAPM_Beta 一年,0.805
4747 強生,CAPM_Beta 一年,0
4754 國碳科,CAPM_Beta 一年,0
4755 三福化,CAPM_Beta 一年,0
4760 勤凱,CAPM_Beta 一年,0
4763 材料-KY,CAPM_Beta 一年,0
4764 雙鍵,CAPM_Beta 一年,0
4766 南寶,CAPM_Beta 一年,0
4767 誠泰科技,CAPM_Beta 一年,0
4803 VHQ-KY,CAPM_Beta 一年,0
4804 大略-KY,CAPM_Beta 一年,0
4806 昇華,CAPM_Beta 一年,0
4807 日成-KY,CAPM_Beta 一年,0
4903 聯光通,CAPM_Beta 一年,0.4839
4904 遠傳,CAPM_Beta 一年,0.4788
4905 台聯電,CAPM_Beta 一年,0.2586
4906 正文,CAPM_Beta 一年,0.6329
4907 富宇,CAPM_Beta 一年,-0.0677
4908 前鼎,CAPM_Beta 一年,0.7451
4909 新復興,CAPM_Beta 一年,1.1142
4911 德英,CAPM_Beta 一年,0.9448
4912 聯德控股-KY,CAPM_Beta 一年,0.9547
4915 致伸,CAPM_Beta 一年,0.9048
4916 事欣科,CAPM_Beta 一年,0
4919 新唐,CAPM_Beta 一年,0.9001
4924 欣厚-KY,CAPM_Beta 一年,0.016
4927 泰鼎-KY,CAPM_Beta 一年,0.7401
4930 燦星網,CAPM_Beta 一年,0.816
4931 新盛力,CAPM_Beta 一年,0
4933 友輝,CAPM_Beta 一年,1.2819
4934 太極,CAPM_Beta 一年,0.6478
4935 茂林-KY,CAPM_Beta 一年,0.903
4938 和碩,CAPM_Beta 一年,0.9349
4939 亞電,CAPM_Beta 一年,0.904
4942 嘉彰,CAPM_Beta 一年,0.9474
4943 康控-KY,CAPM_Beta 一年,0
4944 兆遠,CAPM_Beta 一年,1.634
4946 辣椒,CAPM_Beta 一年,0.5869
4947 昂寶-KY,CAPM_Beta 一年,1.3101
4950 牧東,CAPM_Beta 一年,1.2256
4952 凌通,CAPM_Beta 一年,0.6012
4953 緯軟,CAPM_Beta 一年,0
4956 光鋐,CAPM_Beta 一年,0.7933
4958 臻鼎-KY,CAPM_Beta 一年,1.0115
4960 誠美材,CAPM_Beta 一年,1.1042
4961 天鈺,CAPM_Beta 一年,0
4966 譜瑞-KY,CAPM_Beta 一年,1.7849
4967 十銓,CAPM_Beta 一年,0
4968 立積,CAPM_Beta 一年,0
4971 IET-KY,CAPM_Beta 一年,0.8051
4972 湯石照明,CAPM_Beta 一年,1.2078
4973 廣穎,CAPM_Beta 一年,0.8338
4974 亞泰,CAPM_Beta 一年,0.5835
4976 佳凌,CAPM_Beta 一年,0.5607
4977 眾達-KY,CAPM_Beta 一年,-2.8314
4979 華星光,CAPM_Beta 一年,1.394
4987 科誠,CAPM_Beta 一年,1.0044
4989 榮科,CAPM_Beta 一年,0
4991 環宇-KY,CAPM_Beta 一年,0
4994 傳奇,CAPM_Beta 一年,0
4995 晶達,CAPM_Beta 一年,0.3284
4999 鑫禾,CAPM_Beta 一年,0.3251
5007 三星,CAPM_Beta 一年,0.5656
5009 榮剛,CAPM_Beta 一年,0.6428
5011 久陽,CAPM_Beta 一年,0.3584
5013 強新,CAPM_Beta 一年,0.348
5014 建錩,CAPM_Beta 一年,0.4067
5015 華祺,CAPM_Beta 一年,0.463
5016 松和,CAPM_Beta 一年,0.4723
5102 富強,CAPM_Beta 一年,0.2154
5201 凱衛,CAPM_Beta 一年,0.2113
5202 力新,CAPM_Beta 一年,0.528
5203 訊連,CAPM_Beta 一年,0.5036
5205 中茂,CAPM_Beta 一年,0.4398
5206 坤悅,CAPM_Beta 一年,0.139
5209 新鼎,CAPM_Beta 一年,0.3047
5210 寶碩,CAPM_Beta 一年,0.6208
5211 蒙恬,CAPM_Beta 一年,0.7885
5212 凌網,CAPM_Beta 一年,0.184
5213 亞昕,CAPM_Beta 一年,0.7957
5215 科嘉-KY,CAPM_Beta 一年,0.8288
5220 萬達光電,CAPM_Beta 一年,0
5223 安力-KY,CAPM_Beta 一年,0
5225 東科-KY,CAPM_Beta 一年,0.3351
5227 立凱-KY,CAPM_Beta 一年,0
5230 雷笛克光學,CAPM_Beta 一年,0.9
5234 達興材料,CAPM_Beta 一年,1.2575
5243 乙盛-KY,CAPM_Beta 一年,0
5245 智晶,CAPM_Beta 一年,0
5251 天鉞電,CAPM_Beta 一年,1.0056
5258 虹堡,CAPM_Beta 一年,0
5259 奕智博,CAPM_Beta 一年,0
5263 智崴,CAPM_Beta 一年,0.0143
5264 鎧勝-KY,CAPM_Beta 一年,0.6793
5269 祥碩,CAPM_Beta 一年,0.5616
5272 笙科,CAPM_Beta 一年,1.1193
5274 信驊,CAPM_Beta 一年,1.4911
5276 達輝-KY,CAPM_Beta 一年,0
5278 尚凡,CAPM_Beta 一年,1.0065
5281 大峽谷-KY,CAPM_Beta 一年,0
5283 禾聯碩,CAPM_Beta 一年,0
5284 jpp-KY,CAPM_Beta 一年,0
5285 界霖,CAPM_Beta 一年,0
5287 數字,CAPM_Beta 一年,0
5288 豐祥-KY,CAPM_Beta 一年,0
5289 宜鼎,CAPM_Beta 一年,0
5291 邑昇,CAPM_Beta 一年,0
5299 杰力,CAPM_Beta 一年,0
5301 寶得利,CAPM_Beta 一年,-0.0327
5302 太欣,CAPM_Beta 一年,0.6664
5304 鼎創達,CAPM_Beta 一年,0.6076
5305 敦南,CAPM_Beta 一年,0.7838
5306 桂盟,CAPM_Beta 一年,1.1227
5309 系統電,CAPM_Beta 一年,1.2029
5310 天剛,CAPM_Beta 一年,0.4384
5312 寶島科,CAPM_Beta 一年,1.2493
5314 世紀,CAPM_Beta 一年,1.0191
5315 光聯,CAPM_Beta 一年,0.9821
5321 友銓,CAPM_Beta 一年,0.3128
5324 士開,CAPM_Beta 一年,1.4087
5328 華容,CAPM_Beta 一年,0.5977
5340 建榮,CAPM_Beta 一年,0.317
5344 立衛,CAPM_Beta 一年,0.5749
5345 天揚,CAPM_Beta 一年,0.8367
5347 世界,CAPM_Beta 一年,1.8066
5348 系通,CAPM_Beta 一年,0.3902
5349 先豐,CAPM_Beta 一年,1.2876
5351 鈺創,CAPM_Beta 一年,2.0393
5353 台林,CAPM_Beta 一年,0.8549
5355 佳總,CAPM_Beta 一年,0.9392
5356 協益,CAPM_Beta 一年,0.7427
5364 力麗店,CAPM_Beta 一年,1.2312
5371 中光電,CAPM_Beta 一年,1.0595
5381 合正,CAPM_Beta 一年,0.8175
5383 金利,CAPM_Beta 一年,0.3121
5386 青雲,CAPM_Beta 一年,-0.2439
5388 中磊,CAPM_Beta 一年,0.4467
5392 應華,CAPM_Beta 一年,0.7376
5398 慕康生醫,CAPM_Beta 一年,0.5799
5403 中菲,CAPM_Beta 一年,0.4798
5410 國眾,CAPM_Beta 一年,0.9293
5425 台半,CAPM_Beta 一年,1.216
5426 振發,CAPM_Beta 一年,0.2556
5432 達威,CAPM_Beta 一年,0.5072
5434 崇越,CAPM_Beta 一年,0.493
5438 東友,CAPM_Beta 一年,0.6463
5439 高技,CAPM_Beta 一年,0.4555
5443 均豪,CAPM_Beta 一年,1.4936
5450 寶聯通,CAPM_Beta 一年,0.9365
5452 佶優,CAPM_Beta 一年,0.6412
5455 昇益,CAPM_Beta 一年,0.5404
5457 宣德,CAPM_Beta 一年,0.6513
5460 同協,CAPM_Beta 一年,0.4424
5464 霖宏,CAPM_Beta 一年,0.5723
5465 富驊,CAPM_Beta 一年,0.5704
5468 凱鈺,CAPM_Beta 一年,0.5117
5469 瀚宇博,CAPM_Beta 一年,0.5892
5471 松翰,CAPM_Beta 一年,0.4426
5474 聰泰,CAPM_Beta 一年,1.3153
5475 德宏,CAPM_Beta 一年,0.6885
5478 智冠,CAPM_Beta 一年,1.338
5481 新華,CAPM_Beta 一年,0.0428
5483 中美晶,CAPM_Beta 一年,1.4287
5484 慧友,CAPM_Beta 一年,0.4913
5487 通泰,CAPM_Beta 一年,0.4403
5488 松普,CAPM_Beta 一年,0.4948
5489 彩富,CAPM_Beta 一年,0.8626
5490 同亨,CAPM_Beta 一年,0.5736
5493 三聯,CAPM_Beta 一年,0.4165
5498 凱崴,CAPM_Beta 一年,0.7012
5508 永信建,CAPM_Beta 一年,0.7011
5511 德昌,CAPM_Beta 一年,0.3247
5512 力麒,CAPM_Beta 一年,0.5223
5514 三豐,CAPM_Beta 一年,0.5755
5515 建國,CAPM_Beta 一年,0.4782
5516 雙喜,CAPM_Beta 一年,0.1377
5519 隆大,CAPM_Beta 一年,0.4491
5520 力泰,CAPM_Beta 一年,0.3806
5521 工信,CAPM_Beta 一年,0.7175
5522 遠雄,CAPM_Beta 一年,0.7863
5523 豐謙,CAPM_Beta 一年,0.0242
5525 順天,CAPM_Beta 一年,0.3394
5529 志嘉,CAPM_Beta 一年,0.912
5530 龍巖,CAPM_Beta 一年,0.6791
5531 鄉林,CAPM_Beta 一年,0.5126
5533 皇鼎,CAPM_Beta 一年,0.3705
5534 長虹,CAPM_Beta 一年,0.6387
5536 聖暉,CAPM_Beta 一年,0.6492
5538 東明-KY,CAPM_Beta 一年,0
5543 崇佑-KY,CAPM_Beta 一年,0
5601 台聯櫃,CAPM_Beta 一年,0.5248
5603 陸海,CAPM_Beta 一年,0.3541
5604 中連貨,CAPM_Beta 一年,0.1742
5607 遠雄港,CAPM_Beta 一年,0.9092
5608 四維航,CAPM_Beta 一年,0.4519
5609 中菲行,CAPM_Beta 一年,0.2735
5701 劍湖山,CAPM_Beta 一年,0.8653
5703 亞都,CAPM_Beta 一年,0.3601
5704 老爺知,CAPM_Beta 一年,0.1719
5706 鳳凰,CAPM_Beta 一年,0.6493
5820 日盛金,CAPM_Beta 一年,0.7779
5864 致和證,CAPM_Beta 一年,0
5871 中租-KY,CAPM_Beta 一年,1.4524
5876 上海商銀,CAPM_Beta 一年,0
5878 台名,CAPM_Beta 一年,0
5880 合庫金,CAPM_Beta 一年,0.608
5902 德記,CAPM_Beta 一年,0.3077
5903 全家,CAPM_Beta 一年,0.5627
5904 寶雅,CAPM_Beta 一年,0.8755
5905 南仁湖,CAPM_Beta 一年,0.5205
5906 台南-KY,CAPM_Beta 一年,0.6019
5907 大洋-KY,CAPM_Beta 一年,0.7313
6005 群益證,CAPM_Beta 一年,1.0735
6015 宏遠證,CAPM_Beta 一年,0.7114
6016 康和證,CAPM_Beta 一年,1.0115
6020 大展證,CAPM_Beta 一年,0.8278
6021 大慶證,CAPM_Beta 一年,1.3087
6023 元大期,CAPM_Beta 一年,0.2202
6024 群益期,CAPM_Beta 一年,0.3367
6026 福邦證,CAPM_Beta 一年,0
6101 寬魚國際,CAPM_Beta 一年,0.9438
6103 合邦,CAPM_Beta 一年,0.6218
6104 創惟,CAPM_Beta 一年,0.6368
6108 競國,CAPM_Beta 一年,0.5069
6109 亞元,CAPM_Beta 一年,0.4032
6111 大宇資,CAPM_Beta 一年,0.4342
6112 聚碩,CAPM_Beta 一年,0.3661
6113 亞矽,CAPM_Beta 一年,0.6567
6114 久威,CAPM_Beta 一年,-0.0475
6115 鎰勝,CAPM_Beta 一年,0.3056
6116 彩晶,CAPM_Beta 一年,0.7825
6117 迎廣,CAPM_Beta 一年,0.3993
6118 建達,CAPM_Beta 一年,0.517
6120 達運,CAPM_Beta 一年,0.7982
6121 新普,CAPM_Beta 一年,1.0072
6122 擎邦,CAPM_Beta 一年,0.5013
6123 上奇,CAPM_Beta 一年,0.8046
6124 業強,CAPM_Beta 一年,0.439
6125 廣運,CAPM_Beta 一年,0.9977
6126 信音,CAPM_Beta 一年,0.6465
6127 九豪,CAPM_Beta 一年,0.8546
6128 上福,CAPM_Beta 一年,0.2445
6129 普誠,CAPM_Beta 一年,0.9462
6130 星寶國際,CAPM_Beta 一年,1.2598
6131 鈞泰,CAPM_Beta 一年,0.4321
6133 金橋,CAPM_Beta 一年,0.4834
6134 萬旭,CAPM_Beta 一年,1.153
6136 富爾特,CAPM_Beta 一年,0.1963
6138 茂達,CAPM_Beta 一年,1.2414
6139 亞翔,CAPM_Beta 一年,0.3153
6140 訊達,CAPM_Beta 一年,0.0814
6141 柏承,CAPM_Beta 一年,0.3423
6142 友勁,CAPM_Beta 一年,0.7366
6143 振曜,CAPM_Beta 一年,1.2406
6144 得利影,CAPM_Beta 一年,0.0986
6146 耕興,CAPM_Beta 一年,0.45
6147 頎邦,CAPM_Beta 一年,1.521
6148 驊宏資,CAPM_Beta 一年,0.9078
6150 撼訊,CAPM_Beta 一年,1.7255
6151 晉倫,CAPM_Beta 一年,1.0414
6152 百一,CAPM_Beta 一年,0.5438
6153 嘉聯益,CAPM_Beta 一年,1.1325
6154 順發,CAPM_Beta 一年,0.2691
6155 鈞寶,CAPM_Beta 一年,0.5632
6156 松上,CAPM_Beta 一年,0.675
6158 禾昌,CAPM_Beta 一年,0.8425
6160 欣技,CAPM_Beta 一年,0.5741
6161 捷波,CAPM_Beta 一年,0.6993
6163 華電網,CAPM_Beta 一年,0.5525
6164 華興,CAPM_Beta 一年,1.2804
6165 捷泰,CAPM_Beta 一年,0.1631
6166 凌華,CAPM_Beta 一年,0.5862
6167 久正,CAPM_Beta 一年,0.1706
6168 宏齊,CAPM_Beta 一年,0.8724
6169 昱泉,CAPM_Beta 一年,0.9773
6170 統振,CAPM_Beta 一年,1.1719
6171 亞銳士,CAPM_Beta 一年,0.6295
6172 互億,CAPM_Beta 一年,0.6855
6173 信昌電,CAPM_Beta 一年,1.0821
6174 安碁,CAPM_Beta 一年,0.7035
6175 立敦,CAPM_Beta 一年,0.8343
6176 瑞儀,CAPM_Beta 一年,0.8701
6177 達麗,CAPM_Beta 一年,0.4229
6179 亞通,CAPM_Beta 一年,0.0828
6180 橘子,CAPM_Beta 一年,0.7764
6182 合晶,CAPM_Beta 一年,1.5968
6183 關貿,CAPM_Beta 一年,0.4512
6184 大豐電,CAPM_Beta 一年,0.2211
6185 幃翔,CAPM_Beta 一年,0.689
6186 新潤,CAPM_Beta 一年,0.4035
6187 萬潤,CAPM_Beta 一年,1.0383
6188 廣明,CAPM_Beta 一年,1.2348
6189 豐藝,CAPM_Beta 一年,0.3162
6190 萬泰科,CAPM_Beta 一年,0.5308
6191 精成科,CAPM_Beta 一年,0.6034
6192 巨路,CAPM_Beta 一年,0.5347
6194 育富,CAPM_Beta 一年,0.1593
6195 詩肯,CAPM_Beta 一年,1.3782
6196 帆宣,CAPM_Beta 一年,0.7954
6197 佳必琪,CAPM_Beta 一年,0.8844
6198 凌泰,CAPM_Beta 一年,1.0742
6199 天品,CAPM_Beta 一年,0.0837
6201 亞弘電,CAPM_Beta 一年,0.1847
6202 盛群,CAPM_Beta 一年,0.4799
6203 海韻電,CAPM_Beta 一年,0.4864
6204 艾華,CAPM_Beta 一年,0.4457
6205 詮欣,CAPM_Beta 一年,0.4685
6206 飛捷,CAPM_Beta 一年,1.2706
6207 雷科,CAPM_Beta 一年,0.74
6208 日揚,CAPM_Beta 一年,0.4102
6209 今國光,CAPM_Beta 一年,0.8906
6210 慶生,CAPM_Beta 一年,0.7263
6212 理銘,CAPM_Beta 一年,0.5254
6213 聯茂,CAPM_Beta 一年,0.5546
6214 精誠,CAPM_Beta 一年,0.4753
6215 和椿,CAPM_Beta 一年,0.3136
6216 居易,CAPM_Beta 一年,0.4365
6217 中探針,CAPM_Beta 一年,0.9537
6218 豪勉,CAPM_Beta 一年,0.5549
6219 富旺,CAPM_Beta 一年,0.6433
6220 岳豐,CAPM_Beta 一年,0.7143
6221 晉泰,CAPM_Beta 一年,1.1082
6222 上揚,CAPM_Beta 一年,0.1441
6223 旺矽,CAPM_Beta 一年,1.2175
6224 聚鼎,CAPM_Beta 一年,0.4308
6225 天瀚,CAPM_Beta 一年,-0.5142
6226 光鼎,CAPM_Beta 一年,1.1881
6227 茂綸,CAPM_Beta 一年,0.3674
6228 全譜,CAPM_Beta 一年,1.2016
6229 研通,CAPM_Beta 一年,0.6201
6230 超眾,CAPM_Beta 一年,0.8098
6231 系微,CAPM_Beta 一年,0.8528
6233 旺玖,CAPM_Beta 一年,1.1359
6234 高僑,CAPM_Beta 一年,0.6172
6235 華孚,CAPM_Beta 一年,0.6261
6236 康呈,CAPM_Beta 一年,0.2069
6237 驊訊,CAPM_Beta 一年,0.8449
6238 勝麗,CAPM_Beta 一年,-0.0931
6239 力成,CAPM_Beta 一年,1.0712
6240 松崗,CAPM_Beta 一年,-0.4046
6241 易通展,CAPM_Beta 一年,-0.0988
6242 立康,CAPM_Beta 一年,-0.5508
6243 迅杰,CAPM_Beta 一年,0.8464
6244 茂迪,CAPM_Beta 一年,1.7755
6245 立端,CAPM_Beta 一年,1.1532
6246 臺龍,CAPM_Beta 一年,1.0114
6247 淇譽電,CAPM_Beta 一年,0.3723
6248 沛波,CAPM_Beta 一年,0.4449
6251 定穎,CAPM_Beta 一年,0.6452
6257 矽格,CAPM_Beta 一年,0.6999
6259 百徽,CAPM_Beta 一年,0.03
6261 久元,CAPM_Beta 一年,0.7123
6263 普萊德,CAPM_Beta 一年,0.6976
6264 富裔,CAPM_Beta 一年,1.0471
6265 方土昶,CAPM_Beta 一年,0.7024
6266 泰詠,CAPM_Beta 一年,0.2715
6269 台郡,CAPM_Beta 一年,1.0242
6270 倍微,CAPM_Beta 一年,0.5038
6271 同欣電,CAPM_Beta 一年,0.7001
6274 台燿,CAPM_Beta 一年,1.1816
6275 元山,CAPM_Beta 一年,0.4443
6276 安鈦克,CAPM_Beta 一年,0.3921
6277 宏正,CAPM_Beta 一年,0.6797
6278 台表科,CAPM_Beta 一年,1.1531
6279 胡連,CAPM_Beta 一年,1.0856
6281 全國電,CAPM_Beta 一年,0.1588
6282 康舒,CAPM_Beta 一年,0.8387
6283 淳安,CAPM_Beta 一年,0.4848
6284 佳邦,CAPM_Beta 一年,0.4073
6285 啟碁,CAPM_Beta 一年,0.9612
6287 元隆,CAPM_Beta 一年,0.3736
6288 聯嘉,CAPM_Beta 一年,0
6289 華上,CAPM_Beta 一年,0.8442
6290 良維,CAPM_Beta 一年,0.6999
6291 沛亨,CAPM_Beta 一年,-0.2042
6292 迅德,CAPM_Beta 一年,0.518
6294 智基,CAPM_Beta 一年,0.2017
6404 通訊-KY,CAPM_Beta 一年,0
6405 悅城,CAPM_Beta 一年,0
6409 旭隼,CAPM_Beta 一年,0
6411 晶焱,CAPM_Beta 一年,0
6412 群電,CAPM_Beta 一年,-0.1221
6414 樺漢,CAPM_Beta 一年,0
6415 矽力-KY,CAPM_Beta 一年,0
6416 瑞祺電通,CAPM_Beta 一年,0
6417 韋僑,CAPM_Beta 一年,0
6418 詠昇,CAPM_Beta 一年,0
6419 京晨科,CAPM_Beta 一年,0
6425 易發,CAPM_Beta 一年,0
6426 統新,CAPM_Beta 一年,0
6431 光麗-KY,CAPM_Beta 一年,0
6432 今展科,CAPM_Beta 一年,0
6435 大中,CAPM_Beta 一年,0
6438 迅得,CAPM_Beta 一年,0
6441 廣錠,CAPM_Beta 一年,0
6442 光聖,CAPM_Beta 一年,0
6443 元晶,CAPM_Beta 一年,0
6446 藥華藥,CAPM_Beta 一年,0
6449 鈺邦,CAPM_Beta 一年,0
6451 訊芯-KY,CAPM_Beta 一年,0
6452 康友-KY,CAPM_Beta 一年,0
6456 GIS-KY,CAPM_Beta 一年,0
6457 紘康,CAPM_Beta 一年,0
6461 益得,CAPM_Beta 一年,0
6462 神盾,CAPM_Beta 一年,0
6464 台數科,CAPM_Beta 一年,0
6465 威潤,CAPM_Beta 一年,0
6469 大樹,CAPM_Beta 一年,0
6470 宇智,CAPM_Beta 一年,0
6472 保瑞,CAPM_Beta 一年,0
6477 安集,CAPM_Beta 一年,0
6482 弘煜科,CAPM_Beta 一年,0
6485 點序,CAPM_Beta 一年,0
6486 互動,CAPM_Beta 一年,0
6488 環球晶,CAPM_Beta 一年,0
6491 晶碩,CAPM_Beta 一年,0
6492 生華科,CAPM_Beta 一年,0
6494 九齊,CAPM_Beta 一年,0
6496 科懋,CAPM_Beta 一年,0
6497 亞獅康-KY　,CAPM_Beta 一年,0
6499 益安,CAPM_Beta 一年,0
6504 南六,CAPM_Beta 一年,-0.0995
6505 台塑化,CAPM_Beta 一年,1.2541
6506 雙邦,CAPM_Beta 一年,0.6749
6508 惠光,CAPM_Beta 一年,0.391
6509 聚和,CAPM_Beta 一年,1.1597
6510 精測,CAPM_Beta 一年,0
6512 啟發電,CAPM_Beta 一年,0
6514 芮特-KY,CAPM_Beta 一年,0
6516 勤崴國際,CAPM_Beta 一年,0
6523 達爾膚,CAPM_Beta 一年,0
6525 捷敏-KY,CAPM_Beta 一年,0
6530 創威,CAPM_Beta 一年,0
6531 愛普,CAPM_Beta 一年,0
6532 瑞耘,CAPM_Beta 一年,0
6533 晶心科,CAPM_Beta 一年,0
6535 順藥,CAPM_Beta 一年,0
6538 倉和,CAPM_Beta 一年,0
6541 泰福-KY,CAPM_Beta 一年,0
6542 隆中,CAPM_Beta 一年,0
6547 高端疫苗,CAPM_Beta 一年,0
6548 長科*,CAPM_Beta 一年,0
6552 易華電,CAPM_Beta 一年,0
6556 勝品,CAPM_Beta 一年,0
6558 興能高,CAPM_Beta 一年,0
6560 欣普羅,CAPM_Beta 一年,0
6561 是方,CAPM_Beta 一年,0
6568 宏觀,CAPM_Beta 一年,0
6569 醫揚,CAPM_Beta 一年,0
6570 維田,CAPM_Beta 一年,0
6573 虹揚-KY,CAPM_Beta 一年,0
6574 霈方,CAPM_Beta 一年,0
6576 逸達,CAPM_Beta 一年,0
6577 勁豐,CAPM_Beta 一年,0
6578 達邦蛋白,CAPM_Beta 一年,0
6579 研揚,CAPM_Beta 一年,0
6581 鋼聯,CAPM_Beta 一年,0
6582 申豐,CAPM_Beta 一年,0
6589 台康生技,CAPM_Beta 一年,0
6590 普鴻,CAPM_Beta 一年,0
6591 動力-KY,CAPM_Beta 一年,0
6593 台灣銘板,CAPM_Beta 一年,0
6594 展匯科,CAPM_Beta 一年,0
6596 寬宏藝術,CAPM_Beta 一年,0
6603 富強鑫,CAPM_Beta 一年,0.8015
6605 帝寶,CAPM_Beta 一年,0.7107
6609 瀧澤科,CAPM_Beta 一年,0.7552
6612 奈米醫材,CAPM_Beta 一年,0
6613 朋億,CAPM_Beta 一年,0
6615 慧智,CAPM_Beta 一年,0
6616 特昇-KY,CAPM_Beta 一年,0
6624 萬年清,CAPM_Beta 一年,0
6625 必應,CAPM_Beta 一年,0
6629 泰金-KY,CAPM_Beta 一年,0
6640 均華,CAPM_Beta 一年,0
6641 基士德-KY,CAPM_Beta 一年,0
6642 富致,CAPM_Beta 一年,0
6643 M31,CAPM_Beta 一年,0
6649 台生材,CAPM_Beta 一年,0
6654 天正國際,CAPM_Beta 一年,0
6655 科定,CAPM_Beta 一年,0
6662 樂斯科,CAPM_Beta 一年,0
6664 群翊,CAPM_Beta 一年,0
6666 羅麗芬-KY,CAPM_Beta 一年,0
6667 信紘科,CAPM_Beta 一年,0
6668 中揚光,CAPM_Beta 一年,0
6669 緯穎,CAPM_Beta 一年,0
6670 復盛應用,CAPM_Beta 一年,0
6671 三能-KY,CAPM_Beta 一年,0
6672 騰輝電子-KY,CAPM_Beta 一年,0
6674 鋐寶科技,CAPM_Beta 一年,0
6679 鈺太,CAPM_Beta 一年,0
6680 鑫創電子,CAPM_Beta 一年,0
6683 雍智科技,CAPM_Beta 一年,0
6803 崑鼎,CAPM_Beta 一年,0.4747
7402 邑錡,CAPM_Beta 一年,0
8011 台通,CAPM_Beta 一年,0.8497
8016 矽創,CAPM_Beta 一年,0.8272
8021 尖點,CAPM_Beta 一年,0.7932
8024 佑華,CAPM_Beta 一年,0.5539
8027 鈦昇,CAPM_Beta 一年,0
8028 昇陽半導體,CAPM_Beta 一年,0
8032 光菱,CAPM_Beta 一年,0.4991
8033 雷虎,CAPM_Beta 一年,0.4901
8034 榮群,CAPM_Beta 一年,0.513
8038 長園科,CAPM_Beta 一年,0
8039 台虹,CAPM_Beta 一年,0.8661
8040 九暘,CAPM_Beta 一年,1.0321
8042 金山電,CAPM_Beta 一年,0.6165
8043 蜜望實,CAPM_Beta 一年,0.4881
8044 網家,CAPM_Beta 一年,0.9089
8046 南電,CAPM_Beta 一年,0.8093
8047 星雲,CAPM_Beta 一年,0.6039
8048 德勝,CAPM_Beta 一年,0.5583
8049 晶采,CAPM_Beta 一年,1.5417
8050 廣積,CAPM_Beta 一年,0.597
8054 安國,CAPM_Beta 一年,1.1058
8059 凱碩,CAPM_Beta 一年,0.5651
8064 東捷,CAPM_Beta 一年,1.4511
8066 來思達,CAPM_Beta 一年,-0.2493
8067 志旭,CAPM_Beta 一年,0.4083
8068 全達,CAPM_Beta 一年,0.3139
8069 元太,CAPM_Beta 一年,1.4849
8070 長華,CAPM_Beta 一年,0.905
8071 能率網通,CAPM_Beta 一年,0.7082
8072 陞泰,CAPM_Beta 一年,0.2088
8074 鉅橡,CAPM_Beta 一年,0.5135
8076 伍豐,CAPM_Beta 一年,0.6197
8077 洛碁,CAPM_Beta 一年,1.2332
8080 永利聯合,CAPM_Beta 一年,1.0298
8081 致新,CAPM_Beta 一年,0.7158
8083 瑞穎,CAPM_Beta 一年,0.6545
8084 巨虹,CAPM_Beta 一年,0.2513
8085 福華,CAPM_Beta 一年,1.152
8086 宏捷科,CAPM_Beta 一年,1.4191
8087 華鎂鑫,CAPM_Beta 一年,0.5318
8088 品安,CAPM_Beta 一年,1.6293
8091 翔名,CAPM_Beta 一年,0.5029
8092 建暐,CAPM_Beta 一年,0.1467
8093 保銳,CAPM_Beta 一年,0.3404
8096 擎亞,CAPM_Beta 一年,0.8808
8097 常珵,CAPM_Beta 一年,0.0727
8099 大世科,CAPM_Beta 一年,1.0477
8101 華冠,CAPM_Beta 一年,0.7349
8103 瀚荃,CAPM_Beta 一年,0.3555
8104 錸寶,CAPM_Beta 一年,0
8105 凌巨,CAPM_Beta 一年,0.6754
8107 大億金茂,CAPM_Beta 一年,0.6882
8109 博大,CAPM_Beta 一年,0.4326
8110 華東,CAPM_Beta 一年,0.7693
8111 立碁,CAPM_Beta 一年,1.1601
8112 至上,CAPM_Beta 一年,0.9816
8114 振樺電,CAPM_Beta 一年,0.9069
8121 越峰,CAPM_Beta 一年,1.6128
8131 福懋科,CAPM_Beta 一年,0.6193
8147 正淩,CAPM_Beta 一年,1.2212
8150 南茂,CAPM_Beta 一年,0
8155 博智,CAPM_Beta 一年,0.8788
8163 達方,CAPM_Beta 一年,0.8905
8171 天宇,CAPM_Beta 一年,1.0731
8176 智捷,CAPM_Beta 一年,-0.2223
8182 加高,CAPM_Beta 一年,0.8117
8183 精星,CAPM_Beta 一年,0.3711
8201 無敵,CAPM_Beta 一年,0.7218
8210 勤誠,CAPM_Beta 一年,0.4624
8213 志超,CAPM_Beta 一年,0.7176
8215 明基材,CAPM_Beta 一年,0.9253
8222 寶一,CAPM_Beta 一年,0
8234 新漢,CAPM_Beta 一年,0.5708
8240 華宏,CAPM_Beta 一年,0.7106
8249 菱光,CAPM_Beta 一年,0.5164
8255 朋程,CAPM_Beta 一年,1.0062
8261 富鼎,CAPM_Beta 一年,0.4776
8271 宇瞻,CAPM_Beta 一年,0.9147
8277 商丞,CAPM_Beta 一年,1.4987
8279 生展,CAPM_Beta 一年,0
8287 英格爾,CAPM_Beta 一年,1.2076
8289 泰藝,CAPM_Beta 一年,0.9602
8291 尚茂,CAPM_Beta 一年,0.2573
8299 群聯,CAPM_Beta 一年,1.2668
8341 日友,CAPM_Beta 一年,0
8342 益張,CAPM_Beta 一年,0
8349 恒耀,CAPM_Beta 一年,0.3888
8354 冠好,CAPM_Beta 一年,1.0941
8358 金居,CAPM_Beta 一年,0.3667
8367 建新國際,CAPM_Beta 一年,0
8374 羅昇,CAPM_Beta 一年,0.9077
8383 千附,CAPM_Beta 一年,1.0711
8390 金益鼎,CAPM_Beta 一年,0.7273
8401 白紗科,CAPM_Beta 一年,0.4543
8403 盛弘,CAPM_Beta 一年,1.1681
8404 百和興業-KY,CAPM_Beta 一年,0.6793
8406 金可-KY,CAPM_Beta 一年,1.5897
8409 商之器,CAPM_Beta 一年,0
8410 森田,CAPM_Beta 一年,0.7232
8411 福貞-KY,CAPM_Beta 一年,0.8083
8415 大國鋼,CAPM_Beta 一年,0
8416 實威,CAPM_Beta 一年,0.334
8418 捷必勝-KY,CAPM_Beta 一年,0.3024
8420 明揚,CAPM_Beta 一年,0
8421 旭源,CAPM_Beta 一年,0.4413
8422 可寧衛,CAPM_Beta 一年,0.6577
8423 保綠-KY,CAPM_Beta 一年,0.6284
8424 惠普,CAPM_Beta 一年,0.6788
8426 紅木-KY,CAPM_Beta 一年,0.5513
8427 基勝-KY,CAPM_Beta 一年,0.281
8429 金麗-KY,CAPM_Beta 一年,0.3607
8431 匯鑽科,CAPM_Beta 一年,0
8432 東生華,CAPM_Beta 一年,0.6669
8433 弘帆,CAPM_Beta 一年,0.4113
8435 鉅邁,CAPM_Beta 一年,0.684
8436 大江,CAPM_Beta 一年,2.189
8437 大地-KY,CAPM_Beta 一年,0
8440 綠電,CAPM_Beta 一年,0
8442 威宏-KY,CAPM_Beta 一年,0
8443 阿瘦,CAPM_Beta 一年,0
8444 綠河-KY,CAPM_Beta 一年,0
8446 華研,CAPM_Beta 一年,0
8450 霹靂,CAPM_Beta 一年,0
8454 富邦媒,CAPM_Beta 一年,0
8455 大拓-KY,CAPM_Beta 一年,0
8462 柏文,CAPM_Beta 一年,0
8463 潤泰材,CAPM_Beta 一年,0
8464 億豐,CAPM_Beta 一年,0
8466 美吉吉-KY,CAPM_Beta 一年,0
8467 波力-KY,CAPM_Beta 一年,0
8472 夠麻吉,CAPM_Beta 一年,0
8473 山林水,CAPM_Beta 一年,0
8476 台境,CAPM_Beta 一年,0
8477 創業家,CAPM_Beta 一年,0
8478 東哥遊艇,CAPM_Beta 一年,0
8480 泰昇-KY,CAPM_Beta 一年,0
8481 政伸,CAPM_Beta 一年,0
8482 商億-KY,CAPM_Beta 一年,0
8488 吉源-KY,CAPM_Beta 一年,0
8489 三貝德,CAPM_Beta 一年,0
8497 格威傳媒,CAPM_Beta 一年,0
8499 鼎炫-KY,CAPM_Beta 一年,0
8905 裕國,CAPM_Beta 一年,0.2724
8906 花王,CAPM_Beta 一年,0.0267
8908 欣雄,CAPM_Beta 一年,0.0644
8913 全銓,CAPM_Beta 一年,0.2776
8916 光隆,CAPM_Beta 一年,0.7344
8917 欣泰,CAPM_Beta 一年,0.0982
8921 沈氏,CAPM_Beta 一年,0.0484
8923 時報,CAPM_Beta 一年,0.2351
8924 大田,CAPM_Beta 一年,0.3593
8926 台汽電,CAPM_Beta 一年,0.1892
8927 北基,CAPM_Beta 一年,0.0265
8928 鉅明,CAPM_Beta 一年,0.3812
8929 富堡,CAPM_Beta 一年,0.5303
8930 青鋼,CAPM_Beta 一年,0.5864
8931 大汽電,CAPM_Beta 一年,0.3057
8932 宏大,CAPM_Beta 一年,0.3764
8933 愛地雅,CAPM_Beta 一年,1.1086
8934 衡平,CAPM_Beta 一年,-0.1082
8935 邦泰,CAPM_Beta 一年,1.2518
8936 國統,CAPM_Beta 一年,1.1093
8937 合騏,CAPM_Beta 一年,0.4795
8938 明安,CAPM_Beta 一年,0.3638
8940 新天地,CAPM_Beta 一年,0.4116
8941 關中,CAPM_Beta 一年,-0.162
8942 森鉅,CAPM_Beta 一年,0.4734
8996 高力,CAPM_Beta 一年,1.2887
9103 美德醫療-DR,CAPM_Beta 一年,0.0674
910322 康師傅-DR,CAPM_Beta 一年,0.4234
910482 聖馬丁-DR,CAPM_Beta 一年,0.4231
9105 泰金寶-DR,CAPM_Beta 一年,0.6186
910861 神州-DR,CAPM_Beta 一年,0.8529
9110 越南控-DR,CAPM_Beta 一年,0.3402
911608 明輝-DR,CAPM_Beta 一年,-0.1646
911613 特藝-DR,CAPM_Beta 一年,0.049
911616 杜康-DR,CAPM_Beta 一年,0.9321
911622 泰聚亨-DR,CAPM_Beta 一年,0.0108
911868 同方友友-DR,CAPM_Beta 一年,0.4796
912000 晨訊科-DR,CAPM_Beta 一年,0.8529
912398 友佳-DR,CAPM_Beta 一年,0.2661
9136 巨騰-DR,CAPM_Beta 一年,0.9984
9157 陽光能源-DR,CAPM_Beta 一年,0.7431
9188 精熙-DR,CAPM_Beta 一年,0.3926
9802 鈺齊-KY,CAPM_Beta 一年,0.2249
9902 台火,CAPM_Beta 一年,0.7596
9904 寶成,CAPM_Beta 一年,0.9637
9905 大華,CAPM_Beta 一年,0.4054
9906 欣巴巴,CAPM_Beta 一年,0.4926
9907 統一實,CAPM_Beta 一年,0.7582
9908 大台北,CAPM_Beta 一年,0.1748
9910 豐泰,CAPM_Beta 一年,0.6897
9911 櫻花,CAPM_Beta 一年,0.5151
9912 偉聯,CAPM_Beta 一年,0.4568
9914 美利達,CAPM_Beta 一年,1.3071
9917 中保,CAPM_Beta 一年,0.3774
9918 欣天然,CAPM_Beta 一年,0.1591
9919 康那香,CAPM_Beta 一年,0.2269
9921 巨大,CAPM_Beta 一年,1.5068
9924 福興,CAPM_Beta 一年,0.7317
9925 新保,CAPM_Beta 一年,0.3418
9926 新海,CAPM_Beta 一年,0.2722
9927 泰銘,CAPM_Beta 一年,0.6555
9928 中視,CAPM_Beta 一年,0.2895
9929 秋雨,CAPM_Beta 一年,0.7568
9930 中聯資源,CAPM_Beta 一年,0.3039
9931 欣高,CAPM_Beta 一年,0.2987
9933 中鼎,CAPM_Beta 一年,0.9201
9934 成霖,CAPM_Beta 一年,0.7042
9935 慶豐富,CAPM_Beta 一年,0.314
9937 全國,CAPM_Beta 一年,0.3466
9938 百和,CAPM_Beta 一年,0.8433
9939 宏全,CAPM_Beta 一年,0.6355
9940 信義,CAPM_Beta 一年,0.5202
9941 裕融,CAPM_Beta 一年,0.7978
9942 茂順,CAPM_Beta 一年,0.5605
9943 好樂迪,CAPM_Beta 一年,0.3972
9944 新麗,CAPM_Beta 一年,0.6828
9945 潤泰新,CAPM_Beta 一年,1.2177
9946 三發地產,CAPM_Beta 一年,0.3747
9949 琉園,CAPM_Beta 一年,0.4924
9950 萬國通,CAPM_Beta 一年,0.7832
9951 皇田,CAPM_Beta 一年,0.7239
9955 佳龍,CAPM_Beta 一年,0.3311
9958 世紀鋼,CAPM_Beta 一年,0.6184
9960 邁達康,CAPM_Beta 一年,0.5794
9962 有益,CAPM_Beta 一年,0.2534