公司,Data Field,2016/12/30
1101 台泥,ROA－綜合損益,0.66
1102 亞泥,ROA－綜合損益,-3.93
1103 嘉泥,ROA－綜合損益,6.9
1104 環泥,ROA－綜合損益,5.09
1108 幸福,ROA－綜合損益,3.89
1109 信大,ROA－綜合損益,0.19
1110 東泥,ROA－綜合損益,1.25
1201 味全,ROA－綜合損益,-4.1
1203 味王,ROA－綜合損益,6.99
1210 大成,ROA－綜合損益,4.15
1213 大飲,ROA－綜合損益,1.8
1215 卜蜂,ROA－綜合損益,18.3
1216 統一,ROA－綜合損益,4.16
1217 愛之味,ROA－綜合損益,0
1218 泰山,ROA－綜合損益,0.86
1219 福壽,ROA－綜合損益,0.41
1220 台榮,ROA－綜合損益,6.36
1225 福懋油,ROA－綜合損益,6.3
1227 佳格,ROA－綜合損益,10.39
1229 聯華投控,ROA－綜合損益,11.41
1231 聯華食,ROA－綜合損益,6.31
1232 大統益,ROA－綜合損益,17.48
1233 天仁,ROA－綜合損益,7.65
1234 黑松,ROA－綜合損益,4.61
1235 興泰,ROA－綜合損益,38.11
1236 宏亞,ROA－綜合損益,-0.87
1240 茂生農經,ROA－綜合損益,22.82
1256 鮮活果汁-KY,ROA－綜合損益,9.31
1258 其祥-KY,ROA－綜合損益,6.45
1259 安心,ROA－綜合損益,5.37
1264 德麥,ROA－綜合損益,15.4
1268 漢來美食,ROA－綜合損益,10.65
1301 台塑,ROA－綜合損益,11.3
1303 南亞,ROA－綜合損益,7.62
1304 台聚,ROA－綜合損益,3.58
1305 華夏,ROA－綜合損益,11.41
1307 三芳,ROA－綜合損益,7.46
1308 亞聚,ROA－綜合損益,8.77
1309 台達化,ROA－綜合損益,0.05
1310 台苯,ROA－綜合損益,12.16
1312 國喬,ROA－綜合損益,11.45
1313 聯成,ROA－綜合損益,2.12
1314 中石化,ROA－綜合損益,-2.92
1315 達新,ROA－綜合損益,6.08
1316 上曜,ROA－綜合損益,-0.85
1319 東陽,ROA－綜合損益,5.21
1321 大洋,ROA－綜合損益,-0.9
1323 永裕,ROA－綜合損益,6.09
1324 地球,ROA－綜合損益,3.21
1325 恒大,ROA－綜合損益,3.98
1326 台化,ROA－綜合損益,13.26
1333 恩得利,ROA－綜合損益,-9.02
1336 台翰,ROA－綜合損益,-8.16
1337 再生-KY,ROA－綜合損益,-3.52
1338 廣華-KY,ROA－綜合損益,0.99
1339 昭輝,ROA－綜合損益,3.79
1340 勝悅-KY,ROA－綜合損益,6.53
1341 富林-KY,ROA－綜合損益,28.86
1402 遠東新,ROA－綜合損益,0.92
1409 新纖,ROA－綜合損益,1.26
1410 南染,ROA－綜合損益,8.37
1413 宏洲,ROA－綜合損益,-2.72
1414 東和,ROA－綜合損益,0.33
1416 廣豐,ROA－綜合損益,8.33
1417 嘉裕,ROA－綜合損益,-6.59
1418 東華,ROA－綜合損益,-11.31
1419 新紡,ROA－綜合損益,5.98
1423 利華,ROA－綜合損益,-0.75
1432 大魯閣,ROA－綜合損益,-3.33
1434 福懋,ROA－綜合損益,18.94
1435 中福,ROA－綜合損益,-0.55
1436 華友聯,ROA－綜合損益,0.65
1437 勤益控,ROA－綜合損益,4
1438 裕豐,ROA－綜合損益,-1.14
1439 中和,ROA－綜合損益,1.19
1440 南紡,ROA－綜合損益,-0.36
1441 大東,ROA－綜合損益,-7.37
1442 名軒,ROA－綜合損益,4.12
1443 立益,ROA－綜合損益,-2.59
1444 力麗,ROA－綜合損益,-0.44
1445 大宇,ROA－綜合損益,1.59
1446 宏和,ROA－綜合損益,1.34
1447 力鵬,ROA－綜合損益,-1.48
1449 佳和,ROA－綜合損益,-3.48
1451 年興,ROA－綜合損益,3.71
1452 宏益,ROA－綜合損益,7.39
1453 大將,ROA－綜合損益,-0.26
1454 台富,ROA－綜合損益,1.28
1455 集盛,ROA－綜合損益,1.98
1456 怡華,ROA－綜合損益,0.62
1457 宜進,ROA－綜合損益,0.03
1459 聯發,ROA－綜合損益,-0.9
1460 宏遠,ROA－綜合損益,4.13
1463 強盛,ROA－綜合損益,20.48
1464 得力,ROA－綜合損益,2.48
1465 偉全,ROA－綜合損益,1.09
1466 聚隆,ROA－綜合損益,-2.79
1467 南緯,ROA－綜合損益,-3.19
1468 昶和,ROA－綜合損益,-2.29
1470 大統新創,ROA－綜合損益,3.7
1471 首利,ROA－綜合損益,-20.5
1472 三洋紡,ROA－綜合損益,6.05
1473 台南,ROA－綜合損益,1.37
1474 弘裕,ROA－綜合損益,2.52
1475 本盟,ROA－綜合損益,-16.31
1476 儒鴻,ROA－綜合損益,19.08
1477 聚陽,ROA－綜合損益,10.2
1503 士電,ROA－綜合損益,2.12
1504 東元,ROA－綜合損益,4.93
1506 正道,ROA－綜合損益,-1.4
1507 永大,ROA－綜合損益,2.84
1512 瑞利,ROA－綜合損益,-5.45
1513 中興電,ROA－綜合損益,2.25
1514 亞力,ROA－綜合損益,1.88
1515 力山,ROA－綜合損益,-0.4
1516 川飛,ROA－綜合損益,5.37
1517 利奇,ROA－綜合損益,-2.04
1519 華城,ROA－綜合損益,3.42
1521 大億,ROA－綜合損益,12.25
1522 堤維西,ROA－綜合損益,4.65
1524 耿鼎,ROA－綜合損益,4.73
1525 江申,ROA－綜合損益,6.11
1526 日馳,ROA－綜合損益,6.19
1527 鑽全,ROA－綜合損益,4.09
1528 恩德,ROA－綜合損益,1.19
1529 樂士,ROA－綜合損益,-10.05
1530 亞崴,ROA－綜合損益,1.22
1531 高林股,ROA－綜合損益,-0.62
1532 勤美,ROA－綜合損益,2.27
1533 車王電,ROA－綜合損益,-0.77
1535 中宇,ROA－綜合損益,1.16
1536 和大,ROA－綜合損益,10.89
1537 廣隆,ROA－綜合損益,18.35
1538 正峰新,ROA－綜合損益,-9.63
1539 巨庭,ROA－綜合損益,6.3
1540 喬福,ROA－綜合損益,2.55
1541 錩泰,ROA－綜合損益,13.88
1558 伸興,ROA－綜合損益,13.08
1560 中砂,ROA－綜合損益,9.93
1565 精華,ROA－綜合損益,25.43
1568 倉佑,ROA－綜合損益,4.92
1569 濱川,ROA－綜合損益,0.09
1570 力肯,ROA－綜合損益,7.34
1580 新麥,ROA－綜合損益,14.52
1582 信錦,ROA－綜合損益,5
1583 程泰,ROA－綜合損益,1.84
1584 精剛,ROA－綜合損益,0.28
1586 和勤,ROA－綜合損益,-4.52
1587 吉茂,ROA－綜合損益,0.02
1589 永冠-KY,ROA－綜合損益,0.64
1590 亞德客-KY,ROA－綜合損益,5.65
1591 駿吉-KY,ROA－綜合損益,4.88
1592 英瑞-KY,ROA－綜合損益,2.86
1593 祺驊,ROA－綜合損益,7.24
1595 川寶,ROA－綜合損益,0.8
1597 直得,ROA－綜合損益,2.99
1598 岱宇,ROA－綜合損益,5.67
1599 宏佳騰,ROA－綜合損益,11.31
1603 華電,ROA－綜合損益,3.57
1604 聲寶,ROA－綜合損益,4.38
1605 華新,ROA－綜合損益,4.2
1608 華榮,ROA－綜合損益,-0.1
1609 大亞,ROA－綜合損益,-0.18
1611 中電,ROA－綜合損益,-13.85
1612 宏泰,ROA－綜合損益,1.97
1614 三洋電,ROA－綜合損益,4.81
1615 大山,ROA－綜合損益,4.02
1616 億泰,ROA－綜合損益,-0.5
1617 榮星,ROA－綜合損益,0.11
1618 合機,ROA－綜合損益,1.51
1626 艾美特-KY,ROA－綜合損益,-0.53
1701 中化,ROA－綜合損益,1.93
1702 南僑,ROA－綜合損益,3.63
1707 葡萄王,ROA－綜合損益,20.49
1708 東鹼,ROA－綜合損益,6.13
1709 和益,ROA－綜合損益,8.83
1710 東聯,ROA－綜合損益,-3.89
1711 永光,ROA－綜合損益,2.01
1712 興農,ROA－綜合損益,3.32
1713 國化,ROA－綜合損益,3.92
1714 和桐,ROA－綜合損益,0.39
1717 長興,ROA－綜合損益,0.58
1718 中纖,ROA－綜合損益,0.31
1720 生達,ROA－綜合損益,7.23
1721 三晃,ROA－綜合損益,6.48
1722 台肥,ROA－綜合損益,-0.28
1723 中碳,ROA－綜合損益,11.75
1724 台硝,ROA－綜合損益,5.7
1725 元禎,ROA－綜合損益,7.32
1726 永記,ROA－綜合損益,9.96
1727 中華化,ROA－綜合損益,3.82
1730 花仙子,ROA－綜合損益,8.68
1731 美吾華,ROA－綜合損益,2.7
1732 毛寶,ROA－綜合損益,-4.48
1733 五鼎,ROA－綜合損益,0.25
1734 杏輝,ROA－綜合損益,-2.92
1735 日勝化,ROA－綜合損益,2.15
1736 喬山,ROA－綜合損益,0.22
1737 臺鹽,ROA－綜合損益,5.02
1742 台蠟,ROA－綜合損益,-16.11
1752 南光,ROA－綜合損益,7.22
1760 寶齡富錦,ROA－綜合損益,6.4
1762 中化生,ROA－綜合損益,1.84
1773 勝一,ROA－綜合損益,13.16
1776 展宇,ROA－綜合損益,2.8
1777 生泰,ROA－綜合損益,13.03
1781 合世,ROA－綜合損益,-13.73
1783 和康生,ROA－綜合損益,-1.35
1784 訊聯,ROA－綜合損益,-0.89
1785 光洋科,ROA－綜合損益,-3.01
1786 科妍,ROA－綜合損益,-2.35
1787 福盈科,ROA－綜合損益,5.73
1788 杏昌,ROA－綜合損益,8.26
1789 神隆,ROA－綜合損益,4.64
1795 美時,ROA－綜合損益,-2.52
1796 金穎生技,ROA－綜合損益,22.01
1799 易威,ROA－綜合損益,-25.65
1802 台玻,ROA－綜合損益,-6.02
1805 寶徠,ROA－綜合損益,-7.2
1806 冠軍,ROA－綜合損益,-1.4
1808 潤隆,ROA－綜合損益,6.37
1809 中釉,ROA－綜合損益,-1.89
1810 和成,ROA－綜合損益,1.29
1813 寶利徠,ROA－綜合損益,4.37
1815 富喬,ROA－綜合損益,2.81
1817 凱撒衛,ROA－綜合損益,12.15
1902 台紙,ROA－綜合損益,-3.87
1903 士紙,ROA－綜合損益,-3.65
1904 正隆,ROA－綜合損益,0.16
1905 華紙,ROA－綜合損益,-1.31
1906 寶隆,ROA－綜合損益,42.27
1907 永豐餘,ROA－綜合損益,-2.54
1909 榮成,ROA－綜合損益,4.64
2002 中鋼,ROA－綜合損益,2.66
2006 東和鋼鐵,ROA－綜合損益,4.24
2007 燁興,ROA－綜合損益,-1.83
2008 高興昌,ROA－綜合損益,0.54
2009 第一銅,ROA－綜合損益,5.97
2010 春源,ROA－綜合損益,2.25
2012 春雨,ROA－綜合損益,0.95
2013 中鋼構,ROA－綜合損益,-0.11
2014 中鴻,ROA－綜合損益,8.99
2015 豐興,ROA－綜合損益,9.03
2017 官田鋼,ROA－綜合損益,3.54
2020 美亞,ROA－綜合損益,8.47
2022 聚亨,ROA－綜合損益,-1.06
2023 燁輝,ROA－綜合損益,1.86
2024 志聯,ROA－綜合損益,4.51
2025 千興,ROA－綜合損益,3.13
2027 大成鋼,ROA－綜合損益,0.51
2028 威致,ROA－綜合損益,5.05
2029 盛餘,ROA－綜合損益,11.19
2030 彰源,ROA－綜合損益,1.19
2031 新光鋼,ROA－綜合損益,10.7
2032 新鋼,ROA－綜合損益,3.75
2033 佳大,ROA－綜合損益,3.79
2034 允強,ROA－綜合損益,7.36
2035 唐榮,ROA－綜合損益,2.52
2038 海光,ROA－綜合損益,13.8
2049 上銀,ROA－綜合損益,2.4
2059 川湖,ROA－綜合損益,16.21
2061 風青,ROA－綜合損益,0.41
2062 橋椿,ROA－綜合損益,4.75
2063 世鎧,ROA－綜合損益,4.87
2064 晉椿,ROA－綜合損益,3.58
2065 世豐,ROA－綜合損益,20.04
2066 世德,ROA－綜合損益,14.51
2067 嘉鋼,ROA－綜合損益,-3.87
2069 運錩,ROA－綜合損益,3.19
2070 精湛,ROA－綜合損益,6.13
2101 南港,ROA－綜合損益,2.13
2102 泰豐,ROA－綜合損益,-1.7
2103 台橡,ROA－綜合損益,0.07
2104 國際中橡,ROA－綜合損益,7.27
2105 正新,ROA－綜合損益,4.81
2106 建大,ROA－綜合損益,4.21
2107 厚生,ROA－綜合損益,2.39
2108 南帝,ROA－綜合損益,6.65
2109 華豐,ROA－綜合損益,1.45
2114 鑫永銓,ROA－綜合損益,13.35
2115 六暉-KY,ROA－綜合損益,4.96
2201 裕隆,ROA－綜合損益,-0.07
2204 中華,ROA－綜合損益,3.57
2206 三陽工業,ROA－綜合損益,-2.42
2207 和泰車,ROA－綜合損益,6.71
2208 台船,ROA－綜合損益,-4.9
2221 大甲,ROA－綜合損益,6.82
2227 裕日車,ROA－綜合損益,11
2228 劍麟,ROA－綜合損益,12.99
2230 泰茂,ROA－綜合損益,-1.41
2231 為升,ROA－綜合損益,21.88
2233 宇隆,ROA－綜合損益,7.77
2235 謚源,ROA－綜合損益,12.15
2236 百達-KY,ROA－綜合損益,4.53
2239 英利-KY,ROA－綜合損益,6.02
2243 宏旭-KY,ROA－綜合損益,1.98
2301 光寶科,ROA－綜合損益,2.18
2302 麗正,ROA－綜合損益,-1.7
2303 聯電,ROA－綜合損益,-0.14
2305 全友,ROA－綜合損益,-3.74
2308 台達電,ROA－綜合損益,5.57
2312 金寶,ROA－綜合損益,-0.12
2313 華通,ROA－綜合損益,1.3
2314 台揚,ROA－綜合損益,0.46
2316 楠梓電,ROA－綜合損益,-2.22
2317 鴻海,ROA－綜合損益,4.9
2321 東訊,ROA－綜合損益,7.24
2323 中環,ROA－綜合損益,-7.61
2324 仁寶,ROA－綜合損益,2.28
2327 國巨,ROA－綜合損益,4.08
2328 廣宇,ROA－綜合損益,1.77
2329 華泰,ROA－綜合損益,2.52
2330 台積電,ROA－綜合損益,18.24
2331 精英,ROA－綜合損益,-5.49
2332 友訊,ROA－綜合損益,-5.07
2337 旺宏,ROA－綜合損益,-0.89
2338 光罩,ROA－綜合損益,-6.87
2340 光磊,ROA－綜合損益,6.61
2342 茂矽,ROA－綜合損益,-6.14
2344 華邦電,ROA－綜合損益,8.62
2345 智邦,ROA－綜合損益,9.48
2347 聯強,ROA－綜合損益,1.83
2348 海悅,ROA－綜合損益,0.54
2349 錸德,ROA－綜合損益,-10.5
2351 順德,ROA－綜合損益,6.69
2352 佳世達,ROA－綜合損益,2.95
2353 宏碁,ROA－綜合損益,-3.94
2354 鴻準,ROA－綜合損益,14.42
2355 敬鵬,ROA－綜合損益,7.7
2356 英業達,ROA－綜合損益,1.48
2357 華碩,ROA－綜合損益,7.26
2358 廷鑫,ROA－綜合損益,-14.27
2359 所羅門,ROA－綜合損益,1.73
2360 致茂,ROA－綜合損益,8.49
2362 藍天,ROA－綜合損益,-3.67
2363 矽統,ROA－綜合損益,-6.56
2364 倫飛,ROA－綜合損益,-13.39
2365 昆盈,ROA－綜合損益,-5.41
2367 燿華,ROA－綜合損益,-5.07
2368 金像電,ROA－綜合損益,-0.04
2369 菱生,ROA－綜合損益,2.05
2371 大同,ROA－綜合損益,-3.47
2373 震旦行,ROA－綜合損益,4.68
2374 佳能,ROA－綜合損益,1.22
2375 智寶,ROA－綜合損益,-11.73
2376 技嘉,ROA－綜合損益,5.28
2377 微星,ROA－綜合損益,8.47
2379 瑞昱,ROA－綜合損益,5
2380 虹光,ROA－綜合損益,-11.12
2382 廣達,ROA－綜合損益,2.66
2383 台光電,ROA－綜合損益,11.73
2385 群光,ROA－綜合損益,8.58
2387 精元,ROA－綜合損益,-0.9
2388 威盛,ROA－綜合損益,-0.88
2390 云辰,ROA－綜合損益,-2.29
2392 正崴,ROA－綜合損益,-1.78
2393 億光,ROA－綜合損益,2.62
2395 研華,ROA－綜合損益,14.41
2397 友通,ROA－綜合損益,13.11
2399 映泰,ROA－綜合損益,-1.38
2401 凌陽,ROA－綜合損益,1.05
2402 毅嘉,ROA－綜合損益,-3.47
2404 漢唐,ROA－綜合損益,9.56
2405 浩鑫,ROA－綜合損益,-2.5
2406 國碩,ROA－綜合損益,4.26
2408 南亞科,ROA－綜合損益,26.23
2409 友達,ROA－綜合損益,0.06
2412 中華電,ROA－綜合損益,8.7
2413 環科,ROA－綜合損益,-0.79
2414 精技,ROA－綜合損益,3.93
2415 錩新,ROA－綜合損益,3.71
2417 圓剛,ROA－綜合損益,-0.68
2419 仲琦,ROA－綜合損益,6.19
2420 新巨,ROA－綜合損益,8.42
2421 建準,ROA－綜合損益,4.81
2423 固緯,ROA－綜合損益,5.99
2424 隴華,ROA－綜合損益,-10.95
2425 承啟,ROA－綜合損益,2.26
2426 鼎元,ROA－綜合損益,3.63
2427 三商電,ROA－綜合損益,0.94
2428 興勤,ROA－綜合損益,8.99
2429 銘旺科,ROA－綜合損益,1.36
2430 燦坤,ROA－綜合損益,5.07
2431 聯昌,ROA－綜合損益,2.07
2433 互盛電,ROA－綜合損益,5.67
2434 統懋,ROA－綜合損益,-12.63
2436 偉詮電,ROA－綜合損益,6.71
2438 翔耀,ROA－綜合損益,3.19
2439 美律,ROA－綜合損益,12.86
2440 太空梭,ROA－綜合損益,-0.55
2441 超豐,ROA－綜合損益,13.34
2442 新美齊,ROA－綜合損益,0.18
2443 億麗,ROA－綜合損益,-15.25
2444 兆勁,ROA－綜合損益,2.91
2448 晶電,ROA－綜合損益,-6.32
2449 京元電子,ROA－綜合損益,6.06
2450 神腦,ROA－綜合損益,8.88
2451 創見,ROA－綜合損益,11.73
2453 凌群,ROA－綜合損益,1.39
2454 聯發科,ROA－綜合損益,8.23
2455 全新,ROA－綜合損益,12.64
2456 奇力新,ROA－綜合損益,4.18
2457 飛宏,ROA－綜合損益,-5.92
2458 義隆,ROA－綜合損益,6.33
2459 敦吉,ROA－綜合損益,0.93
2460 建通,ROA－綜合損益,-3.3
2461 光群雷,ROA－綜合損益,0.45
2462 良得電,ROA－綜合損益,1.24
2464 盟立,ROA－綜合損益,4.13
2465 麗臺,ROA－綜合損益,-13.89
2466 冠西電,ROA－綜合損益,-1.84
2467 志聖,ROA－綜合損益,2.2
2468 華經,ROA－綜合損益,2.83
2471 資通,ROA－綜合損益,6.34
2472 立隆電,ROA－綜合損益,2.91
2474 可成,ROA－綜合損益,8.13
2476 鉅祥,ROA－綜合損益,4.43
2477 美隆電,ROA－綜合損益,4.27
2478 大毅,ROA－綜合損益,0.06
2480 敦陽科,ROA－綜合損益,5.34
2481 強茂,ROA－綜合損益,1.8
2482 連宇,ROA－綜合損益,1.24
2483 百容,ROA－綜合損益,5.12
2484 希華,ROA－綜合損益,5.35
2485 兆赫,ROA－綜合損益,4.17
2486 一詮,ROA－綜合損益,-3.19
2488 漢平,ROA－綜合損益,13.25
2489 瑞軒,ROA－綜合損益,5.94
2491 吉祥全,ROA－綜合損益,-2.05
2492 華新科,ROA－綜合損益,5.78
2493 揚博,ROA－綜合損益,10.26
2495 普安,ROA－綜合損益,6.08
2496 卓越,ROA－綜合損益,7.02
2497 怡利電,ROA－綜合損益,-0.66
2498 宏達電,ROA－綜合損益,-11.19
2499 東貝,ROA－綜合損益,-4.28
2501 國建,ROA－綜合損益,4.12
2504 國產,ROA－綜合損益,-16.69
2505 國揚,ROA－綜合損益,0.07
2506 太設,ROA－綜合損益,1.3
2509 全坤建,ROA－綜合損益,-0.71
2511 太子,ROA－綜合損益,2.35
2514 龍邦,ROA－綜合損益,10.88
2515 中工,ROA－綜合損益,0.63
2516 新建,ROA－綜合損益,-0.22
2520 冠德,ROA－綜合損益,1.85
2524 京城,ROA－綜合損益,1.83
2527 宏璟,ROA－綜合損益,-2.12
2528 皇普,ROA－綜合損益,-1.07
2530 華建,ROA－綜合損益,6.03
2534 宏盛,ROA－綜合損益,3.21
2535 達欣工,ROA－綜合損益,3.83
2536 宏普,ROA－綜合損益,5.52
2537 聯上發,ROA－綜合損益,5.43
2538 基泰,ROA－綜合損益,-0.7
2539 櫻花建,ROA－綜合損益,11.14
2540 愛山林,ROA－綜合損益,2.71
2542 興富發,ROA－綜合損益,6.45
2543 皇昌,ROA－綜合損益,1.8
2545 皇翔,ROA－綜合損益,4.86
2546 根基,ROA－綜合損益,4.43
2547 日勝生,ROA－綜合損益,-6.56
2548 華固,ROA－綜合損益,6.53
2596 綠意,ROA－綜合損益,17.71
2597 潤弘,ROA－綜合損益,4.04
2601 益航,ROA－綜合損益,-5.06
2603 長榮,ROA－綜合損益,-4.01
2605 新興,ROA－綜合損益,1.94
2606 裕民,ROA－綜合損益,-3.6
2607 榮運,ROA－綜合損益,2.02
2608 嘉里大榮,ROA－綜合損益,9.71
2609 陽明,ROA－綜合損益,-10.34
2610 華航,ROA－綜合損益,0.01
2611 志信,ROA－綜合損益,-0.69
2612 中航,ROA－綜合損益,-0.82
2613 中櫃,ROA－綜合損益,0.82
2614 東森,ROA－綜合損益,-0.35
2615 萬海,ROA－綜合損益,1.33
2616 山隆,ROA－綜合損益,6.72
2617 台航,ROA－綜合損益,-1.84
2618 長榮航,ROA－綜合損益,2.92
2630 亞航,ROA－綜合損益,8.78
2633 台灣高鐵,ROA－綜合損益,0.85
2634 漢翔,ROA－綜合損益,6.93
2636 台驊投控,ROA－綜合損益,-0.34
2637 慧洋-KY,ROA－綜合損益,-0.67
2640 大車隊,ROA－綜合損益,5.67
2641 正德,ROA－綜合損益,-0.83
2642 宅配通,ROA－綜合損益,2.61
2643 捷迅,ROA－綜合損益,11.94
2701 萬企,ROA－綜合損益,2.74
2702 華園,ROA－綜合損益,0.66
2704 國賓,ROA－綜合損益,2.4
2705 六福,ROA－綜合損益,-3.42
2706 第一店,ROA－綜合損益,4.5
2707 晶華,ROA－綜合損益,12.58
2712 遠雄來,ROA－綜合損益,3.97
2718 晶悅,ROA－綜合損益,1.31
2719 燦星旅,ROA－綜合損益,-7.13
2722 夏都,ROA－綜合損益,8.13
2723 美食-KY,ROA－綜合損益,10.48
2724 富驛-KY,ROA－綜合損益,-32.1
2726 雅茗-KY,ROA－綜合損益,4.92
2727 王品,ROA－綜合損益,3.81
2729 瓦城,ROA－綜合損益,12.73
2731 雄獅,ROA－綜合損益,3.47
2732 六角,ROA－綜合損益,10.39
2734 易飛網,ROA－綜合損益,-6.38
2736 高野,ROA－綜合損益,2.2
2739 寒舍,ROA－綜合損益,7.97
2740 天蔥,ROA－綜合損益,-10.68
2745 五福,ROA－綜合損益,0.8
2748 雲品,ROA－綜合損益,10.05
2752 豆府,ROA－綜合損益,32.37
2801 彰銀,ROA－綜合損益,0.56
2809 京城銀,ROA－綜合損益,2.16
2812 台中銀,ROA－綜合損益,0.5
2816 旺旺保,ROA－綜合損益,0.86
2820 華票,ROA－綜合損益,0.57
2823 中壽,ROA－綜合損益,0.04
2832 台產,ROA－綜合損益,3.29
2834 臺企銀,ROA－綜合損益,0.25
2836 高雄銀,ROA－綜合損益,0.21
2838 聯邦銀,ROA－綜合損益,0.41
2841 台開,ROA－綜合損益,0.77
2845 遠東銀,ROA－綜合損益,0.54
2849 安泰銀,ROA－綜合損益,0.33
2850 新產,ROA－綜合損益,2.08
2851 中再保,ROA－綜合損益,1.63
2852 第一保,ROA－綜合損益,3.23
2855 統一證,ROA－綜合損益,0.95
2867 三商壽,ROA－綜合損益,0.46
2880 華南金,ROA－綜合損益,0.5
2881 富邦金,ROA－綜合損益,0.73
2882 國泰金,ROA－綜合損益,0.55
2883 開發金,ROA－綜合損益,0.77
2884 玉山金,ROA－綜合損益,0.57
2885 元大金,ROA－綜合損益,0.55
2886 兆豐金,ROA－綜合損益,0.56
2887 台新金,ROA－綜合損益,0.71
2888 新光金,ROA－綜合損益,0.42
2889 國票金,ROA－綜合損益,0.64
2890 永豐金,ROA－綜合損益,0.4
2891 中信金,ROA－綜合損益,0.41
2892 第一金,ROA－綜合損益,0.59
2897 王道銀行,ROA－綜合損益,0.35
2901 欣欣,ROA－綜合損益,3.12
2903 遠百,ROA－綜合損益,1.14
2904 匯僑,ROA－綜合損益,9.32
2905 三商,ROA－綜合損益,0.56
2906 高林,ROA－綜合損益,2.48
2908 特力,ROA－綜合損益,1.9
2910 統領,ROA－綜合損益,0.94
2911 麗嬰房,ROA－綜合損益,-2.07
2912 統一超,ROA－綜合損益,11.28
2913 農林,ROA－綜合損益,1.25
2915 潤泰全,ROA－綜合損益,1.97
2916 滿心,ROA－綜合損益,3.73
2923 鼎固-KY,ROA－綜合損益,-2.69
2924 東凌-KY,ROA－綜合損益,-3.23
2926 誠品生活,ROA－綜合損益,8.63
2928 紅馬-KY,ROA－綜合損益,6.8
2929 淘帝-KY,ROA－綜合損益,7.65
2936 客思達-KY,ROA－綜合損益,6.37
2937 集雅社,ROA－綜合損益,4.46
2939 凱羿-KY,ROA－綜合損益,48.97
3002 歐格,ROA－綜合損益,-0.37
3003 健和興,ROA－綜合損益,6.14
3004 豐達科,ROA－綜合損益,6.6
3005 神基,ROA－綜合損益,6.53
3006 晶豪科,ROA－綜合損益,2.93
3008 大立光,ROA－綜合損益,24.27
3010 華立,ROA－綜合損益,2.71
3011 今皓,ROA－綜合損益,-3.42
3013 晟銘電,ROA－綜合損益,4.82
3014 聯陽,ROA－綜合損益,7.61
3015 全漢,ROA－綜合損益,-0.36
3016 嘉晶,ROA－綜合損益,0.15
3017 奇鋐,ROA－綜合損益,0.81
3018 同開,ROA－綜合損益,1.07
3019 亞光,ROA－綜合損益,1.46
3021 鴻名,ROA－綜合損益,1.9
3022 威強電,ROA－綜合損益,9.22
3023 信邦,ROA－綜合損益,7.06
3024 憶聲,ROA－綜合損益,12.37
3025 星通,ROA－綜合損益,2.84
3026 禾伸堂,ROA－綜合損益,2.48
3027 盛達,ROA－綜合損益,-1.02
3028 增你強,ROA－綜合損益,0.26
3029 零壹,ROA－綜合損益,6.85
3030 德律,ROA－綜合損益,6.26
3031 佰鴻,ROA－綜合損益,3.63
3032 偉訓,ROA－綜合損益,6.42
3033 威健,ROA－綜合損益,1.69
3034 聯詠,ROA－綜合損益,11.91
3035 智原,ROA－綜合損益,3.99
3036 文曄,ROA－綜合損益,2.15
3037 欣興,ROA－綜合損益,-1.25
3038 全台,ROA－綜合損益,5.36
3040 遠見,ROA－綜合損益,4.29
3041 揚智,ROA－綜合損益,-9.97
3042 晶技,ROA－綜合損益,-1.65
3043 科風,ROA－綜合損益,-4.31
3044 健鼎,ROA－綜合損益,2.39
3045 台灣大,ROA－綜合損益,10.59
3046 建碁,ROA－綜合損益,-22.87
3047 訊舟,ROA－綜合損益,0.89
3048 益登,ROA－綜合損益,1.15
3049 和鑫,ROA－綜合損益,-2.91
3050 鈺德,ROA－綜合損益,5.5
3051 力特,ROA－綜合損益,-2.65
3052 夆典,ROA－綜合損益,0.46
3054 立萬利,ROA－綜合損益,12.21
3055 蔚華科,ROA－綜合損益,2.35
3056 總太,ROA－綜合損益,10.51
3057 喬鼎,ROA－綜合損益,-12.75
3058 立德,ROA－綜合損益,-1.48
3059 華晶科,ROA－綜合損益,-2.21
3060 銘異,ROA－綜合損益,0.27
3062 建漢,ROA－綜合損益,3.09
3064 泰偉,ROA－綜合損益,-18.38
3066 李洲,ROA－綜合損益,-10.07
3067 全域,ROA－綜合損益,-8.74
3071 協禧,ROA－綜合損益,0.06
3073 凱柏實業,ROA－綜合損益,-0.55
3078 僑威,ROA－綜合損益,9.58
3081 聯亞,ROA－綜合損益,21.69
3083 網龍,ROA－綜合損益,-7.43
3085 新零售,ROA－綜合損益,-12.99
3086 華義,ROA－綜合損益,-35.21
3088 艾訊,ROA－綜合損益,11.53
3089 元炬,ROA－綜合損益,-58.01
3090 日電貿,ROA－綜合損益,6.47
3092 鴻碩,ROA－綜合損益,8.54
3093 港建,ROA－綜合損益,6.25
3094 聯傑,ROA－綜合損益,5.15
3095 及成,ROA－綜合損益,-17.18
3105 穩懋,ROA－綜合損益,13.61
3114 好德,ROA－綜合損益,0.45
3115 寶島極,ROA－綜合損益,-1.94
3118 進階,ROA－綜合損益,9.17
3122 笙泉,ROA－綜合損益,3.51
3128 昇銳,ROA－綜合損益,0.58
3130 一零四,ROA－綜合損益,16.84
3131 弘塑,ROA－綜合損益,14.51
3141 晶宏,ROA－綜合損益,11.95
3144 新揚科,ROA－綜合損益,2.87
3147 大綜,ROA－綜合損益,3.77
3149 正達,ROA－綜合損益,-5.22
3152 璟德,ROA－綜合損益,22.61
3162 精確,ROA－綜合損益,-21.73
3163 波若威,ROA－綜合損益,9.6
3164 景岳,ROA－綜合損益,-14.65
3167 大量,ROA－綜合損益,3.75
3169 亞信,ROA－綜合損益,6.66
3171 新洲,ROA－綜合損益,4.31
3176 基亞,ROA－綜合損益,-19.05
3178 公準,ROA－綜合損益,12.18
3188 鑫龍騰,ROA－綜合損益,-4.23
3189 景碩,ROA－綜合損益,4.16
3191 和進,ROA－綜合損益,-41
3202 樺晟,ROA－綜合損益,-1.65
3205 佰研,ROA－綜合損益,20.79
3206 志豐,ROA－綜合損益,1.84
3207 耀勝,ROA－綜合損益,-1.95
3209 全科,ROA－綜合損益,2.66
3211 順達,ROA－綜合損益,0.03
3213 茂訊,ROA－綜合損益,13.08
3217 優群,ROA－綜合損益,9.03
3218 大學光,ROA－綜合損益,4.56
3219 倚強股份,ROA－綜合損益,-16.6
3221 台嘉碩,ROA－綜合損益,2.16
3224 三顧,ROA－綜合損益,-6.79
3226 至寶電,ROA－綜合損益,13.66
3227 原相,ROA－綜合損益,0.86
3228 金麗科,ROA－綜合損益,-4.68
3229 晟鈦,ROA－綜合損益,-17.01
3230 錦明,ROA－綜合損益,-9.34
3231 緯創,ROA－綜合損益,0.2
3232 昱捷,ROA－綜合損益,-11.38
3234 光環,ROA－綜合損益,5.68
3236 千如,ROA－綜合損益,6.08
3252 海灣,ROA－綜合損益,-0.75
3257 虹冠電,ROA－綜合損益,6.49
3259 鑫創,ROA－綜合損益,-8.85
3260 威剛,ROA－綜合損益,5.11
3264 欣銓,ROA－綜合損益,5.76
3265 台星科,ROA－綜合損益,8.13
3266 昇陽,ROA－綜合損益,-1.84
3268 海德威,ROA－綜合損益,-3.5
3272 東碩,ROA－綜合損益,4.46
3276 宇環,ROA－綜合損益,0.16
3284 太普高,ROA－綜合損益,6.03
3285 微端,ROA－綜合損益,3.58
3287 廣寰科,ROA－綜合損益,-7.55
3288 點晶,ROA－綜合損益,-20.44
3289 宜特,ROA－綜合損益,1.76
3290 東浦,ROA－綜合損益,-1.86
3293 鈊象,ROA－綜合損益,22.37
3294 英濟,ROA－綜合損益,-3.13
3296 勝德,ROA－綜合損益,1.83
3297 杭特,ROA－綜合損益,-1.03
3303 岱稜,ROA－綜合損益,4.4
3305 昇貿,ROA－綜合損益,1.45
3306 鼎天,ROA－綜合損益,4.2
3308 聯德,ROA－綜合損益,-1.13
3310 佳穎,ROA－綜合損益,6.93
3311 閎暉,ROA－綜合損益,-5.14
3312 弘憶股,ROA－綜合損益,0.76
3313 斐成,ROA－綜合損益,-13.65
3317 尼克森,ROA－綜合損益,2.74
3321 同泰,ROA－綜合損益,-9.16
3322 建舜電,ROA－綜合損益,-6.12
3323 加百裕,ROA－綜合損益,1.38
3324 雙鴻,ROA－綜合損益,12.69
3325 旭品,ROA－綜合損益,-1.67
3332 幸康,ROA－綜合損益,4.1
3338 泰碩,ROA－綜合損益,5.12
3339 泰谷,ROA－綜合損益,-18.78
3346 麗清,ROA－綜合損益,3.52
3354 律勝,ROA－綜合損益,-2.2
3356 奇偶,ROA－綜合損益,4.27
3360 尚立,ROA－綜合損益,1.95
3362 先進光,ROA－綜合損益,4.31
3363 上詮,ROA－綜合損益,8.86
3372 典範,ROA－綜合損益,-7.36
3373 熱映,ROA－綜合損益,0.81
3374 精材,ROA－綜合損益,-7.48
3376 新日興,ROA－綜合損益,4.74
3379 彬台,ROA－綜合損益,-3.43
3380 明泰,ROA－綜合損益,2.27
3383 新世紀,ROA－綜合損益,-31.29
3388 崇越電,ROA－綜合損益,3.69
3390 旭軟,ROA－綜合損益,-0.61
3402 漢科,ROA－綜合損益,5.08
3406 玉晶光,ROA－綜合損益,-3.85
3413 京鼎,ROA－綜合損益,11.13
3416 融程電,ROA－綜合損益,9.81
3419 譁裕,ROA－綜合損益,0.51
3426 台興,ROA－綜合損益,7.38
3432 台端,ROA－綜合損益,-3.09
3434 哲固,ROA－綜合損益,4.17
3437 榮創,ROA－綜合損益,0.98
3438 類比科,ROA－綜合損益,-1.08
3441 聯一光,ROA－綜合損益,-5.75
3443 創意,ROA－綜合損益,9.18
3444 利機,ROA－綜合損益,4.16
3450 聯鈞,ROA－綜合損益,18.39
3452 益通,ROA－綜合損益,-10.81
3454 晶睿,ROA－綜合損益,13.37
3455 由田,ROA－綜合損益,7.5
3465 進泰電子,ROA－綜合損益,-13.55
3466 致振,ROA－綜合損益,-2.15
3479 安勤,ROA－綜合損益,9.72
3481 群創,ROA－綜合損益,-1.13
3483 力致,ROA－綜合損益,0.5
3484 崧騰,ROA－綜合損益,3.43
3489 森寶,ROA－綜合損益,4.99
3490 單井,ROA－綜合損益,0.45
3491 昇達科,ROA－綜合損益,7.97
3492 長盛,ROA－綜合損益,8.21
3494 誠研,ROA－綜合損益,-3.98
3498 陽程,ROA－綜合損益,0.55
3499 環天科,ROA－綜合損益,-2.07
3501 維熹,ROA－綜合損益,6.4
3504 揚明光,ROA－綜合損益,-6.86
3508 位速,ROA－綜合損益,-20.33
3511 矽瑪,ROA－綜合損益,-13.22
3512 皇龍,ROA－綜合損益,-8.31
3515 華擎,ROA－綜合損益,0.72
3516 亞帝歐,ROA－綜合損益,-13.32
3518 柏騰,ROA－綜合損益,-17.68
3520 振維,ROA－綜合損益,-8.43
3521 鴻翊,ROA－綜合損益,0.55
3522 御頂,ROA－綜合損益,-4.8
3523 迎輝,ROA－綜合損益,-21.33
3526 凡甲,ROA－綜合損益,14.47
3527 聚積,ROA－綜合損益,7.69
3528 安馳,ROA－綜合損益,7.87
3529 力旺,ROA－綜合損益,25.16
3530 晶相光,ROA－綜合損益,13.7
3531 先益,ROA－綜合損益,1.2
3532 台勝科,ROA－綜合損益,3.3
3533 嘉澤,ROA－綜合損益,2.02
3535 晶彩科,ROA－綜合損益,0.23
3536 誠創,ROA－綜合損益,-2.31
3537 堡達,ROA－綜合損益,3.3
3540 曜越,ROA－綜合損益,2.24
3541 西柏,ROA－綜合損益,15.62
3545 敦泰,ROA－綜合損益,0.22
3546 宇峻,ROA－綜合損益,17.48
3548 兆利,ROA－綜合損益,5.41
3550 聯穎,ROA－綜合損益,-2.52
3551 世禾,ROA－綜合損益,0.18
3552 同致,ROA－綜合損益,10.1
3555 重鵬,ROA－綜合損益,21.63
3556 禾瑞亞,ROA－綜合損益,12.87
3557 嘉威,ROA－綜合損益,-8.92
3558 神準,ROA－綜合損益,11.35
3562 頂晶科,ROA－綜合損益,-23.67
3563 牧德,ROA－綜合損益,14.67
3564 其陽,ROA－綜合損益,5.98
3567 逸昌,ROA－綜合損益,14.73
3570 大塚,ROA－綜合損益,10.51
3576 聯合再生,ROA－綜合損益,-17.79
3577 泓格,ROA－綜合損益,11.23
3580 友威科,ROA－綜合損益,-7.19
3581 博磊,ROA－綜合損益,3.05
3583 辛耘,ROA－綜合損益,7.9
3587 閎康,ROA－綜合損益,10.33
3588 通嘉,ROA－綜合損益,6.17
3591 艾笛森,ROA－綜合損益,-6.12
3593 力銘,ROA－綜合損益,-12.21
3594 磐儀,ROA－綜合損益,0.04
3596 智易,ROA－綜合損益,9.11
3605 宏致,ROA－綜合損益,0.01
3607 谷崧,ROA－綜合損益,-8.05
3609 東林,ROA－綜合損益,-8.78
3611 鼎翰,ROA－綜合損益,10.7
3615 安可,ROA－綜合損益,2.91
3617 碩天,ROA－綜合損益,12.3
3622 洋華,ROA－綜合損益,-4.26
3623 富晶通,ROA－綜合損益,17.1
3624 光頡,ROA－綜合損益,2.31
3625 西勝,ROA－綜合損益,5.92
3628 盈正,ROA－綜合損益,1.93
3629 地心引力,ROA－綜合損益,-59.85
3630 新鉅科,ROA－綜合損益,-19.06
3631 晟楠,ROA－綜合損益,-3.36
3632 研勤,ROA－綜合損益,-11.4
3642 駿熠電,ROA－綜合損益,-16.13
3645 達邁,ROA－綜合損益,5.91
3646 艾恩特,ROA－綜合損益,3.28
3652 精聯,ROA－綜合損益,1.71
3653 健策,ROA－綜合損益,3.43
3661 世芯-KY,ROA－綜合損益,-6.31
3663 鑫科,ROA－綜合損益,2.63
3664 安瑞-KY,ROA－綜合損益,-8.83
3665 貿聯-KY,ROA－綜合損益,5.9
3666 光耀,ROA－綜合損益,2.61
3669 圓展,ROA－綜合損益,4.36
3672 康聯訊,ROA－綜合損益,10.47
3673 TPK-KY,ROA－綜合損益,-2
3675 德微,ROA－綜合損益,7.9
3679 新至陞,ROA－綜合損益,3.9
3680 家登,ROA－綜合損益,0.34
3682 亞太電,ROA－綜合損益,-11.91
3684 榮昌,ROA－綜合損益,11.91
3685 元創精密,ROA－綜合損益,0.12
3686 達能,ROA－綜合損益,-16.77
3687 歐買尬,ROA－綜合損益,-13.98
3689 湧德,ROA－綜合損益,0.85
3691 碩禾,ROA－綜合損益,9.84
3693 營邦,ROA－綜合損益,4.17
3694 海華,ROA－綜合損益,0.38
3698 隆達,ROA－綜合損益,-4.11
3701 大眾控,ROA－綜合損益,-1.37
3702 大聯大,ROA－綜合損益,2.03
3703 欣陸,ROA－綜合損益,3.03
3704 合勤控,ROA－綜合損益,0.37
3705 永信,ROA－綜合損益,5.05
3706 神達,ROA－綜合損益,4.26
3707 漢磊,ROA－綜合損益,-8.78
3708 上緯投控,ROA－綜合損益,-0.37
3709 鑫聯大投控,ROA－綜合損益,
3710 連展投控,ROA－綜合損益,
3711 日月光投控,ROA－綜合損益,
3712 永崴投控,ROA－綜合損益,
4102 永日,ROA－綜合損益,-11.12
4104 佳醫,ROA－綜合損益,1.41
4105 東洋,ROA－綜合損益,13.13
4106 雃博,ROA－綜合損益,-1.55
4107 邦特,ROA－綜合損益,13.77
4108 懷特,ROA－綜合損益,-9.59
4109 加捷生醫,ROA－綜合損益,-0.01
4111 濟生,ROA－綜合損益,3.84
4113 聯上,ROA－綜合損益,0.41
4114 健喬,ROA－綜合損益,1.42
4116 明基醫,ROA－綜合損益,3.02
4119 旭富,ROA－綜合損益,11.87
4120 友華,ROA－綜合損益,5.35
4121 優盛,ROA－綜合損益,-1.89
4123 晟德,ROA－綜合損益,-3.73
4126 太醫,ROA－綜合損益,11.1
4127 天良,ROA－綜合損益,-3.65
4128 中天,ROA－綜合損益,-5.65
4129 聯合,ROA－綜合損益,3.31
4130 健亞,ROA－綜合損益,6.76
4131 晶宇,ROA－綜合損益,-16.46
4133 亞諾法,ROA－綜合損益,3.89
4137 麗豐-KY,ROA－綜合損益,7.79
4138 曜亞,ROA－綜合損益,5.17
4139 馬光-KY,ROA－綜合損益,-10.68
4141 龍燈-KY,ROA－綜合損益,1.39
4142 國光生,ROA－綜合損益,-10.06
4144 康聯-KY,ROA－綜合損益,1.73
4147 中裕,ROA－綜合損益,-5.82
4148 全宇生技-KY,ROA－綜合損益,8.43
4152 台微體,ROA－綜合損益,-34.09
4153 鈺緯,ROA－綜合損益,-5.64
4154 康樂-KY,ROA－綜合損益,0.11
4155 訊映,ROA－綜合損益,5.55
4157 太景*-KY,ROA－綜合損益,-34.52
4160 創源,ROA－綜合損益,-2.13
4161 聿新科,ROA－綜合損益,-0.42
4162 智擎,ROA－綜合損益,19.15
4163 鐿鈦,ROA－綜合損益,13.25
4164 承業醫,ROA－綜合損益,0.83
4167 展旺,ROA－綜合損益,-6.22
4168 醣聯,ROA－綜合損益,-5.79
4171 瑞基,ROA－綜合損益,-7.63
4173 久裕,ROA－綜合損益,0.41
4174 浩鼎,ROA－綜合損益,-16.3
4175 杏一,ROA－綜合損益,4.16
4183 福永生技,ROA－綜合損益,8.04
4188 安克,ROA－綜合損益,-9.59
4190 佐登-KY,ROA－綜合損益,5.88
4192 杏國,ROA－綜合損益,-20.6
4198 環瑞醫,ROA－綜合損益,-33.32
4205 中華食,ROA－綜合損益,14.49
4207 環泰,ROA－綜合損益,2.25
4303 信立,ROA－綜合損益,-0.6
4304 勝昱,ROA－綜合損益,-6.93
4305 世坤,ROA－綜合損益,14
4306 炎洲,ROA－綜合損益,-2.06
4401 東隆興,ROA－綜合損益,10.82
4402 福大,ROA－綜合損益,-3.79
4406 新昕纖,ROA－綜合損益,0
4413 飛寶企業,ROA－綜合損益,-12.94
4414 如興,ROA－綜合損益,-9.57
4415 台原藥,ROA－綜合損益,-60.44
4416 三圓,ROA－綜合損益,-3.23
4417 金洲,ROA－綜合損益,8.81
4419 元勝,ROA－綜合損益,-19.89
4420 光明,ROA－綜合損益,2.29
4426 利勤,ROA－綜合損益,19.49
4429 聚紡,ROA－綜合損益,0.53
4430 耀億,ROA－綜合損益,-0.25
4432 銘旺實,ROA－綜合損益,6.76
4433 興采,ROA－綜合損益,2.5
4438 廣越,ROA－綜合損益,7.38
4502 健信,ROA－綜合損益,1.06
4503 金雨,ROA－綜合損益,3.24
4506 崇友,ROA－綜合損益,9.42
4510 高鋒,ROA－綜合損益,1.82
4513 福裕,ROA－綜合損益,-3.69
4523 永彰,ROA－綜合損益,-4.53
4526 東台,ROA－綜合損益,-0.22
4527 方土霖,ROA－綜合損益,7.91
4528 江興鍛,ROA－綜合損益,4.02
4529 淳紳,ROA－綜合損益,-10.02
4530 宏易,ROA－綜合損益,38.91
4532 瑞智,ROA－綜合損益,2.87
4533 協易機,ROA－綜合損益,0.26
4534 慶騰,ROA－綜合損益,5.2
4535 至興,ROA－綜合損益,7.34
4536 拓凱,ROA－綜合損益,4.76
4538 大詠城,ROA－綜合損益,5.11
4540 全球傳動,ROA－綜合損益,1.28
4541 晟田,ROA－綜合損益,-0.81
4542 科嶠,ROA－綜合損益,-7.3
4543 萬在,ROA－綜合損益,2.65
4545 銘鈺,ROA－綜合損益,6.18
4549 桓達,ROA－綜合損益,9.42
4550 長佳,ROA－綜合損益,4.71
4551 智伸科,ROA－綜合損益,7.05
4552 力達-KY,ROA－綜合損益,13.4
4554 橙的,ROA－綜合損益,4.81
4555 氣立,ROA－綜合損益,0.82
4556 旭然,ROA－綜合損益,-0.28
4557 永新-KY,ROA－綜合損益,9.76
4560 強信-KY,ROA－綜合損益,3.18
4561 健椿,ROA－綜合損益,2.69
4562 穎漢,ROA－綜合損益,8.65
4563 百德,ROA－綜合損益,4.68
4564 元翎,ROA－綜合損益,5.35
4566 時碩工業,ROA－綜合損益,2.91
4568 科際精密,ROA－綜合損益,17.98
4571 鈞興-KY,ROA－綜合損益,
4572 駐龍,ROA－綜合損益,11.91
4576 大銀微系統,ROA－綜合損益,0.7
4609 唐鋒,ROA－綜合損益,-1.53
4702 中美實,ROA－綜合損益,-25.8
4706 大恭,ROA－綜合損益,7.4
4707 磐亞,ROA－綜合損益,4.12
4711 永純,ROA－綜合損益,7.21
4712 南璋,ROA－綜合損益,-16.44
4714 永捷,ROA－綜合損益,6.65
4716 大立,ROA－綜合損益,2.34
4720 德淵,ROA－綜合損益,0.86
4721 美琪瑪,ROA－綜合損益,6.28
4722 國精化,ROA－綜合損益,10.38
4725 信昌化,ROA－綜合損益,-2.92
4726 永昕,ROA－綜合損益,-10.93
4728 雙美,ROA－綜合損益,-0.49
4729 熒茂,ROA－綜合損益,3.09
4735 豪展,ROA－綜合損益,10.47
4736 泰博,ROA－綜合損益,10.51
4737 華廣,ROA－綜合損益,3.73
4739 康普,ROA－綜合損益,4.07
4741 泓瀚,ROA－綜合損益,8.94
4743 合一,ROA－綜合損益,-9.46
4744 皇將,ROA－綜合損益,10.51
4745 合富-KY,ROA－綜合損益,-0.9
4746 台耀,ROA－綜合損益,10.84
4747 強生,ROA－綜合損益,6.76
4754 國碳科,ROA－綜合損益,11.28
4755 三福化,ROA－綜合損益,7.11
4760 勤凱,ROA－綜合損益,5.15
4763 材料-KY,ROA－綜合損益,9.97
4764 雙鍵,ROA－綜合損益,9.24
4766 南寶,ROA－綜合損益,9.76
4767 誠泰科技,ROA－綜合損益,1.42
4803 VHQ-KY,ROA－綜合損益,9.05
4804 大略-KY,ROA－綜合損益,9.3
4806 昇華,ROA－綜合損益,1.82
4807 日成-KY,ROA－綜合損益,19.56
4903 聯光通,ROA－綜合損益,-0.68
4904 遠傳,ROA－綜合損益,8.43
4905 台聯電,ROA－綜合損益,-22.61
4906 正文,ROA－綜合損益,0.84
4907 富宇,ROA－綜合損益,-0.06
4908 前鼎,ROA－綜合損益,6.91
4909 新復興,ROA－綜合損益,4.14
4911 德英,ROA－綜合損益,-1.68
4912 聯德控股-KY,ROA－綜合損益,0.98
4915 致伸,ROA－綜合損益,3.81
4916 事欣科,ROA－綜合損益,5.43
4919 新唐,ROA－綜合損益,11.26
4924 欣厚-KY,ROA－綜合損益,-15.34
4927 泰鼎-KY,ROA－綜合損益,1.75
4930 燦星網,ROA－綜合損益,-2.08
4931 新盛力,ROA－綜合損益,5.44
4933 友輝,ROA－綜合損益,4.09
4934 太極,ROA－綜合損益,-6.86
4935 茂林-KY,ROA－綜合損益,6.06
4938 和碩,ROA－綜合損益,2.98
4939 亞電,ROA－綜合損益,-2.13
4942 嘉彰,ROA－綜合損益,-2.29
4943 康控-KY,ROA－綜合損益,0.36
4944 兆遠,ROA－綜合損益,-15.49
4946 辣椒,ROA－綜合損益,-10.64
4947 昂寶-KY,ROA－綜合損益,13.1
4950 牧東,ROA－綜合損益,13.08
4952 凌通,ROA－綜合損益,12.86
4953 緯軟,ROA－綜合損益,1.49
4956 光鋐,ROA－綜合損益,0.21
4958 臻鼎-KY,ROA－綜合損益,-0.43
4960 誠美材,ROA－綜合損益,-9.97
4961 天鈺,ROA－綜合損益,7.28
4966 譜瑞-KY,ROA－綜合損益,13.33
4967 十銓,ROA－綜合損益,9.09
4968 立積,ROA－綜合損益,11.72
4971 IET-KY,ROA－綜合損益,4.95
4972 湯石照明,ROA－綜合損益,5.21
4973 廣穎,ROA－綜合損益,7.05
4974 亞泰,ROA－綜合損益,6.01
4976 佳凌,ROA－綜合損益,-2.16
4977 眾達-KY,ROA－綜合損益,13.7
4979 華星光,ROA－綜合損益,-3.25
4987 科誠,ROA－綜合損益,7.58
4989 榮科,ROA－綜合損益,19.88
4991 環宇-KY,ROA－綜合損益,10.7
4994 傳奇,ROA－綜合損益,-5.64
4995 晶達,ROA－綜合損益,6.19
4999 鑫禾,ROA－綜合損益,11.42
5007 三星,ROA－綜合損益,14.1
5009 榮剛,ROA－綜合損益,1.1
5011 久陽,ROA－綜合損益,2.09
5013 強新,ROA－綜合損益,5.94
5014 建錩,ROA－綜合損益,2.78
5015 華祺,ROA－綜合損益,10.7
5016 松和,ROA－綜合損益,6.81
5102 富強,ROA－綜合損益,3.81
5201 凱衛,ROA－綜合損益,-0.23
5202 力新,ROA－綜合損益,1.82
5203 訊連,ROA－綜合損益,5.23
5205 中茂,ROA－綜合損益,-36.06
5206 坤悅,ROA－綜合損益,3.21
5209 新鼎,ROA－綜合損益,5.67
5210 寶碩,ROA－綜合損益,-0.31
5211 蒙恬,ROA－綜合損益,2.6
5212 凌網,ROA－綜合損益,3.68
5213 亞昕,ROA－綜合損益,1.16
5215 科嘉-KY,ROA－綜合損益,-0.67
5220 萬達光電,ROA－綜合損益,14.06
5223 安力-KY,ROA－綜合損益,-1.67
5225 東科-KY,ROA－綜合損益,-0.64
5227 立凱-KY,ROA－綜合損益,-9.23
5230 雷笛克光學,ROA－綜合損益,-0.32
5234 達興材料,ROA－綜合損益,11.03
5243 乙盛-KY,ROA－綜合損益,-0.85
5245 智晶,ROA－綜合損益,18.47
5251 天鉞電,ROA－綜合損益,4.67
5258 虹堡,ROA－綜合損益,12.09
5259 奕智博,ROA－綜合損益,-39.04
5263 智崴,ROA－綜合損益,3.24
5264 鎧勝-KY,ROA－綜合損益,0.93
5269 祥碩,ROA－綜合損益,19.3
5272 笙科,ROA－綜合損益,6.82
5274 信驊,ROA－綜合損益,23.49
5276 達輝-KY,ROA－綜合損益,4.68
5278 尚凡,ROA－綜合損益,-32.07
5281 大峽谷-KY,ROA－綜合損益,0.61
5283 禾聯碩,ROA－綜合損益,20.3
5284 jpp-KY,ROA－綜合損益,8.09
5285 界霖,ROA－綜合損益,3
5287 數字,ROA－綜合損益,20.65
5288 豐祥-KY,ROA－綜合損益,11.79
5289 宜鼎,ROA－綜合損益,10.33
5291 邑昇,ROA－綜合損益,-1.61
5299 杰力,ROA－綜合損益,5.16
5301 寶得利,ROA－綜合損益,-9.43
5302 太欣,ROA－綜合損益,-1.55
5304 鼎創達,ROA－綜合損益,1.83
5305 敦南,ROA－綜合損益,-0.1
5306 桂盟,ROA－綜合損益,6.68
5309 系統電,ROA－綜合損益,-13.55
5310 天剛,ROA－綜合損益,-4.51
5312 寶島科,ROA－綜合損益,5.65
5314 世紀,ROA－綜合損益,-25.22
5315 光聯,ROA－綜合損益,22.01
5321 友銓,ROA－綜合損益,5.31
5324 士開,ROA－綜合損益,1.87
5328 華容,ROA－綜合損益,3.48
5340 建榮,ROA－綜合損益,1.2
5344 立衛,ROA－綜合損益,-10.37
5345 天揚,ROA－綜合損益,-12.88
5347 世界,ROA－綜合損益,16.46
5348 系通,ROA－綜合損益,-16.89
5349 先豐,ROA－綜合損益,4.85
5351 鈺創,ROA－綜合損益,-5.9
5353 台林,ROA－綜合損益,2.2
5355 佳總,ROA－綜合損益,-2.25
5356 協益,ROA－綜合損益,3.61
5364 力麗店,ROA－綜合損益,0.72
5371 中光電,ROA－綜合損益,0.14
5381 合正,ROA－綜合損益,32.12
5383 金利,ROA－綜合損益,-8.06
5386 青雲,ROA－綜合損益,7.27
5388 中磊,ROA－綜合損益,5.38
5392 應華,ROA－綜合損益,-1.66
5398 慕康生醫,ROA－綜合損益,0.96
5403 中菲,ROA－綜合損益,7.47
5410 國眾,ROA－綜合損益,5.51
5425 台半,ROA－綜合損益,7.75
5426 振發,ROA－綜合損益,3.82
5432 達威,ROA－綜合損益,3.58
5434 崇越,ROA－綜合損益,8.96
5438 東友,ROA－綜合損益,4.51
5439 高技,ROA－綜合損益,9.99
5443 均豪,ROA－綜合損益,3.63
5450 寶聯通,ROA－綜合損益,0.06
5452 佶優,ROA－綜合損益,-0.87
5455 昇益,ROA－綜合損益,-8.12
5457 宣德,ROA－綜合損益,-0.51
5460 同協,ROA－綜合損益,1.06
5464 霖宏,ROA－綜合損益,0.54
5465 富驊,ROA－綜合損益,1.68
5468 凱鈺,ROA－綜合損益,-13.47
5469 瀚宇博,ROA－綜合損益,0.63
5471 松翰,ROA－綜合損益,6.85
5474 聰泰,ROA－綜合損益,24.06
5475 德宏,ROA－綜合損益,-17.64
5478 智冠,ROA－綜合損益,3.59
5481 新華,ROA－綜合損益,8.37
5483 中美晶,ROA－綜合損益,-2.5
5484 慧友,ROA－綜合損益,0.61
5487 通泰,ROA－綜合損益,6.84
5488 松普,ROA－綜合損益,-2.66
5489 彩富,ROA－綜合損益,7.75
5490 同亨,ROA－綜合損益,14.33
5493 三聯,ROA－綜合損益,8.18
5498 凱崴,ROA－綜合損益,-1.85
5508 永信建,ROA－綜合損益,7.15
5511 德昌,ROA－綜合損益,5.77
5512 力麒,ROA－綜合損益,0.91
5514 三豐,ROA－綜合損益,3.27
5515 建國,ROA－綜合損益,-2.05
5516 雙喜,ROA－綜合損益,-4.47
5519 隆大,ROA－綜合損益,3.14
5520 力泰,ROA－綜合損益,6.01
5521 工信,ROA－綜合損益,1.4
5522 遠雄,ROA－綜合損益,3.06
5523 豐謙,ROA－綜合損益,-0.87
5525 順天,ROA－綜合損益,0.63
5529 志嘉,ROA－綜合損益,-4.66
5530 龍巖,ROA－綜合損益,3.79
5531 鄉林,ROA－綜合損益,0.08
5533 皇鼎,ROA－綜合損益,1.83
5534 長虹,ROA－綜合損益,9.77
5536 聖暉,ROA－綜合損益,4.2
5538 東明-KY,ROA－綜合損益,4.03
5543 崇佑-KY,ROA－綜合損益,-1.63
5601 台聯櫃,ROA－綜合損益,1.13
5603 陸海,ROA－綜合損益,3.9
5604 中連貨,ROA－綜合損益,3.48
5607 遠雄港,ROA－綜合損益,3.56
5608 四維航,ROA－綜合損益,-3.99
5609 中菲行,ROA－綜合損益,5.48
5701 劍湖山,ROA－綜合損益,-9.28
5703 亞都,ROA－綜合損益,1.52
5704 老爺知,ROA－綜合損益,2.07
5706 鳳凰,ROA－綜合損益,7.46
5820 日盛金,ROA－綜合損益,0.15
5864 致和證,ROA－綜合損益,5.77
5871 中租-KY,ROA－綜合損益,1.91
5876 上海商銀,ROA－綜合損益,0.9
5878 台名,ROA－綜合損益,15.1
5880 合庫金,ROA－綜合損益,0.35
5902 德記,ROA－綜合損益,2.98
5903 全家,ROA－綜合損益,5.55
5904 寶雅,ROA－綜合損益,19.19
5905 南仁湖,ROA－綜合損益,2.45
5906 台南-KY,ROA－綜合損益,-16.74
5907 大洋-KY,ROA－綜合損益,-2.57
6005 群益證,ROA－綜合損益,1.4
6015 宏遠證,ROA－綜合損益,-1.54
6016 康和證,ROA－綜合損益,-1.1
6020 大展證,ROA－綜合損益,0.49
6021 大慶證,ROA－綜合損益,-0.29
6023 元大期,ROA－綜合損益,1.57
6024 群益期,ROA－綜合損益,2.18
6026 福邦證,ROA－綜合損益,3.4
6101 寬魚國際,ROA－綜合損益,-10.65
6103 合邦,ROA－綜合損益,1.88
6104 創惟,ROA－綜合損益,9.59
6108 競國,ROA－綜合損益,2.4
6109 亞元,ROA－綜合損益,1.34
6111 大宇資,ROA－綜合損益,-18.14
6112 聚碩,ROA－綜合損益,4.88
6113 亞矽,ROA－綜合損益,5.69
6114 久威,ROA－綜合損益,12.6
6115 鎰勝,ROA－綜合損益,6.15
6116 彩晶,ROA－綜合損益,10.61
6117 迎廣,ROA－綜合損益,-7.91
6118 建達,ROA－綜合損益,0.14
6120 達運,ROA－綜合損益,-3.15
6121 新普,ROA－綜合損益,4.85
6122 擎邦,ROA－綜合損益,-1.58
6123 上奇,ROA－綜合損益,6.22
6124 業強,ROA－綜合損益,3.7
6125 廣運,ROA－綜合損益,-7.82
6126 信音,ROA－綜合損益,0.38
6127 九豪,ROA－綜合損益,-2.03
6128 上福,ROA－綜合損益,9.65
6129 普誠,ROA－綜合損益,-0.04
6130 星寶國際,ROA－綜合損益,-2.49
6131 鈞泰,ROA－綜合損益,13.97
6133 金橋,ROA－綜合損益,-2.11
6134 萬旭,ROA－綜合損益,-1.01
6136 富爾特,ROA－綜合損益,14.68
6138 茂達,ROA－綜合損益,8.94
6139 亞翔,ROA－綜合損益,1.53
6140 訊達,ROA－綜合損益,-5.19
6141 柏承,ROA－綜合損益,-5.46
6142 友勁,ROA－綜合損益,4.36
6143 振曜,ROA－綜合損益,2.8
6144 得利影,ROA－綜合損益,-9.37
6146 耕興,ROA－綜合損益,14.66
6147 頎邦,ROA－綜合損益,4.38
6148 驊宏資,ROA－綜合損益,-6.58
6150 撼訊,ROA－綜合損益,1.02
6151 晉倫,ROA－綜合損益,5.67
6152 百一,ROA－綜合損益,-2.96
6153 嘉聯益,ROA－綜合損益,-2.44
6154 順發,ROA－綜合損益,4.89
6155 鈞寶,ROA－綜合損益,1.95
6156 松上,ROA－綜合損益,3.41
6158 禾昌,ROA－綜合損益,-1.87
6160 欣技,ROA－綜合損益,6.45
6161 捷波,ROA－綜合損益,3.62
6163 華電網,ROA－綜合損益,0.96
6164 華興,ROA－綜合損益,1.73
6165 捷泰,ROA－綜合損益,-5.96
6166 凌華,ROA－綜合損益,3.1
6167 久正,ROA－綜合損益,5.29
6168 宏齊,ROA－綜合損益,-5.06
6169 昱泉,ROA－綜合損益,-31.28
6170 統振,ROA－綜合損益,-2.73
6171 亞銳士,ROA－綜合損益,1.46
6172 互億,ROA－綜合損益,1.48
6173 信昌電,ROA－綜合損益,6.85
6174 安碁,ROA－綜合損益,7.57
6175 立敦,ROA－綜合損益,-1.51
6176 瑞儀,ROA－綜合損益,1.47
6177 達麗,ROA－綜合損益,2.75
6179 亞通,ROA－綜合損益,12.65
6180 橘子,ROA－綜合損益,-3.31
6182 合晶,ROA－綜合損益,-12.06
6183 關貿,ROA－綜合損益,7.65
6184 大豐電,ROA－綜合損益,-3.07
6185 幃翔,ROA－綜合損益,5.83
6186 新潤,ROA－綜合損益,5.25
6187 萬潤,ROA－綜合損益,14.3
6188 廣明,ROA－綜合損益,0.12
6189 豐藝,ROA－綜合損益,6.02
6190 萬泰科,ROA－綜合損益,3.05
6191 精成科,ROA－綜合損益,1.58
6192 巨路,ROA－綜合損益,6.12
6194 育富,ROA－綜合損益,-7.23
6195 詩肯,ROA－綜合損益,10.22
6196 帆宣,ROA－綜合損益,3.42
6197 佳必琪,ROA－綜合損益,6.1
6198 凌泰,ROA－綜合損益,-3.95
6199 天品,ROA－綜合損益,4.37
6201 亞弘電,ROA－綜合損益,7.12
6202 盛群,ROA－綜合損益,14.44
6203 海韻電,ROA－綜合損益,9.05
6204 艾華,ROA－綜合損益,3.42
6205 詮欣,ROA－綜合損益,6.37
6206 飛捷,ROA－綜合損益,13.67
6207 雷科,ROA－綜合損益,3.12
6208 日揚,ROA－綜合損益,4.08
6209 今國光,ROA－綜合損益,-3.62
6210 慶生,ROA－綜合損益,11.16
6212 理銘,ROA－綜合損益,9.39
6213 聯茂,ROA－綜合損益,3.16
6214 精誠,ROA－綜合損益,4.63
6215 和椿,ROA－綜合損益,0.72
6216 居易,ROA－綜合損益,12.27
6217 中探針,ROA－綜合損益,5.88
6218 豪勉,ROA－綜合損益,4.73
6219 富旺,ROA－綜合損益,0.25
6220 岳豐,ROA－綜合損益,5.32
6221 晉泰,ROA－綜合損益,5.45
6222 上揚,ROA－綜合損益,-37.23
6223 旺矽,ROA－綜合損益,7.21
6224 聚鼎,ROA－綜合損益,13.42
6225 天瀚,ROA－綜合損益,-50.8
6226 光鼎,ROA－綜合損益,-1.06
6227 茂綸,ROA－綜合損益,2.96
6228 全譜,ROA－綜合損益,-8.39
6229 研通,ROA－綜合損益,2.29
6230 超眾,ROA－綜合損益,11.78
6231 系微,ROA－綜合損益,-4.83
6233 旺玖,ROA－綜合損益,-5.9
6234 高僑,ROA－綜合損益,-0.06
6235 華孚,ROA－綜合損益,37.31
6236 康呈,ROA－綜合損益,-10.2
6237 驊訊,ROA－綜合損益,4.71
6238 勝麗,ROA－綜合損益,24.81
6239 力成,ROA－綜合損益,7.73
6240 松崗,ROA－綜合損益,2.32
6241 易通展,ROA－綜合損益,-8.55
6242 立康,ROA－綜合損益,11.37
6243 迅杰,ROA－綜合損益,-10.85
6244 茂迪,ROA－綜合損益,-3.94
6245 立端,ROA－綜合損益,7.7
6246 臺龍,ROA－綜合損益,22.69
6247 淇譽電,ROA－綜合損益,-2.14
6248 沛波,ROA－綜合損益,3.82
6251 定穎,ROA－綜合損益,-2.65
6257 矽格,ROA－綜合損益,5.94
6259 百徽,ROA－綜合損益,-63.02
6261 久元,ROA－綜合損益,3.1
6263 普萊德,ROA－綜合損益,18.98
6264 富裔,ROA－綜合損益,0.05
6265 方土昶,ROA－綜合損益,-0.92
6266 泰詠,ROA－綜合損益,1.39
6269 台郡,ROA－綜合損益,8.88
6270 倍微,ROA－綜合損益,0.27
6271 同欣電,ROA－綜合損益,6.45
6274 台燿,ROA－綜合損益,5.42
6275 元山,ROA－綜合損益,2.88
6276 安鈦克,ROA－綜合損益,-8.99
6277 宏正,ROA－綜合損益,12.94
6278 台表科,ROA－綜合損益,0.34
6279 胡連,ROA－綜合損益,12.37
6281 全國電,ROA－綜合損益,8.99
6282 康舒,ROA－綜合損益,2.17
6283 淳安,ROA－綜合損益,3.04
6284 佳邦,ROA－綜合損益,-0.81
6285 啟碁,ROA－綜合損益,6.03
6287 元隆,ROA－綜合損益,-16.33
6288 聯嘉,ROA－綜合損益,2.11
6289 華上,ROA－綜合損益,-16.91
6290 良維,ROA－綜合損益,4.63
6291 沛亨,ROA－綜合損益,-9.84
6292 迅德,ROA－綜合損益,7.94
6294 智基,ROA－綜合損益,24.95
6404 通訊-KY,ROA－綜合損益,-21.46
6405 悅城,ROA－綜合損益,0.1
6409 旭隼,ROA－綜合損益,19
6411 晶焱,ROA－綜合損益,14.19
6412 群電,ROA－綜合損益,6.59
6414 樺漢,ROA－綜合損益,11.41
6415 矽力-KY,ROA－綜合損益,15.77
6416 瑞祺電通,ROA－綜合損益,16.64
6417 韋僑,ROA－綜合損益,9.76
6418 詠昇,ROA－綜合損益,7.85
6419 京晨科,ROA－綜合損益,-4.11
6425 易發,ROA－綜合損益,-0.99
6426 統新,ROA－綜合損益,11.42
6431 光麗-KY,ROA－綜合損益,-38.29
6432 今展科,ROA－綜合損益,2.57
6435 大中,ROA－綜合損益,13.12
6438 迅得,ROA－綜合損益,3.64
6441 廣錠,ROA－綜合損益,15.83
6442 光聖,ROA－綜合損益,5.99
6443 元晶,ROA－綜合損益,0.21
6446 藥華藥,ROA－綜合損益,-30.6
6449 鈺邦,ROA－綜合損益,5.52
6451 訊芯-KY,ROA－綜合損益,5.28
6452 康友-KY,ROA－綜合損益,7.12
6456 GIS-KY,ROA－綜合損益,4.33
6457 紘康,ROA－綜合損益,8.41
6461 益得,ROA－綜合損益,-6.88
6462 神盾,ROA－綜合損益,5.65
6464 台數科,ROA－綜合損益,6.21
6465 威潤,ROA－綜合損益,12.01
6469 大樹,ROA－綜合損益,8.64
6470 宇智,ROA－綜合損益,12.7
6472 保瑞,ROA－綜合損益,3.05
6477 安集,ROA－綜合損益,-1.64
6482 弘煜科,ROA－綜合損益,3.68
6485 點序,ROA－綜合損益,12.03
6486 互動,ROA－綜合損益,8.18
6488 環球晶,ROA－綜合損益,2.12
6491 晶碩,ROA－綜合損益,10.02
6492 生華科,ROA－綜合損益,-40.07
6494 九齊,ROA－綜合損益,16.56
6496 科懋,ROA－綜合損益,13.99
6497 亞獅康-KY　,ROA－綜合損益,-18.58
6499 益安,ROA－綜合損益,-16.29
6504 南六,ROA－綜合損益,6.34
6505 台塑化,ROA－綜合損益,18.35
6506 雙邦,ROA－綜合損益,9.68
6508 惠光,ROA－綜合損益,3.58
6509 聚和,ROA－綜合損益,-0.88
6510 精測,ROA－綜合損益,20.94
6512 啟發電,ROA－綜合損益,10.58
6514 芮特-KY,ROA－綜合損益,-0.01
6516 勤崴國際,ROA－綜合損益,4.68
6523 達爾膚,ROA－綜合損益,18.66
6525 捷敏-KY,ROA－綜合損益,12.72
6530 創威,ROA－綜合損益,6.5
6531 愛普,ROA－綜合損益,12.89
6532 瑞耘,ROA－綜合損益,6.67
6533 晶心科,ROA－綜合損益,-3.82
6535 順藥,ROA－綜合損益,-32.47
6538 倉和,ROA－綜合損益,4.27
6541 泰福-KY,ROA－綜合損益,-49.75
6542 隆中,ROA－綜合損益,7.84
6547 高端疫苗,ROA－綜合損益,-12.08
6548 長科*,ROA－綜合損益,7.82
6552 易華電,ROA－綜合損益,7.86
6556 勝品,ROA－綜合損益,2.15
6558 興能高,ROA－綜合損益,7.7
6560 欣普羅,ROA－綜合損益,11.16
6561 是方,ROA－綜合損益,22.35
6568 宏觀,ROA－綜合損益,21.54
6569 醫揚,ROA－綜合損益,19.28
6570 維田,ROA－綜合損益,8.52
6573 虹揚-KY,ROA－綜合損益,4.81
6574 霈方,ROA－綜合損益,30.8
6576 逸達,ROA－綜合損益,-60.28
6577 勁豐,ROA－綜合損益,13.79
6578 達邦蛋白,ROA－綜合損益,6.97
6579 研揚,ROA－綜合損益,13.47
6581 鋼聯,ROA－綜合損益,23.72
6582 申豐,ROA－綜合損益,20.8
6589 台康生技,ROA－綜合損益,-10.01
6590 普鴻,ROA－綜合損益,8.69
6591 動力-KY,ROA－綜合損益,13.33
6593 台灣銘板,ROA－綜合損益,4.95
6594 展匯科,ROA－綜合損益,15.8
6596 寬宏藝術,ROA－綜合損益,6.85
6603 富強鑫,ROA－綜合損益,0.54
6605 帝寶,ROA－綜合損益,3.72
6609 瀧澤科,ROA－綜合損益,1.47
6612 奈米醫材,ROA－綜合損益,6.95
6613 朋億,ROA－綜合損益,6.57
6615 慧智,ROA－綜合損益,14.13
6616 特昇-KY,ROA－綜合損益,3.87
6624 萬年清,ROA－綜合損益,3.41
6625 必應,ROA－綜合損益,6.12
6629 泰金-KY,ROA－綜合損益,18.55
6640 均華,ROA－綜合損益,6.01
6641 基士德-KY,ROA－綜合損益,1.38
6642 富致,ROA－綜合損益,10.12
6643 M31,ROA－綜合損益,30.2
6649 台生材,ROA－綜合損益,-24.97
6654 天正國際,ROA－綜合損益,8.46
6655 科定,ROA－綜合損益,6.21
6662 樂斯科,ROA－綜合損益,12.21
6664 群翊,ROA－綜合損益,5.22
6666 羅麗芬-KY,ROA－綜合損益,23.59
6667 信紘科,ROA－綜合損益,7.58
6668 中揚光,ROA－綜合損益,15.16
6669 緯穎,ROA－綜合損益,3.5
6670 復盛應用,ROA－綜合損益,14.6
6671 三能-KY,ROA－綜合損益,11.56
6672 騰輝電子-KY,ROA－綜合損益,5.34
6674 鋐寶科技,ROA－綜合損益,3.86
6679 鈺太,ROA－綜合損益,3.22
6680 鑫創電子,ROA－綜合損益,22.6
6683 雍智科技,ROA－綜合損益,20.38
6803 崑鼎,ROA－綜合損益,18.68
7402 邑錡,ROA－綜合損益,9.26
8011 台通,ROA－綜合損益,-0.03
8016 矽創,ROA－綜合損益,15.61
8021 尖點,ROA－綜合損益,-0.95
8024 佑華,ROA－綜合損益,0.43
8027 鈦昇,ROA－綜合損益,-8.55
8028 昇陽半導體,ROA－綜合損益,7.17
8032 光菱,ROA－綜合損益,4.04
8033 雷虎,ROA－綜合損益,-15.68
8034 榮群,ROA－綜合損益,5.66
8038 長園科,ROA－綜合損益,-5.29
8039 台虹,ROA－綜合損益,2.96
8040 九暘,ROA－綜合損益,-0.82
8042 金山電,ROA－綜合損益,6.03
8043 蜜望實,ROA－綜合損益,2.52
8044 網家,ROA－綜合損益,8
8046 南電,ROA－綜合損益,-6.02
8047 星雲,ROA－綜合損益,1.43
8048 德勝,ROA－綜合損益,13.55
8049 晶采,ROA－綜合損益,11.29
8050 廣積,ROA－綜合損益,14.51
8054 安國,ROA－綜合損益,0.55
8059 凱碩,ROA－綜合損益,0.19
8064 東捷,ROA－綜合損益,3.07
8066 來思達,ROA－綜合損益,20.17
8067 志旭,ROA－綜合損益,-2.29
8068 全達,ROA－綜合損益,4.77
8069 元太,ROA－綜合損益,4.2
8070 長華,ROA－綜合損益,5.87
8071 能率網通,ROA－綜合損益,0.5
8072 陞泰,ROA－綜合損益,1.3
8074 鉅橡,ROA－綜合損益,7.04
8076 伍豐,ROA－綜合損益,-5.52
8077 洛碁,ROA－綜合損益,-5.48
8080 永利聯合,ROA－綜合損益,-5.92
8081 致新,ROA－綜合損益,8.54
8083 瑞穎,ROA－綜合損益,25.44
8084 巨虹,ROA－綜合損益,1.79
8085 福華,ROA－綜合損益,8.55
8086 宏捷科,ROA－綜合損益,10.71
8087 華鎂鑫,ROA－綜合損益,0.22
8088 品安,ROA－綜合損益,6.03
8091 翔名,ROA－綜合損益,7.06
8092 建暐,ROA－綜合損益,-3.08
8093 保銳,ROA－綜合損益,0.36
8096 擎亞,ROA－綜合損益,-0.49
8097 常珵,ROA－綜合損益,3.81
8099 大世科,ROA－綜合損益,3.63
8101 華冠,ROA－綜合損益,-11.73
8103 瀚荃,ROA－綜合損益,2.64
8104 錸寶,ROA－綜合損益,14.25
8105 凌巨,ROA－綜合損益,3.21
8107 大億金茂,ROA－綜合損益,-2.02
8109 博大,ROA－綜合損益,11.98
8110 華東,ROA－綜合損益,3.57
8111 立碁,ROA－綜合損益,-4.49
8112 至上,ROA－綜合損益,5.07
8114 振樺電,ROA－綜合損益,12.14
8121 越峰,ROA－綜合損益,-16.1
8131 福懋科,ROA－綜合損益,12.09
8147 正淩,ROA－綜合損益,4.2
8150 南茂,ROA－綜合損益,3.08
8155 博智,ROA－綜合損益,8.09
8163 達方,ROA－綜合損益,0.46
8171 天宇,ROA－綜合損益,-6.74
8176 智捷,ROA－綜合損益,-2.78
8182 加高,ROA－綜合損益,0.73
8183 精星,ROA－綜合損益,2.52
8201 無敵,ROA－綜合損益,-10.12
8210 勤誠,ROA－綜合損益,9.57
8213 志超,ROA－綜合損益,0
8215 明基材,ROA－綜合損益,-5.58
8222 寶一,ROA－綜合損益,4.72
8234 新漢,ROA－綜合損益,4.38
8240 華宏,ROA－綜合損益,-10.07
8249 菱光,ROA－綜合損益,1.63
8255 朋程,ROA－綜合損益,13.16
8261 富鼎,ROA－綜合損益,3.84
8271 宇瞻,ROA－綜合損益,8.76
8277 商丞,ROA－綜合損益,-10.53
8279 生展,ROA－綜合損益,9.65
8287 英格爾,ROA－綜合損益,5.2
8289 泰藝,ROA－綜合損益,-1.78
8291 尚茂,ROA－綜合損益,-5.63
8299 群聯,ROA－綜合損益,16.18
8341 日友,ROA－綜合損益,17.78
8342 益張,ROA－綜合損益,13.32
8349 恒耀,ROA－綜合損益,2.61
8354 冠好,ROA－綜合損益,1.94
8358 金居,ROA－綜合損益,11.15
8367 建新國際,ROA－綜合損益,4.06
8374 羅昇,ROA－綜合損益,-0.84
8383 千附,ROA－綜合損益,11.33
8390 金益鼎,ROA－綜合損益,-1.85
8401 白紗科,ROA－綜合損益,0.4
8403 盛弘,ROA－綜合損益,3.76
8404 百和興業-KY,ROA－綜合損益,1.05
8406 金可-KY,ROA－綜合損益,4.51
8409 商之器,ROA－綜合損益,-18.03
8410 森田,ROA－綜合損益,5.45
8411 福貞-KY,ROA－綜合損益,-2.54
8415 大國鋼,ROA－綜合損益,1.09
8416 實威,ROA－綜合損益,18.39
8418 捷必勝-KY,ROA－綜合損益,-3.39
8420 明揚,ROA－綜合損益,11.19
8421 旭源,ROA－綜合損益,5.76
8422 可寧衛,ROA－綜合損益,24.37
8423 保綠-KY,ROA－綜合損益,-2.76
8424 惠普,ROA－綜合損益,11.96
8426 紅木-KY,ROA－綜合損益,14.16
8427 基勝-KY,ROA－綜合損益,8.45
8429 金麗-KY,ROA－綜合損益,4.94
8431 匯鑽科,ROA－綜合損益,-9.74
8432 東生華,ROA－綜合損益,11.13
8433 弘帆,ROA－綜合損益,15.64
8435 鉅邁,ROA－綜合損益,8.09
8436 大江,ROA－綜合損益,11.82
8437 大地-KY,ROA－綜合損益,5.58
8440 綠電,ROA－綜合損益,3.8
8442 威宏-KY,ROA－綜合損益,-0.11
8443 阿瘦,ROA－綜合損益,0.52
8444 綠河-KY,ROA－綜合損益,11.01
8446 華研,ROA－綜合損益,13.07
8450 霹靂,ROA－綜合損益,4.77
8454 富邦媒,ROA－綜合損益,11.19
8455 大拓-KY,ROA－綜合損益,5.04
8462 柏文,ROA－綜合損益,10.45
8463 潤泰材,ROA－綜合損益,3.8
8464 億豐,ROA－綜合損益,18.03
8466 美吉吉-KY,ROA－綜合損益,13.26
8467 波力-KY,ROA－綜合損益,-3.72
8472 夠麻吉,ROA－綜合損益,5.29
8473 山林水,ROA－綜合損益,6.15
8476 台境,ROA－綜合損益,4.2
8477 創業家,ROA－綜合損益,7.89
8478 東哥遊艇,ROA－綜合損益,9.58
8480 泰昇-KY,ROA－綜合損益,24.84
8481 政伸,ROA－綜合損益,10.46
8482 商億-KY,ROA－綜合損益,26.58
8488 吉源-KY,ROA－綜合損益,0.85
8489 三貝德,ROA－綜合損益,10.13
8497 格威傳媒,ROA－綜合損益,12.4
8499 鼎炫-KY,ROA－綜合損益,17.38
8905 裕國,ROA－綜合損益,10.74
8906 花王,ROA－綜合損益,-2.65
8908 欣雄,ROA－綜合損益,5.48
8913 全銓,ROA－綜合損益,8.61
8916 光隆,ROA－綜合損益,7.08
8917 欣泰,ROA－綜合損益,4.71
8921 沈氏,ROA－綜合損益,4.07
8923 時報,ROA－綜合損益,3.94
8924 大田,ROA－綜合損益,-7.24
8926 台汽電,ROA－綜合損益,6.31
8927 北基,ROA－綜合損益,1.69
8928 鉅明,ROA－綜合損益,4.32
8929 富堡,ROA－綜合損益,8.49
8930 青鋼,ROA－綜合損益,1.12
8931 大汽電,ROA－綜合損益,3.1
8932 宏大,ROA－綜合損益,-0.05
8933 愛地雅,ROA－綜合損益,-0.46
8934 衡平,ROA－綜合損益,0.82
8935 邦泰,ROA－綜合損益,-13.3
8936 國統,ROA－綜合損益,-7.21
8937 合騏,ROA－綜合損益,-0.77
8938 明安,ROA－綜合損益,4.98
8940 新天地,ROA－綜合損益,0.67
8941 關中,ROA－綜合損益,-0.08
8942 森鉅,ROA－綜合損益,9.48
8996 高力,ROA－綜合損益,8.82
9103 美德醫療-DR,ROA－綜合損益,1.28
910322 康師傅-DR,ROA－綜合損益,-1.52
910482 聖馬丁-DR,ROA－綜合損益,-10.86
9105 泰金寶-DR,ROA－綜合損益,0.56
910861 神州-DR,ROA－綜合損益,-0.03
9110 越南控-DR,ROA－綜合損益,-0.42
911608 明輝-DR,ROA－綜合損益,-12.13
911613 特藝-DR,ROA－綜合損益,
911616 杜康-DR,ROA－綜合損益,-0.46
911622 泰聚亨-DR,ROA－綜合損益,1.26
911868 同方友友-DR,ROA－綜合損益,2.89
912000 晨訊科-DR,ROA－綜合損益,3.51
912398 友佳-DR,ROA－綜合損益,4
9136 巨騰-DR,ROA－綜合損益,-0.63
9157 陽光能源-DR,ROA－綜合損益,-5.37
9188 精熙-DR,ROA－綜合損益,1.46
9802 鈺齊-KY,ROA－綜合損益,2.12
9902 台火,ROA－綜合損益,-1.15
9904 寶成,ROA－綜合損益,6.85
9905 大華,ROA－綜合損益,3.23
9906 欣巴巴,ROA－綜合損益,1.6
9907 統一實,ROA－綜合損益,-0.3
9908 大台北,ROA－綜合損益,6.92
9910 豐泰,ROA－綜合損益,12.95
9911 櫻花,ROA－綜合損益,10.43
9912 偉聯,ROA－綜合損益,-2.43
9914 美利達,ROA－綜合損益,6.1
9917 中保,ROA－綜合損益,3.09
9918 欣天然,ROA－綜合損益,5.32
9919 康那香,ROA－綜合損益,-10.65
9921 巨大,ROA－綜合損益,4.28
9924 福興,ROA－綜合損益,8.86
9925 新保,ROA－綜合損益,9.95
9926 新海,ROA－綜合損益,5.63
9927 泰銘,ROA－綜合損益,10.71
9928 中視,ROA－綜合損益,-6.29
9929 秋雨,ROA－綜合損益,6.41
9930 中聯資源,ROA－綜合損益,9.34
9931 欣高,ROA－綜合損益,3.16
9933 中鼎,ROA－綜合損益,4.17
9934 成霖,ROA－綜合損益,-8.21
9935 慶豐富,ROA－綜合損益,1.24
9937 全國,ROA－綜合損益,9.37
9938 百和,ROA－綜合損益,7.21
9939 宏全,ROA－綜合損益,0.78
9940 信義,ROA－綜合損益,2.37
9941 裕融,ROA－綜合損益,1.29
9942 茂順,ROA－綜合損益,9.93
9943 好樂迪,ROA－綜合損益,15.01
9944 新麗,ROA－綜合損益,-0.26
9945 潤泰新,ROA－綜合損益,5.12
9946 三發地產,ROA－綜合損益,3.79
9949 琉園,ROA－綜合損益,-5.94
9950 萬國通,ROA－綜合損益,0.45
9951 皇田,ROA－綜合損益,15.21
9955 佳龍,ROA－綜合損益,-4
9958 世紀鋼,ROA－綜合損益,0.47
9960 邁達康,ROA－綜合損益,0.29
9962 有益,ROA－綜合損益,5.78